prioridad,producto,multiunidad,razon_social,establecimientos,tamano,sector,actividad,correo,correo_nominal,telefono,web,colonia,cp
88,03 Expediente Vivo,no,QUESOS Y QUESOS SA DE CV,5,251+,Manufactura,Elaboración de derivados y fermentos lácteos,MSANCHEZ@QUESOSYQUESOS.COM.MX,no,,QUESOSYQUESOS.COM,CUARTEL ZONA,83137
88,03 Expediente Vivo,sí,SERVICIOS ADMINISTRATIVOS OSLO SA DE CV,44,251+,Hospedaje y alimentos,"Cafeterías, fuentes de sodas, neverías, refresquerías y similares",OBED.CONTLA@CAFFENIO.COM,sí,,WWW.CAFFENIO.COM,HERMOSILLO CENTRO,
82,03 Expediente Vivo,no,SONORA S PLAN S DE RL DE CV,4,251+,Manufactura,Fabricación de componentes electrónicos,CIBARRA@COLLECTRON.COM,no,,WWW.SONITRONIES.COM,LATITUD,
81,03 Expediente Vivo,sí,QAR SUPERMERCADOS SAPI DE CV,7,101-250,Comercio menudeo,Comercio al por menor en supermercados,CARLOS.LUNA@ABARREY.COM,sí,6622615500,WWW.ABARREY.COM,ARBOLEDAS SECCION LOS FRESNOS,
81,03 Expediente Vivo,no,SEC,14,101-250,Educación,Escuelas del sector público de educación para necesidades especiales,CAMENUMERO7@GMAIL.COM,no,6622202315,WWW.CECYTIS.EDU,CENTRO,83340
81,03 Expediente Vivo,sí,DAQU DE SONORA SA DE CV,17,101-250,Hospedaje y alimentos,"Cafeterías, fuentes de sodas, neverías, refresquerías y similares",GCOLORES@GGEF.MX,no,6621578274,WWW.DAIRYQUEEN.COM.MX,COLINAS DEL BACHOCO,
79,03 Expediente Vivo,no,AMP AMERMEX SA DE CV,3,251+,Manufactura,Fabricación de componentes electrónicos,BENJAMIN.GARCIA@TE.COM,sí,6622982320,WWW.TECONNECTIVITY.COM,EL LLANO,
79,03 Expediente Vivo,sí,ALBATROS AUTOBUSES SA DE CV,3,251+,Transportes,Transporte colectivo foráneo de pasajeros de ruta fija,DESPACHOBAZ@GMAIL.COM,no,6622138224,ALBATROSAUTOBUSES.COM,REVOLUCION UNO,83078
78,03 Expediente Vivo,no,PROVEEDOR DEL HERRERO DEL NOROESTE SAPI DE CV,5,101-250,Comercio mayoreo,Comercio al por mayor de materiales metálicos para la construcción y l,CARLOS.SALAZAR@PROHENOSA.MX,sí,,,SOLIDARIDAD,
78,03 Expediente Vivo,sí,TORNILLOS Y MANGUERAS DE SONORA SA DE CV,5,101-250,Comercio menudeo,Comercio al por menor en ferreterías y tlapalerías,JSALAZAR@TOMASON.COM.MX,no,,WWW.TOMASON.COM.MX,OLIVARES,83180
76,03 Expediente Vivo,no,PECUARIA SONORENSE SA DE CV,3,251+,Agro,Servicios relacionados con la cría y explotación de animales,CONTADOR@AGROVAL.MX,no,,,LA COSTA,83344
76,03 Expediente Vivo,no,SONORA AGROPECUARIA SA DE CV,3,251+,Manufactura,Elaboración de alimentos para animales,LINDA.MORA@BACHOCO.NET,sí,,WWW.BACHOCO.COM,PARQUE INDUSTRIAL,83299
76,03 Expediente Vivo,no,LATECOERE MEXICO SA,3,251+,Manufactura,Fabricación de equipo aeroespacial,GLADISVANESSA.MORENOMORALES@LATECOERE.AERO,sí,,WWW.LATECOERE.AERO,LA MANGA,
73,03 Expediente Vivo,no,CT INTERNACIONAL DEL NOROESTE SA,2,251+,Comercio mayoreo,"Comercio al por mayor de mobiliario, equipo, y accesorios de cómputo",HECTOR.CUEN@CTIN.COM.MX,sí,6621110469,WWW.CTONLINE.COM,CENTRO,
72,03 Expediente Vivo,sí,CLUB DE GOLF LOS LAGOS SA DE CV,4,101-250,Esparcimiento,Campos de golf,CONTABILIDAD@LOSLAGOS.COM.MX,no,,WWW.LOSLAGOSCLUBCAMPESTRE.COM,LOS LAGOS,83245
71,03 Expediente Vivo,no,HIELERIA VERACRUZ SA DE CV,5,51-100,Manufactura,Elaboración de hielo,HVERACRUZ@GMAIL.COM,no,6621201908,WWW.HIELERIAERACRUZ.COM,EL LLANO,
71,03 Expediente Vivo,sí,ESTACION PIRU SA DE CV,15,51-100,Comercio menudeo,Comercio al por menor de gasolina y diesel,ATENCION.CLIENTES@RENDILITROS.COM,sí,6632029176,WWW.RENDICHICAS.COM,EL LLANO,
70,03 Expediente Vivo,no,FRIGORIFICA SONORENSE DJ SA DE CV,2,251+,Manufactura,"Corte y empacado de carne de ganado, aves y otros animales comestibles",JESUS.SOTO@CARNESJC.COM,sí,,WWW.CARNESJC.COM,NINGUNO,
70,03 Expediente Vivo,no,CELULOSA Y CORRUGADOS DE SONORA SA DE CV,2,251+,Manufactura,Fabricación de envases de cartón,IANTELO@CECSO.COM.MX,no,,WWW.CESO.MX,PARQUE INDUSTRIAL,83299
70,03 Expediente Vivo,no,IMPRESORA Y EDITORIAL SA DE CV,2,251+,Manufactura,"Impresión de libros, periódicos y revistas",MLONG@ELIMPARCIAL.COM,no,,WWW.ELIMPARCIAL.COM,CENTRO,
70,03 Expediente Vivo,no,IACNA HERMOSILLO S DE R.L DE C.V SA,2,251+,Manufactura,Fabricación de autopartes de plástico con y sin reforzamiento,XMIRANDA@IACGROUP.COM,no,,,PARQUE INDUSTRIAL DYNATECH SUR,83299
70,03 Expediente Vivo,no,FAURECIA SISTEMAS AUTOMOTRICES DE MEXICO SA DE CV,2,251+,Manufactura,Fabricación de otras partes para vehículos automotrices,JUANCARLOS.VAZQUEZ@FAURECIA.COM,sí,,WWW.FAURECIA.COM,DYNATECH SUR,83297
70,03 Expediente Vivo,no,MARTINREA AUTOMOTIVE STRUCTURES SA,2,251+,Manufactura,Fabricación de partes de sistemas de dirección y de suspensión para ve,ALEJANDRO.RIOS@MARTINREA.COM,sí,,WWW.MARTINREA.COM,DYNATECH SUR,83297
70,03 Expediente Vivo,no,NORTH AMERICAN INTERCONNECT S DE RL DE CV,2,251+,Manufactura,Fabricación de cables de conducción eléctrica,ARAMOS@NAI-GROUP.COM,no,,WWW.NAI-GROUP.COM,PALO VERDE,83280
70,03 Expediente Vivo,no,CITRUS GAME SAPI DE CV,2,251+,Comercio mayoreo,Comercio al por mayor de frutas y verduras frescas,JOELENCINAS@CITRUSGAME.COM.MX,no,,WWW.CITRUSGAMES.COM.MX,LA MANGA,83174
70,03 Expediente Vivo,no,COMESTIBLES MALDONADO SA DE CV,2,251+,Comercio mayoreo,Comercio al por mayor de frutas y verduras frescas,MQUIROZ@C-MALDONADO.COM,no,,WWW.COMESTIBLESMALDONADO.COM,TIERRA Y LIBERTAD,83130
70,03 Expediente Vivo,sí,MOVILIDAD INTEGRAL DE HERMOSILLO SA DE CV,2,251+,Transportes,Transporte colectivo urbano y suburbano de pasajeros en autobuses de r,JTORRES@CI-SA.COM.MX,no,,,ISSSTESON LUX CENTENARIO,83278
70,03 Expediente Vivo,sí,TRANSPORTES PITIC SA DE CV,2,251+,Transportes,Otro autotransporte foráneo de carga general,AMORENO@TPITIC.COM.MX,no,,WWW.TRANSPORTESPITIC.COM.MX,LOS NARANJOS,83100
70,03 Expediente Vivo,no,VANGTEL MEXICO SA DE CV,2,251+,Apoyo a negocios,Servicios de recepción de llamadas telefónicas y promoción por teléfon,ROSSY.RENDON@INTUGO.COM,sí,,WWW.INTUGO.COM,SAHUARO,83178
70,03 Expediente Vivo,no,ONLINE WORLD COMUNICACIONES SA DE CV,2,251+,Apoyo a negocios,Servicios de recepción de llamadas telefónicas y promoción por teléfon,PHERRERA@ONLINEWORL.COM.MX,no,,,ZONA CUARTEL,83137
70,03 Expediente Vivo,no,UNIVERSIDAD KINO AC,2,251+,Educación,Escuelas de educación media superior del sector privado,CCARLOS@UNIKINO.EDU.MX,no,,WWW.UNIKINO.MX,CASA BLANCA,83079
70,03 Expediente Vivo,no,UNIVERSIDAD TECNOLOGICA DE HERMOSILLO SONORA,2,251+,Educación,Escuelas de educación superior del sector público,RECTORIA@UTHERMOSILLO.EDU.MX,no,,WWW.UTHERMOSILLO.EDU.MX,PARQUE INDUSTRIAL,83299
70,03 Expediente Vivo,sí,CENTRO MEDICO DEL NOROESTE SA DE CV,2,251+,Salud,Hospitales del sector privado de otras especialidades médicas,LGRACIA@CLINICADELNOROESTE.COM,no,,WWW.CLINICADELNOROESTA.COM,CENTRO,83000
69,03 Expediente Vivo,no,COMPAÑIA INDUSTRIAL HANKA SA DE CV,3,101-250,Manufactura,Fabricación de explosivos,NORMA.PAEZ@HANKA.COM.MX,sí,6622100295,WWW.HANKA.COM.MX,JESUS GARCIA,83347
68,03 Expediente Vivo,no,DISTRIBUCIONES DANA SA DE CV,5,51-100,Comercio mayoreo,"Comercio al por mayor de cigarros, puros y tabaco",JSAMANIEGO@DISTRIBUCIONESDANA.COM,no,,WWW.DISTRIBUCIONESDANA.COM,QUINTA EMILIA,
68,03 Expediente Vivo,sí,K S COMERCIAL SA DE CV,5,51-100,Comercio menudeo,Comercio al por menor en ferreterías y tlapalerías,FPRADO@KURODA.COM,no,,WWW.KURODA.COM,PIMENTEL,
68,03 Expediente Vivo,sí,MAYOREO DE AUTOPARTES Y ACEITES SA DE CV,6,51-100,Comercio menudeo,"Comercio al por menor de partes y refacciones nuevas para automóviles,",HERMOSILLO@MAYASA.COM.MX,no,,WWW.MAYASA.COM.MX,EL LLANITO,
68,03 Expediente Vivo,sí,PREMIUM RESTAURANT BRANDS S DE RL DE CV,5,51-100,Hospedaje y alimentos,Restaurantes de autoservicio,ANACRISTINA.GARCIA@PRB.COM.MX,sí,,WWW.KFC.COM.MX,PALO VERDE,83280
67,01 Dictamen IFS,no,ACUICOLA SELECTA SA DE CV,1,251+,Agro,Camaronicultura y acuicultura de otros crustáceos en agua dulce,JACOBO.COKER@SELECTA.COM.MX,sí,6622130858,,POBLADO MIGUEL ALEMAN,
67,01 Dictamen IFS,no,AGNICO SONORA SA DE CV,1,251+,Minería,Minería de oro,LUIS.RIOS@AGNICOEAGLE.COM,sí,6623587419,WWW.AGNICOEAGLE.COM,METROCENTRO,
67,01 Dictamen IFS,no,AMPHENOL ALDEN PRODUCTS DE MEXICO SA DE CV,1,251+,Manufactura,"Fabricación de otros instrumentos de medición, control, navegación, y ",APORTILLO@AMPHENOL-OPTIMIZE.COM,no,6319447567,WWW.AMPHENOLALDEN.COM,SAHUARO,
67,01 Dictamen IFS,no,CONSORCIO INDUSTRIAL MEXICANO DE AUTOPARTES S DE RL DE CV,1,251+,Manufactura,Fabricación de asientos y accesorios interiores para vehículos automot,MCABRERAANTONIO@LEAR.COM,no,5555588888,,DINATECH,
67,01 Dictamen IFS,no,LATELEC MÉXICO SA,1,251+,Manufactura,Fabricación de equipo aeroespacial,LILIAVERONICA.GARCIASMITH@LATECOERE.AERO,sí,6621562813,,LA MANGA,
67,01 Dictamen IFS,no,S Q TECH SA DE CV,1,251+,Manufactura,Fabricación de estructuras metálicas,PAULINA.REYES@SQTECH.COM.MX,sí,6621767300,WWW.SQTECH.COM.MX,LA VICTORIA,
66,03 Expediente Vivo,no,ACUICOLA SEASON S DE RL DE CV,3,101-250,Agro,Camaronicultura y acuicultura de otros crustáceos en agua salada,ACUICOLASEASON@GMAIL.COM,no,,,VIVA,
66,03 Expediente Vivo,no,ASOCIACION AGRICOLA HERMOSILLENSE SA,3,101-250,Comercio mayoreo,"Comercio al por mayor de fertilizantes, plaguicidas y semillas para si",ASOCIACIONAGRICOLA@HOTMAIL.COM,no,,,CAFE COMBATE,83165
66,03 Expediente Vivo,no,ORIFLAME MEXICO SA DE CV,3,101-250,Comercio mayoreo,Comercio al por mayor de artículos de perfumería y cosméticos,YOLANDA.ALVAREZ@ORIFLAME.COM,sí,,WWW.ORIFLAME.COM,SAN BENITO,83190
66,03 Expediente Vivo,sí,AUTOS DE HERMOSILLO SA DE CV,3,101-250,Comercio menudeo,Comercio al por menor de automóviles y camionetas nuevos,MRIVERA@GEMSO.COM.MX,no,,WWW.FORDHERMOSILLO.COM,SANTA FE,
66,03 Expediente Vivo,sí,COMERCIALIZADORA ALMACENES GARCIA DE MEXICO SA DE CV,3,101-250,Comercio menudeo,Comercio al por menor en tiendas departamentales,ATENCIONALPUBLICO@CUIDADOCONELPERRO.COM.MX,no,,WWW.CUIDADOCONELPERRO.COM.MX,CENTRO,83000
66,03 Expediente Vivo,sí,GRUPO COMERCIAL DSW SA DE CV,3,101-250,Comercio menudeo,Comercio al por menor en tiendas departamentales,VERONICA.LOPEZ@CCONTROL.COM.MX,sí,,,ZONA CENTRO,
66,03 Expediente Vivo,no,HOSOLA AC,3,101-250,Educación,Escuelas del sector privado que combinan diversos niveles de educación,INFORMES@LAREA.EDU.MX,no,,WWW.LARREA.EDU.MX,PERIODISTA,
66,03 Expediente Vivo,no,INSTITUTO MEXICANO AMERICANO DE RELACIONES CULTURALES S DE RL DE CV,3,101-250,Educación,Escuelas de educación secundaria general del sector privado,JUDITH.URIBE@IMARCHERMOSILLO.EDU.MX,sí,,WWW.IMARCHERMOSILLO.EDU.MX,EL LLANO,83210
66,03 Expediente Vivo,no,ENSEÑANZA E INVESTIGACION SUPERIOR AC,3,101-250,Educación,Escuelas de educación superior del sector privado,MILTON.MARQUEZ@TEC.MX,sí,,WWW.TECMILENIO.MX/ES,ALTO VALLE,
64,01 Dictamen IFS,no,AGRICOLA BACATETE SA DE CV,1,251+,Agro,Beneficio de productos agrícolas,COMERCIOEXTERIOR@BAY.COM.MX,no,,,LA VICTORIA,83304
64,01 Dictamen IFS,no,AGRICOLA SELVA SA DE CV,1,251+,Agro,Beneficio de productos agrícolas,COMERCIOEXTERIOR@BAY.COM.MX,no,,,LA VICTORIA,83304
64,01 Dictamen IFS,no,AGRIMARGOT S DE RL DE CV,1,251+,Agro,Beneficio de productos agrícolas,LORENIAQUINTANA.E@HOTMAIL.COM,sí,,,CAMPO PIAMONTE,83223
64,01 Dictamen IFS,no,EXPLORACIONES MINERAS DEL DESIERTO SA DE CV,1,251+,Minería,Otros servicios relacionados con la minería,GENAROURIAS@HOTMAIL.COM,no,,,PARQUE INDUSTRIAL HERMOSILLO,
64,01 Dictamen IFS,no,EXPLORACIONES MINERAS PEÑOLES SA DE CV,1,251+,Minería,Otros servicios relacionados con la minería,LUIS_CASTRO@PENOLES.COM.MX,sí,,WWW.PENOLES.COM.MX,POYECTO RIO SONORA,
64,01 Dictamen IFS,no,GLOBEXTOOLS SA DE CV,1,251+,Minería,Perforación de pozos petroleros y de gas,RH@GLOBEXPLOREDRILLING.COM,no,,,LA VICTORIA,
64,01 Dictamen IFS,no,LAYNE DE MEXICO SA DE CV,1,251+,Minería,Otros servicios relacionados con la minería,LAYNE.MEXICO@GCING.COM,sí,,WWW.GRANITE.COM_COMPANY_OUR-BRANDS_LEY,PARQUE INDUSTRIAL,83299
64,01 Dictamen IFS,no,MAJOR DRILLING DE MEXICO SA DE CV,1,251+,Minería,Perforación de pozos petroleros y de gas,GILDA.TERAN@MAJORDRILLING.COM,sí,,WWW.MAJORDRILLING.COM,PARQUE INDUSTRIAL,
64,01 Dictamen IFS,no,CFE SUMINISTRADOR DE SERVICIOS BASICOS,1,251+,Energía y agua,Comercialización de energía eléctrica,ERNESTO.SANCHEZ@CFE.MX,sí,,WWW.CFE.MX,PROYECTO RIO SONORA,83270
64,01 Dictamen IFS,no,CFE GENERACION III EPS,1,251+,Energía y agua,Generación de electricidad a partir de combustibles fósiles,EDDY.IBARRA@CFE.GOB.MX,sí,,WWW.CFE.MX,CENTRO,83000
64,01 Dictamen IFS,no,AQUAFIM SA DE CV,1,251+,Construcción,Construcción de sistemas de riego agrícola,GRISELDACHACON@AQUAFIM.COM,no,,WWW.AQUAFIM.COM,SAN BENITO,83190
64,01 Dictamen IFS,no,CONSTRUCTORA ELGA SA DE CV,1,251+,Construcción,Edificación de vivienda unifamiliar,ELGA@HOTMAIL.COM,no,,,COLONIA PITIC,83150
64,01 Dictamen IFS,no,CONSTRUCTORA MENDEZD SA DE CV,1,251+,Construcción,"Construcción de carreteras, puentes y similares",NORMA_ALICIA_AV@HOTMAIL.COM,no,,,SAN BENITO,83190
64,01 Dictamen IFS,no,GRUPO CONSTRUCCIONES PLANIFICADAS SA DE CV,1,251+,Construcción,Preparación de terrenos para la construcción,ANGEL.BUSTAMANTE@CONSTRUPLA.COM.MX,sí,,WWW.CONSTRUPLAN.COM.MX,EMILIANO ZAPATA,83280
64,01 Dictamen IFS,no,CONSTRUVISION SA DE CV,1,251+,Construcción,Edificación de vivienda unifamiliar,VLOPEZ@CONSTRUVISION.COM,no,,,VALLE VERDE,83200
64,01 Dictamen IFS,no,DESARROLLADORA NOLA SA DE CV,1,251+,Construcción,Edificación de vivienda unifamiliar,ELGA@HOTMAIL.COM,no,,,PITIC,83150
64,01 Dictamen IFS,no,MILENIUM CONSTRUCASA SA DE CV,1,251+,Construcción,Edificación de vivienda unifamiliar,BGRACIA@MILENIUMCONSTRUCASA.COM,no,,WWW.MILENIUMCONSTRUCASA.COM,PRADOS DEL SOL,83100
64,01 Dictamen IFS,no,MINERA DE COAHUILA SA DE CV,1,251+,Construcción,Otras construcciones de ingeniería civil,FINANZAS@MINCO.MX,no,,WWW.MINCO.COM.MX,SAN  BENITO,83190
64,01 Dictamen IFS,no,PIXO ACABADOS Y CONCRETOS SA DE CV,1,251+,Construcción,Edificación de vivienda unifamiliar,INFO@PIXO.MX,no,,WWW.PIXO.MX,SAN BENITO,83190
64,01 Dictamen IFS,no,PROYECTOS Y CONSTRUCCIONES VIRGO SA DE CV,1,251+,Construcción,"Construcción de carreteras, puentes y similares",EMONTERO@PCVIRGO.COM,no,,WWW.CONSTRUCCIONESVIRGO.COM,LA MOSCA,83270
64,01 Dictamen IFS,no,CAFEPAC SA DE CV,1,251+,Manufactura,Elaboración de café tostado y molido,RECEPCION@CAFFENIO.COM,no,,WWW.CAFFENIO.COM,CAFE COMBATE,
64,01 Dictamen IFS,no,BEBIDAS PURIFICADAS S DE RL DE CV,1,251+,Manufactura,Elaboración de refrescos y otras bebidas no alcohólicas,JOSE.SERVINORTEGA@GEPP.COM,sí,,WWW.GEPP.COM.MX,LAS PRADERAS,83280
64,01 Dictamen IFS,no,BACHOCO SA DE CV,1,251+,Manufactura,"Matanza de ganado, aves y otros animales comestibles",RAFAEL.CERVANTES@BACHOCO.NET,sí,,,PARQUE INDUSTRIAL,83299
64,01 Dictamen IFS,no,FLEX N GATE HERMOSILLO S DE RL DE CV,1,251+,Manufactura,Fabricación de autopartes de plástico con y sin reforzamiento,MMELENDREZ@FLEXNGATE.COM,no,,,PARQUE INDUSTRIAL DYNATECH SUR,83297
64,01 Dictamen IFS,no,ZOBELE MEXICO SA,1,251+,Manufactura,"Fabricación de jabones, limpiadores y dentífricos",ANCASTILLO@KDC-ONE.COM,no,,WWW.ZOBELE.COM,PARQUE INDUSTRIAL,
64,01 Dictamen IFS,no,SISTEMAS MEDICOS ALARIS SA DE CV,1,251+,Manufactura,Fabricación de material desechable de uso médico,LUIS.ROCHA@BD.COM,sí,,,VISTA BELLA,
64,01 Dictamen IFS,no,EDS MFG MEXICO S DE RL DE CV,1,251+,Manufactura,Fabricación de componentes electrónicos,HAMAVIZCA@EDSMFGMEXICO.COM,no,,,EL LLANO,83210
64,01 Dictamen IFS,no,VICTOR EQUIPMENT DE MEXICO SA DE CV,1,251+,Manufactura,Fabricación de equipo para soldar y soldaduras,RENE.ISLAS@ESAB.COM,sí,,WWW.ESAB.COM,ÁLVARO OBREGÓN,
64,01 Dictamen IFS,no,FORD MOTOR COMPANY SA DE CV,1,251+,Manufactura,Fabricación de automóviles y camionetas,VPEREZ2@FORD.COM,no,,WWW.FORD.MX,PARQUE INDUSTRIAL,83299
64,01 Dictamen IFS,no,SONORA FORMING SA,1,251+,Manufactura,Fabricación de piezas metálicas troqueladas para vehículos automotrice,IRASEMA.MARTINEZ@MAGNA.COM,sí,,,DYNATECH SUR,
64,01 Dictamen IFS,no,STANLEY BLACK & DECKER HERMOSILLO S DE RL DE CV,1,251+,Manufactura,Fabricación de otra maquinaria y equipo para la industria en general,JUAN.GALAZ@SBDINC.COM,sí,,,PARQUE INDUSTRIAL HERMOSILLO NORTE,83118
64,01 Dictamen IFS,no,DISTRIBUIDORA KROMA SA DE CV,1,251+,Comercio mayoreo,Comercio al por mayor de pintura,DIANAALVAREZ@PPG.COM,no,,,LATITUD HERMOSILLO,
64,01 Dictamen IFS,no,CREMERIA DEL YAQUI SA DE CV,1,251+,Comercio mayoreo,Comercio al por mayor de leche y otros productos lácteos,ADELGADO@LECHEYAQUI.COM.MX,no,,WWW.CREMERIADEYAQUI.COM,HERMOSILLO,
64,01 Dictamen IFS,no,EMPRESAS MATCO SA DE CV,1,251+,Comercio mayoreo,Comercio al por mayor de maquinaria y equipo para la construcción y la,JFORTE@MATCO.COM.MX,no,,WWW.MATCO.COM.MX,LA MANGA,83220
64,01 Dictamen IFS,no,INSTRUMENTOS Y EQUIPOS FALCON SA DE CV,1,251+,Comercio mayoreo,"Comercio al por mayor de mobiliario, equipo e instrumental médico y de",J.RODRIGUEZ@FALCONMX.COM,sí,,WWW.FALCONMX.COM,CONSTITUCION,83150
64,01 Dictamen IFS,no,KAL TIRE SA DE CV,1,251+,Comercio mayoreo,"Comercio al por mayor de partes y refacciones nuevas para automóviles,",BENJAMIN_LOZANO@KALTIRE.COM,sí,,WWW.KALTIRE.COM,PARQUE INDUSTRIAL HERMOSILLO,
64,01 Dictamen IFS,no,COSTCO DE MEXICO SA DE CV,1,251+,Comercio menudeo,Comercio al por menor en supermercados,IMPUESTOS@COSTCO.COM.MX,no,,WWW.COSTCO.COM.MX,VILLA SATELITE,
64,01 Dictamen IFS,no,PROCESADORA DE ALIMENTOS HORTICOLAS Y FRUTAS DEL NOROESTE SA DE CV,1,251+,Comercio menudeo,Comercio al por menor de frutas y verduras frescas,ADMINISTRACION@PROCESCIR.COM,no,,WWW.PROCESCIR.COM,PARQUE INDUSTRIAL,83297
64,01 Dictamen IFS,no,TRANSPORTE ESPECIAL DE PASAJE SAPI DE CV,1,251+,Transportes,Alquiler de autobuses con chofer,CONTACTO@MOVIMEX.MX,no,,WWW.MOVIMEX.MX,SAN PEDRO EL SAUCITO,83305
64,01 Dictamen IFS,no,SEGLO OPERACIONES LOGISTICAS SA DE CV,1,251+,Transportes,Otros servicios de intermediación para el transporte de carga,SCHNELLECKEMXUSERS-SC@SCHNELLECKE.COM,no,,WWW.SCHNELLECKE.COM,DYNATECH SUR,83299
64,01 Dictamen IFS,no,WWL VEHICLE SERVICES MEXICO S DE RL DE CV,1,251+,Transportes,Otros servicios de intermediación para el transporte de carga,GILBERTO.MIRAFUENTES@WALWIL.COM,sí,,WWW.2WGLOBAL.COM,PARQUE INDUATRIAL HERMOSILLO,83299
64,01 Dictamen IFS,no,C CUBE TECHNOLOGIES Y ASOCIADOS SC,1,251+,Serv. profesionales,Servicios de diseño de sistemas de cómputo y servicios relacionados,FINANCE-MX@ENCORA.COM,no,,WWW.ENCORA.COM,EL LLANO,83210
64,01 Dictamen IFS,no,GRUPO INDUSTRIAL ESD SA,1,251+,Serv. profesionales,Servicios de ingeniería,INFO@GRUPOESD.COM,no,,WWW.GRUPOESD.COM,SANTA FE,83249
64,01 Dictamen IFS,no,VENDOR PUBLICIDAD EXTERIOR SA DE CV,1,251+,Serv. profesionales,Agencias de publicidad,OSWALDO.BAHENA@JCDECAUX.COM,sí,,WWW.JCDECAUXLATAM.COM.MX,OLIVARES,83180
64,01 Dictamen IFS,no,ASHESI GLOBAL SERVICES DE MEXICO S DE RL DE CV,1,251+,Apoyo a negocios,Servicios de recepción de llamadas telefónicas y promoción por teléfon,RECURSOSHUMANOS@EMERGINGGLOBAL.COM,no,,,SAN BENITO,83190
64,01 Dictamen IFS,no,ATLAS GAPSIN SA,1,251+,Apoyo a negocios,"Servicios de investigación y de protección y custodia, excepto mediant",TITO_NK@HOTMAIL.COM,sí,,,FOVISSTE,83288
64,01 Dictamen IFS,no,R BAGGIO Y ASOCIADOS SA,1,251+,Apoyo a negocios,Servicios de recepción de llamadas telefónicas y promoción por teléfon,RH@CENTELMX.COM,no,,,VILLA SOL,83240
64,01 Dictamen IFS,no,CONDUENT DE MEXICO  SA DE CV,1,251+,Apoyo a negocios,Servicios de recepción de llamadas telefónicas y promoción por teléfon,RAMIRO.ARRIAGA@CONDUENT.COM,sí,,,EL LLANO,83210
64,01 Dictamen IFS,no,CORPORATIVO DE SERVICIOS LEGAXXI SC,1,251+,Apoyo a negocios,Agencias de cobranza,EMORENO@LEGAXXI.COM,no,,WWW.LEGAXXI.COM,COUNTRY CLUB,83010
64,01 Dictamen IFS,no,GRUPO AGUILAS SEGURIDAD PRIVADA S DE RL DE CV,1,251+,Apoyo a negocios,"Servicios de investigación y de protección y custodia, excepto mediant",PFLORES@GRUPOAGUILAS.COM,no,,WWW.GRUPOAGUILAS.COM,LOMA LINDA,83150
64,01 Dictamen IFS,no,LIMPIEZA PROFESIONAL Y DE SERVICIOS LIPSSA SA DE CV,1,251+,Apoyo a negocios,Servicios de limpieza de inmuebles,LIPSSA@PRODIGY.NET.MX,no,,WWW.LIPSSA.COM,SAN BENITO,83190
64,01 Dictamen IFS,no,LISTENTRUST SERVICES S DE RL DE CV,1,251+,Apoyo a negocios,Servicios de recepción de llamadas telefónicas y promoción por teléfon,AORTIZ@LISTENTRUST.COM,no,,WWW.LISTENTRUST.COM,PROYECTO RIO SONORA,83270
64,01 Dictamen IFS,no,GRUPO GTVV SA DE CV,1,251+,Apoyo a negocios,Servicios de limpieza de inmuebles,CONTABILIDAD@NIVEL360.MX,no,,WWW.NIVEL360.COM.MX,LOMA LINDA,83150
64,01 Dictamen IFS,no,PRESTADORA DE SERVICIOS DE PERSONAL DEL PITIC SA DE CV,1,251+,Apoyo a negocios,"Servicios de investigación y de protección y custodia, excepto mediant",ANATABARDILLO@SSPSEGURIDAD.MX,no,,,CENTENARIO,83260
64,01 Dictamen IFS,no,SEGURIDAD PERIVADA PATRINMONIAL SA DE CV,1,251+,Apoyo a negocios,"Servicios de investigación y de protección y custodia, excepto mediant",SEPRIPASA0822@HOTMAIL.COM,no,,,LOS IGUALADOS,83010
64,01 Dictamen IFS,no,SSGIS2G MEXICO S DE RL DE CV,1,251+,Apoyo a negocios,Servicios de recepción de llamadas telefónicas y promoción por teléfon,EBORJES@SUPPORTSERVICESGROUP.COM,no,,,LAS PALMAS,83246
64,01 Dictamen IFS,no,HISPANIC TELESERVICIES DE GUADALAJARA SA DE CV,1,251+,Apoyo a negocios,Servicios de recepción de llamadas telefónicas y promoción por teléfon,GERARDO.RAMIREZGARCIA@TELEPERFORMANCE.COM,sí,,WWW.TELEPERFORMANCE.COM,ALTAMIRANO,
64,01 Dictamen IFS,no,VICA LIMPIEZA INDUSTRIAL SA DE CV,1,251+,Apoyo a negocios,Servicios de limpieza de inmuebles,VICALIMPIEZAINDUSTRIAL@HOTMAIL.COM,no,,,OLIVARES,83180
64,01 Dictamen IFS,no,HOSPITAL PRIVADO DE HERMOSILLO SA,1,251+,Salud,Hospitales del sector privado de otras especialidades médicas,DAMAYA@CIMAHERMOSILLO.COM,no,,WWW.CIMAHERMOSILLO.COM,PROYECTO RIO SONORA,83280
64,01 Dictamen IFS,no,HOSPITAL SAN JOSE DE HERMOSILLO SA DE CV,1,251+,Salud,Hospitales del sector privado de otras especialidades médicas,MCARMENE@GRUPOMEDICOSANJOS.COM,no,,WWW.GRUPOMEDICOSANJOSE.COM,BACHOCO,83148
64,01 Dictamen IFS,no,FORJANDO ESPACIOS AC,1,251+,Hospedaje y alimentos,"Bares, cantinas y similares",CONTABILIDAD@PARQUELARUINA.COM,no,,,5 DE MAYO,83010
64,01 Dictamen IFS,no,UNION GANADERA REGIONAL DE SONORA SA,1,251+,Otros servicios,"Asociaciones, organizaciones y cámaras de productores, comerciantes y ",AUXNOMINA@UNIONGANADERA.COM.MX,no,,WWW.UNIONGANADERA.COM,HERMOSILLO,83299
63,03 Expediente Vivo,no,ELELE SA DE CV,2,101-250,Agro,"Pesca y captura de peces, crustáceos, moluscos y otras especies",ELELEDOCS@GMAIL.COM,no,6622420832,,BAHIA DE KINO CENTRO,
63,03 Expediente Vivo,no,PEAL MEXICO SA DE CV,2,101-250,Minería,Otros servicios relacionados con la minería,DFLORES@PEAL.ES,no,6622338353,WWW.PEAL.ES,LOMAS DEL PITIC,
63,03 Expediente Vivo,no,TCM MANTENIMIENTO Y CONSTRUCCION,2,101-250,Construcción,Otros trabajos en exteriores,TCMRECURSOSHUMANOS01@GMAIL.COM,no,6623025786,TCMCONSTRUCCION.COM.MX,ZONA INDUSTRIAL,83117
63,03 Expediente Vivo,no,NORWORK SA DE CV,2,101-250,Manufactura,Impresión de formas continuas y otros impresos,SRUIZ@NORWORK.COM.MX,no,6622150509,WWW.NORWORK.COM.MX,SAN BENITO,83190
63,03 Expediente Vivo,sí,FLETES Y ACARREOS MINEROS SA DE CV,2,101-250,Transportes,Autotransporte foráneo de materiales para la construcción,FLETESYACARREOSMINEROS@GMAIL.COM,no,6622502176,,PALO VERDE,83280
63,03 Expediente Vivo,sí,COMISION DE ECOLOGIA Y DESARROLLO SUSTENTABLE DEL ESTADO DE SONORA,2,101-250,Esparcimiento,Jardines botánicos y zoológicos del sector público,NORBERTO.ORTEGA@SONORA.GOB.MX,sí,6621004523,WWW.CEDES.SONORA.GOB.MX,CUAHUTEMOC,83296
63,03 Expediente Vivo,sí,CLUB DEPORTIVO TRIPLE A SA DE CV,2,101-250,Esparcimiento,"Promotores del sector público de espectáculos artísticos, culturales, ",EBARRIOS@NARANJEROS.COM.MX,no,6622606933,WWW.NARANJEROS.COM.MX,LAS PROVINCIAS,83243
62,03 Expediente Vivo,no,ZEPEDA STRUCTURAL SA DE CV,4,51-100,Construcción,"Edificación de inmuebles comerciales y de servicios, excepto la superv",INFO@ZEPEDAS-STRUCTURAL.COM,no,,WWW.ZEPEDASTRUCTURAL,PARQUE INDUSTRIAL,83299
62,03 Expediente Vivo,no,RANCHO EL 17 SAPI DE CV,2,251+,Manufactura,"Corte y empacado de carne de ganado, aves y otros animales comestibles",,no,,WWW.RANCHOEL17.COM,5 DE MAYO,
62,03 Expediente Vivo,no,LEONI WIRING SYSTEMS MEXICANA SA,2,251+,Manufactura,Fabricación de equipo eléctrico y electrónico y sus partes para vehícu,,no,,WWW.LEONI.COM,EL LLANO,
62,03 Expediente Vivo,no,AGROVETERINARIA DE SONORA SA,4,51-100,Comercio mayoreo,Comercio al por mayor de medicamentos veterinarios y alimentos para an,CONTABILIDAD@AGROVETERINARIA.COM.MX,no,,WWW.AGROVETERINARIA.COM.MX,SAN PEDRO EL SAUCITO,83305
62,03 Expediente Vivo,no,QAR DEL NOROESTE SA DE CV,4,51-100,Financieros,Casas de empeño,DORA.GARCIA@GRUPOQAR.COM,sí,,DONDEDANMAS.COM,EL LLANO,83210
62,03 Expediente Vivo,no,APRENDIENDO A CRECER SC,4,51-100,Educación,Escuelas de educación preescolar del sector privado,APRENDIENDOACRECER@HOTMAIL.COM,no,,,CENTENARIO,83260
62,03 Expediente Vivo,sí,SALUD DIGNA AC,4,51-100,Salud,Laboratorios médicos y de diagnóstico del sector privado,JORGE.MOLINA@SALUD-DIGNA.ORG,sí,,WWW.SALUD-DIGNA.ORG,HERMOSILLO CENTRO,83000
61,03 Expediente Vivo,sí,CORPORATIVO ENERVISION SA,13,31-50,Comercio menudeo,Comercio al por menor de gasolina y diesel,ARCOPARQUEINDUSTRIAL@ENERVISION.COM.MX,no,6624333513,,PARQUE INDUSTRIAL,
61,03 Expediente Vivo,sí,COMISION DEL DEPORTE DEL ESTADO DE SONORA,5,31-50,Esparcimiento,"Promotores del sector público de espectáculos artísticos, culturales, ",ADMINISTRADORANAGUEVARA@CODESON.GOB.MX,no,6622602097,WWW.CODESON.GOB.MX,ALVARO OBREGON,83170
61,03 Expediente Vivo,sí,CAFREMA FOODS SA DE CV,9,31-50,Hospedaje y alimentos,Restaurantes de autoservicio,CRUZ.CORRAL@CAFREMA.COM,sí,6311983538,,LAS GRANJAS,83250
60,03 Expediente Vivo,no,CITRISON SA,2,101-250,Agro,Beneficio de productos agrícolas,FRANCISCOYANESG@HOTMAIL.COM,no,,,POBLADO MIGUEL ALEMAN,83344
60,03 Expediente Vivo,no,VIDEXPORT SA DE CV,2,101-250,Agro,Beneficio de productos agrícolas,IMECC0706@GMAIL.COM,no,,WWW.VIDEXPORT.COM,VILLA SOL,83240
60,03 Expediente Vivo,no,CONSTRUCTORA TENAMPA SA DE CV,2,101-250,Construcción,Edificación de vivienda unifamiliar,CONSTRUCTORATENAMOAHILLO@GMAIL.COM,no,,,CENTRO,83000
60,03 Expediente Vivo,no,INTEGRA INSTALACIONES Y MANTENIMIENTO SA DE CV,2,101-250,Construcción,Instalaciones eléctricas en construcciones,ADMINISTRACION@INTEGRAIM.COM,no,,WWW.INTEGRAIM.COM,MODELO,83190
60,03 Expediente Vivo,no,PALOFIERRO CONSTRUCCIONES SA DE CV,2,101-250,Construcción,Edificación de vivienda multifamiliar,PALOFIERROCONTRUCCIONES@HOTMAIL.COM,no,,,PIMENTEL,83188
60,03 Expediente Vivo,no,SALSAS CASTILLO SAPI DE CV,2,101-250,Manufactura,Conservación de guisos y otros alimentos preparados por procesos disti,SVALENZUELA@SALSASCASTILLO.COM,no,,WWW.SALSASCASTILLO.COM,PARQUE INDUSTRIAL,83299
60,03 Expediente Vivo,no,FANOSA SA,2,101-250,Manufactura,Fabricación de espumas y productos de poliestireno,VENTAS@FANOSA.COM,no,,WWW.FANOSA.COM,PITIC,83250
60,03 Expediente Vivo,no,GAFF INTERNATIONAL SA DE CV,2,101-250,Manufactura,Fabricación de partes de sistemas de dirección y de suspensión para ve,CSHERMOSILLO@GAFF.COM.MX,no,,WWW.GAFF.COM.MX,AKIWIKI,
60,03 Expediente Vivo,no,LOGICA INTERACTIVA SA DE CV,2,101-250,Manufactura,Fabricación de otra maquinaria y equipo para el comercio y los servici,FNAVARRO@INTERLOGIC.COM.MX,no,,WWW.INTERLOGIC.COM.MX,PROYECTO RIO SONORA,83270
60,03 Expediente Vivo,no,ABARROTERA DEL DUERO SA DE CV,2,101-250,Comercio mayoreo,Comercio al por mayor de abarrotes,AJSANCHEZ@MERZA.COM,no,,WWW.MERZA.COM.MX,EL LLANO,83210
60,03 Expediente Vivo,no,INDUSTRIAS ZAHORI SA DE CV,2,101-250,Comercio mayoreo,Comercio al por mayor de pintura,FSERNA@ZAHORI.COM,no,,WWW.ZAHORI.COM.MX,PIMENTEL,
60,03 Expediente Vivo,no,MAS BODEGA Y LOGISTICA SA DE CV,2,101-250,Comercio mayoreo,Comercio al por mayor de abarrotes,TIENDAVIRTUAL@MASBODEGA.COM,no,,WWW.MASBODEGA.MX,CENTRAL DE ABASTOS,83293
60,03 Expediente Vivo,no,SIGMA ALIMENTOS COMERCIAL SA DE CV,2,101-250,Comercio mayoreo,Comercio al por mayor de embutidos,FGAMEZ@SIGMA-ALIMENTOS.COM,no,,WWW.SIGMA-ALIMENTOS.COM,PARQUE INDUSTRIAL,83299
60,03 Expediente Vivo,sí,CORPORATIVO ALUTECH S DE RL DE CV,2,101-250,Comercio menudeo,Comercio al por menor de vidrios y espejos,MELISSA.LOPEZ@ALUCORP.COM.MX,sí,,WWW.ALUCORP.COM.MX,SACRAMENTO,83144
60,03 Expediente Vivo,sí,CARSOL SONORA S DE RL DE CV,2,101-250,Comercio menudeo,Comercio al por menor de automóviles y camionetas nuevos,NOHELIA.FERRA@CARSOL.MX,sí,,WWW.CHEVROLETRIOHERMOSILLO.COM,SANTA FE,
60,03 Expediente Vivo,sí,GONZALEZ R AUTOMOTRIZ SA,2,101-250,Comercio menudeo,Comercio al por menor de automóviles y camionetas usados,DJIMENEZ@GONZALEZR.COM.MX,no,,WWW.GONZALEZR.COM.MX,VALLE VERDE,
60,03 Expediente Vivo,sí,NISSAUTO SONORA SA DE CV,2,101-250,Comercio menudeo,Comercio al por menor de automóviles y camionetas nuevos,MMOLINA@NISSAUTO.COM.MX,no,,WWW.NISSANNISSAUTO.COM.MX,CENTRO NORTE,83000
60,03 Expediente Vivo,sí,BAQUI AUTOMOTRIZ SA,2,101-250,Comercio menudeo,Comercio al por menor de automóviles y camionetas nuevos,GERENTEADMINISTRATIVO@TOYOTAHERMOSILLO.COM,no,,WWW.TOYOTAHERMOSILLO.COM,EL MALECON,83270
60,03 Expediente Vivo,sí,EXPRESS TRES FRONTERAS SA DE CV SA DE CV,2,101-250,Transportes,Otro autotransporte foráneo de carga general,ATNCLIENTESHO@3FRONTERAS.COM.MX,no,,WWW.3FRONTERAS.COM.MX,LA MESA,84094
60,03 Expediente Vivo,sí,SUPPLIER S CITY SA,2,101-250,Transportes,Otros servicios de intermediación para el transporte de carga,RALVAREZ@SUPPLIERCITY.COM.MX,no,,WWW.SUPPLIERCITY.COM.MX,DYNATECH,83299
60,03 Expediente Vivo,sí,SETREP SA DE CV,2,101-250,Transportes,Transporte escolar y de personal,ERICK.DIAZ@TREPSA.COM.MX,sí,,,PALO VERDE,83280
60,03 Expediente Vivo,no,MISION VEINTIUNO SA DE CV,2,101-250,Inmobiliario,Inmobiliarias y corredores de bienes raíces,LEGAL2@KOVAL.MX,no,,WWW.KOVAL.MX,LAS RIBERAS,83304
60,03 Expediente Vivo,no,SERVICIO INTEGRAL DE SEGURIDAD PRIVADA DE SONORA SA DE CV,2,101-250,Serv. profesionales,Servicios de diseño de sistemas de cómputo y servicios relacionados,RECEP@SISPS.COM.MX,no,,WWW.SISPS.COM,CENTRO,85137
60,03 Expediente Vivo,no,INSTITUTO CAMPO GRANDE AC,2,101-250,Educación,Escuelas del sector privado que combinan diversos niveles de educación,CONTADORA@CAMPOGRANDE.EDU.MX,no,,WWW.CAMPOGRANDE.EDU.MX,EL LLANO,83210
60,03 Expediente Vivo,no,ALERCE FORMACION INTEGRAL SC,2,101-250,Educación,Escuelas del sector privado que combinan diversos niveles de educación,CONTACTO@ALERCE.EDU.MX,no,,WWW.ALERCE.COM.MX,OBISPOS RESIDENCIAL,83249
60,03 Expediente Vivo,no,COLEGIO REGIONAL DE OCCIDENTE AC,2,101-250,Educación,Escuelas del sector privado que combinan diversos niveles de educación,JEFATURACONTABILIDAD2@SISTEMAVALLADOLID.COM,no,,WWW.SISTEMAVALLADOLID.COM,PORTAL DEL PITIC,83247
60,03 Expediente Vivo,no,UNIVERSIDAD DEL VALLE DE MEXICO SC,2,101-250,Educación,Escuelas de educación superior del sector privado,ERIKA.GARCIAA@LAUREATE.MX,sí,,WWW.UVM.MX,CAFE COMBATE,83165
59,01 Dictamen IFS,no,NUSANTARA DE MEXICO SA DE CV,1,251+,Minería,Minería de oro,,no,6232322300,WWW.FIRSTMAJESTIC.COM,BIENES COMUNALES BANAMICHI,
59,01 Dictamen IFS,no,GRUPO DE DESARROLLO Y ENTRETENIMIENTO DE HERMOSILLO SAPI DE CV,1,251+,Construcción,Edificación de vivienda unifamiliar,,no,6623818849,VENTURASRECIDENCIALCLUB.COM,LA VICTORIA,
59,03 Expediente Vivo,no,PRECSOBLOCK SA DE CV,3,51-100,Manufactura,Fabricación de tubos y bloques de cemento y concreto,ADMINISTRACIONOP@PRECSOBLOCK.COM.MX,no,6621270779,WWW.PRECSOBLOCK.COM.MX,PARQUE INDUSTRIAL,
59,01 Dictamen IFS,no,CENTRO DE INVESTIGACION EN ALIMENTACION Y DESARROLLO A.C AC,1,251+,Serv. profesionales,Servicios de investigación científica y desarrollo en ciencias natural,,no,6622892400,,LA VICTORIA,83304
59,01 Dictamen IFS,no,HOSPITAL INTEGRAL DE LA MUJER DEL ESTADO DE SONORA,1,251+,Salud,Hospitales del sector público de otras especialidades médicas,,no,6622890600,,JESUS GARCIA,83240
59,01 Dictamen IFS,no,UNIDAD DE MEDICINA FAMILIAR NO 2,1,251+,Salud,Hospitales generales del sector público,,no,6622158050,,BALDERRAMA,83180
58,03 Expediente Vivo,no,MAPCO MATERIALES SA DE CV,6,31-50,Comercio mayoreo,"Comercio al por mayor de cemento, tabique y grava",FISCAL3@MAPCO.COM.MX,no,,WWW.MAPCO.COM.MX,SOLIDARIDAD,
58,03 Expediente Vivo,sí,SUMINISTROS Y COMESTIBLES INSTITUCIONALES DEL NORTE SA DE CV,9,31-50,Comercio menudeo,"Comercio al por menor en tiendas de abarrotes, ultramarinos y miscelán",ELONGORIA@GALLOLEON.MX,no,,,ALTARES,
58,03 Expediente Vivo,sí,SERVICIOS Z3 SA DE CV,6,31-50,Comercio menudeo,Comercio al por menor de gasolina y diesel,AUDITORINTERNO@GASGOLDSTAR.COM,no,,WWW.SERVICIOSZ3.COM,OLIVARES,83178
58,03 Expediente Vivo,no,OPERADORA DE CINEMAS SA DE CV,6,31-50,Información,Exhibición de películas y otros materiales audiovisuales,INFO.BUZON@CINEMEX.NET,sí,,WWW.CINEMEX.COM,LAS QUINTAS GUAYMAS,85448
58,03 Expediente Vivo,no,COLEGIO MUÑOZ SC,7,31-50,Educación,Escuelas del sector privado que combinan diversos niveles de educación,RH@COLEGIOMUNOZ.EDU.MX,no,,WWW.COLEGIOMUNOZ.EDU.MX,EL LLANO,83210
58,03 Expediente Vivo,sí,ICR SA DE CV,10,31-50,Hospedaje y alimentos,Restaurantes de autoservicio,LRANGEL@AFAL.MX,no,,WWW.GRUPOAFAL.COM,BACHOCO,83148
58,03 Expediente Vivo,sí,ARAS ALIMENTOS SA DE CV,6,31-50,Hospedaje y alimentos,Restaurantes con servicio de preparación de alimentos a la carta o de ,GALERIAS@CITYSALADS.COM,no,,WWW.CITYSALADS.COM,PROYECTO RIO SONORA,83280
58,03 Expediente Vivo,sí,OPERADORA DE FRANQUICIAS SAILE SAPI DE CV,7,31-50,Hospedaje y alimentos,Restaurantes de autoservicio,HMO.GALERIAS0808@GSF-MCD.COM.MX,no,,,PROYECTO RIO SONORA XXI,83270
57,01 Dictamen IFS,no,NEGOCIO AGRICOLA SAN ENRIQUE SA DE CV,1,101-250,Agro,Camaronicultura y acuicultura de otros crustáceos en agua salada,NASEHILLO@HOTMAIL.COM,no,6622609762,WWW.NASE.COM.MX,TASTIOTA,
57,01 Dictamen IFS,no,CONSTRUCCIONES ALBACAR SA DE CV,1,101-250,Construcción,Edificación de vivienda unifamiliar,IBORBON@CONSTRUVISION.COM,no,6623072024,,VALLE VERDE,
57,01 Dictamen IFS,no,INGENIERIA Y CONSTRUCCIONES SABODEPA SA DE CV,1,101-250,Construcción,"Construcción de carreteras, puentes y similares",CONTABILIDAD_ICSSA@HOTMAIL.COM,sí,6622192218,WWW.SABODEPA.COM.MX,VALLE DORADO,
57,01 Dictamen IFS,no,INMUEBLES PROMOCION Y ASESORIA SA DE CV,1,101-250,Construcción,Edificación de vivienda unifamiliar,JOSEGRUPOCRECE@GMAIL.COM,no,6622161850,,LAS QUINTAS,
57,01 Dictamen IFS,no,KRAF BAVEN SA DE CV,1,101-250,Construcción,Construcción de obras de urbanización,KBD_10@HOTMAIL.COM,no,6622034180,,LOS ANGELES,
57,01 Dictamen IFS,no,MAJOFER CONSTRUCCIONES SA DE CV,1,101-250,Construcción,"Edificación de naves y plantas industriales, excepto la supervisión",RECURSOSHUMANOS@MAJOFER.MX,no,6621934638,WWW.MAJOFERCONSTRUCCIONES.COM,OLIVARES,
57,01 Dictamen IFS,no,PROYECTOS INSTALACIONES Y SERVICIOS ELECTROMECANICOS SA DE CV,1,101-250,Construcción,Instalaciones eléctricas en construcciones,CONTABILIDAD@PROINSER.COM,no,6622605758,,CUARTEL ZONA,83137
57,01 Dictamen IFS,no,TIVATEC SA DE CV,1,101-250,Construcción,Construcción de obras de generación y conducción de energía eléctrica,EUTRILLA@TIVATEC.COM,no,6622564458,,EL TAZAJAL,
57,01 Dictamen IFS,no,PRODUCTORA DE TARIMAS DEL SUR SA DE CV,1,101-250,Manufactura,Fabricación de productos para embalaje y envases de madera,HGALLEGOS@PROTSUR.COM,no,5579490297,WWW.PROTSUR.COM,PARQUE INDUSTRIAL,
57,01 Dictamen IFS,no,PREMEZCLADOS NOGALES SA DE CV,1,101-250,Manufactura,Fabricación de concreto,AUXILIAR11@PRENOSA.COM,no,6311080731,WWW.PRENOSA.COM.MX,LA MANGA,
57,01 Dictamen IFS,no,SIFRA PROFESIONALES EN IMPRESIÓN SA DE CV,1,101-250,Manufactura,Impresión de formas continuas y otros impresos,CONTRALORIA@SIFRAIMPRESORES.COM,no,6624291849,WWW.SIFRAIMPRSORES.COM,MINI PARQUE INDUSTRIAL,
57,01 Dictamen IFS,no,AMERICAN PRECISION ASSEMBLERS DE MEXICO SA,1,101-250,Manufactura,Fabricación de cables de conducción eléctrica,SGUTIERREZ@APA1.COM,no,6621840269,WWW.APACONNECTS.COM,EL LLANITO,
57,01 Dictamen IFS,no,CUBIERTAS INDUSTRIALES DEL NORTE SA DE CV,1,101-250,Manufactura,Fabricación de otros productos de hierro y acero,PROYECTOSHERMOSILLO@HOTMAIL.COM,no,6621187247,,SOLIDARIDAD,
57,01 Dictamen IFS,no,FAIST METALMEX SA,1,101-250,Manufactura,Fabricación de piezas metálicas troqueladas para vehículos automotrice,ALAN.QUIHUIS@FAISTCOMP.COM,sí,6621137210,WWW.FAISTGROUP.COM,SAHUARO,
57,01 Dictamen IFS,no,PROMETAL SF & E SA DE CV,1,101-250,Manufactura,Fabricación de estructuras metálicas,CONTABILIDAD@PROMETAL.COM,no,6621913992,WWW.PRO-METAL.COM,HERMOSILLO,
57,01 Dictamen IFS,no,NATIONAL MATERIAL OF MEXICO S DE RL DE CV,1,101-250,Comercio mayoreo,Comercio al por mayor de materiales metálicos para la construcción y l,MARCO.GARCIA@KLOECKNER.COM,sí,8118019740,,NINGUNO,
57,01 Dictamen IFS,no,AGRICOLA Y AUTOMOTRIZ SA DE CV,1,101-250,Comercio menudeo,Comercio al por menor de automóviles y camionetas nuevos,CPMANUELFLORESAGRICOLAVW@GMAIL.COM,no,6622042535,WWW.VW-AGRICOLA.COM.MX,CENTRO,
57,01 Dictamen IFS,no,SERVICIOS ADMINISTRATIVOS PEÑOLES SA DE CV,1,101-250,Serv. profesionales,Servicios de consultoría en administración,LUIS_CASTRO@PENOLES.COM.MX,sí,6622568468,WWW.PENOLES.COM.MX,PROYECTO RIO SONORA,
56,03 Expediente Vivo,no,CFE TRANSMISION,3,51-100,Energía y agua,Distribución de energía eléctrica,MANUEL.MUJICA@DT.CFE.MX,sí,,WWW.CFE.MX,COLONIA CENTRO,83010
56,01 Dictamen IFS,no,ASELEC ELECTRICIDAD SA DE CV,1,251+,Construcción,Construcción de obras de generación y conducción de energía eléctrica,,no,,WWW.ASELECELECTRICIDAD.COM.MX,SAN BENITO,83190
56,01 Dictamen IFS,no,COMPAÑIA ISDAMAR SA DE CV,1,251+,Construcción,Construcción de obras para transporte eléctrico y ferroviario,,no,,,ZONA INDUSTRIAL FERROCARRIL,
56,01 Dictamen IFS,no,LEAR CORPORATION MEXICO S DE RL DE CV,1,251+,Manufactura,Fabricación de asientos y accesorios interiores para vehículos automot,,no,,WWW.LEAR.COM,HERMOSILLO,
56,03 Expediente Vivo,no,COLIMAN FRESH PRODUCE SA DE CV,3,51-100,Comercio mayoreo,Comercio al por mayor de frutas y verduras frescas,MARIA.ACUNA@COLIMAN.COM,sí,,WWW.COLIMAN.COM,COLONIA LIBERTAD,
56,03 Expediente Vivo,sí,FRUTERIA SAN FRANCISCO DE HERMOSILLO SA DE CV,3,51-100,Comercio menudeo,Comercio al por menor en minisupers,JIMENEZ-MORENOYASOC@HOTMAIL.COM,no,,,UNION DE LADRILLEROS,83179
56,03 Expediente Vivo,sí,ALIMENTOS AL DETALLE SAPI DE CV,3,51-100,Comercio menudeo,Comercio al por menor de carnes rojas,CMUNGUIA@TASTEBOUTIQUE.COM,no,,WWW.TASTEBOUTIQUE.COM,PRADOS DEL CENTENARIO,83900
56,01 Dictamen IFS,no,GENERAL DE SEGUROS SA,1,251+,Financieros,Compañías de seguros,,no,,,VALLE HERMOSO,83270
56,01 Dictamen IFS,no,CAB LOGISTICS SA DE CV,1,251+,Corporativos,Corporativos,,no,,,DINATECH SUR,83299
56,01 Dictamen IFS,no,SERVICIOS DE APOYO ADMINISTRATIVO SA DE CV,1,251+,Apoyo a negocios,Servicios de administración de negocios,,no,,,LA MANGA,83220
56,01 Dictamen IFS,no,NSU PROTECCION SA DE CV,1,251+,Apoyo a negocios,"Servicios de investigación y de protección y custodia, excepto mediant",,no,,WWW.SHIELD.MX,SAN BENITO,83190
56,03 Expediente Vivo,no,CENTRO EDUCATIVO CDI ALFAES SC,3,51-100,Educación,Escuelas del sector privado que combinan diversos niveles de educación,PREPARATORIACDIALFAES@GMAIL.COM,no,,WWW.CDIALFAES.COM,LAS QUINTAS,83240
56,03 Expediente Vivo,no,LSA LICEO SAN AGUSTIN AC,3,51-100,Educación,Escuelas del sector privado que combinan diversos niveles de educación,DACOORLANDO@YAHOO.COM,no,,WWW.LICEOSANAGUSTIN.COM,VILLAS DEL PALMAR,83105
56,03 Expediente Vivo,no,INSTITUTO VANGUARDIA DE HERMOSILLO AC,3,51-100,Educación,Escuelas del sector privado que combinan diversos niveles de educación,GABRIELA.GARCIA@INSTITUTOVANGUARDIA.EDU.MX,sí,,WWW.INSTITUTOVANGUARDIA.EDU.MX,PITIC,83150
56,01 Dictamen IFS,no,HOSPITAL INFANTIL DEL ESTADO DE SONORA,1,251+,Salud,Hospitales generales del sector público,,no,,,JESUS GARCIA,83240
56,01 Dictamen IFS,no,ISTE,1,251+,Salud,Hospitales generales del sector público,,no,,WWW.ISSSTE.GOB.MX,LOMA LINDA,83150
56,01 Dictamen IFS,no,HOSPITAL SA DE CV,1,251+,Salud,Hospitales generales del sector privado,,no,,,CENTRO,83000
56,01 Dictamen IFS,no,HOSPITAL GENERAL DE ZONA 14 CON UNIDAD DE QUEMADO,1,251+,Salud,Hospitales del sector público de otras especialidades médicas,,no,,WWW.IMSS.COM.MX,EL SAHUARO,83170
54,01 Dictamen IFS,no,ACUICOLA BOCA SA DE CV,1,101-250,Agro,Camaronicultura y acuicultura de otros crustáceos en agua salada,GDOMINGUEZ@BOCAMAR.COM .MX,no,,,CENTRO,
54,01 Dictamen IFS,no,EMPACADORA FRUTICOLA SANTA INES SA DE CV,1,101-250,Agro,Beneficio de productos agrícolas,IMCC0706@GMAIL.COM,no,,,POBLADO MIGUEL ALEMAN LA COSTA DE HERMOSILLO,83117
54,01 Dictamen IFS,no,GRUPO AGROPECUARIO EL DIAMANTE SA,1,101-250,Agro,Beneficio de productos agrícolas,MDORAME@GRPCETT.COM,no,,,LA MANGA,83220
54,01 Dictamen IFS,no,GUAY MAR ACUICOLA SA DE CV,1,101-250,Agro,Camaronicultura y acuicultura de otros crustáceos en agua salada,JACOBO.COKER@SELECTA.COM.MX,sí,,,CENTRO,
54,01 Dictamen IFS,no,INSTITUTO DE ACUACULTURA DEL ESTADO DE SONORA OPD,1,101-250,Agro,Otra acuicultura,DOLORES.FIGUEROA@SONORA.GOB,sí,,WWW.IAES.GOB.MX,VILLA DE SERIS,
54,01 Dictamen IFS,no,COMPAÑIA MINERA PITALLA SA DE CV,1,101-250,Minería,Minería de oro,DANIEL.CORDOVA@ARGONAUTGOLD.COM,sí,,,PUERTA GRANDE,
54,01 Dictamen IFS,no,BARIMONT MINERIA S DE RL DE CV,1,101-250,Minería,Minería de barita,CAROLINA.ESPADAS@BARIMONT.COM,sí,,,CASA GRANDE,83246
54,01 Dictamen IFS,no,GLOBEXPLORE DRILLING SA DE CV,1,101-250,Minería,Otros servicios relacionados con la minería,RHURTADO@GLOBEXPLOREDRILLING.COM,no,,WWW.GLOBEXPOLOREDRILLING.COM,LA VICTORIA,83304
54,01 Dictamen IFS,no,CFE TRSNMISION,1,101-250,Energía y agua,Transmisión de energía eléctrica,MANUEL.MUJICA@DT.CFE.MX,sí,,WWW.CFE.MX,LUIS ENCINAS,83138
54,01 Dictamen IFS,no,BIKTRAM SA DE CV,1,101-250,Construcción,Edificación de vivienda unifamiliar,CONSTRUCCIONESEINGENIERBIKTRAM@GMAIL.COM,no,,,LAS PALMAS,83270
54,01 Dictamen IFS,no,CMG CONSTRUCCIONES Y MANTENIMIENTO EN GENERAL SA DE CV,1,101-250,Construcción,"Edificación de inmuebles comerciales y de servicios, excepto la superv",ANTONIOHOYOS@CMGMEX.COM.MX,no,,WWW.CMGMEX.COM.MX,SANTA FE,
54,01 Dictamen IFS,no,CONSTRUCCIONES MAREVA SA DE CV,1,101-250,Construcción,Construcción de obras de urbanización,FACTURASHMO@MAREVA.MX,no,,,EL LLANO,83210
54,01 Dictamen IFS,no,CONSTRUCTORA KIIGAR SA DE CV,1,101-250,Construcción,Edificación de vivienda unifamiliar,KIIGAR@YAHOO.COM,no,,,VLLA DEL PALMAR,
54,01 Dictamen IFS,no,CONSTRUCTORA MIRAMAR SA DE CV,1,101-250,Construcción,"Edificación de inmuebles comerciales y de servicios, excepto la superv",CMIRAMARSADECV@GMAIL.COM,no,,,ZONA MILITAR CUARTEL XV,83145
54,01 Dictamen IFS,no,COMERCIO Y SERVICIO ELECTROMECANICO SA DE CV,1,101-250,Construcción,Construcción de obras de generación y conducción de energía eléctrica,KRAMOS@BREAKERMEX.COM,no,,ELECTRICACSE.COM,SIERRA VISTA,83147
54,01 Dictamen IFS,no,DEPROYCO SA DE CV,1,101-250,Construcción,"Edificación de inmuebles comerciales y de servicios, excepto la superv",CONTABILIDAD@DPROYCO.COM,no,,WWW.DEPROYCO.COM,VILLA HERMOSA,83280
54,01 Dictamen IFS,no,DEREX DESARROLLO RESIDENCIAL SA DE CV,1,101-250,Construcción,Edificación de vivienda unifamiliar,ENUNEZ@DEREX.COM.MX,no,,WWW.DEREX.COM.MX,CENTENARIO,83260
54,01 Dictamen IFS,no,DESARROLLOS TIBURCIO SA DE CV,1,101-250,Construcción,"Construcción de carreteras, puentes y similares",FACTURACINDETIBSA@HOTMAIL.COM,no,,WWW.DETIBSA.COM,CONSTITUCION,83150
54,01 Dictamen IFS,no,GLUYAS CONSTRUCCIONES SA DE CV,1,101-250,Construcción,"Construcción de carreteras, puentes y similares",INFO@GLUYASCONSTRUCCIONES.COM,no,,WWW.GLUYASCONSTRUCCIONES.COM,NUEVA ESTACION,83160
54,01 Dictamen IFS,no,M3 MEXICANA S DE RL DE CV,1,101-250,Construcción,Supervisión de construcción de otras obras de ingeniería civil,FISCAL@M3ENG.COM,no,,,LA VICTORIA,83304
54,01 Dictamen IFS,no,NENNCA SOLUCIONES DE INGENIERIA SA DE CV,1,101-250,Construcción,Construcción de obras de generación y conducción de energía eléctrica,CONTABILIDAD@NENNCA.COM,no,,WWW.NENNCA.COM,AMAPOLAS,
54,01 Dictamen IFS,no,PETTERSON PETTERSON SA DE CV,1,101-250,Construcción,"Edificación de naves y plantas industriales, excepto la supervisión",CRISTINA@PETERSON.COM.MX,no,,WWW.PETERSON.COM.MX,SAN LUIS,83229
54,01 Dictamen IFS,no,REACLIMA SA DE CV,1,101-250,Construcción,Instalaciones de sistemas centrales de aire acondicionado y calefacció,MRAMOS@REACLIMA.COM,no,,WWW.REACLIMA.COM.MX,PROYECTO RIO SONORA,83270
54,01 Dictamen IFS,no,MOLINERA DE MEXICO SA DE CV,1,101-250,Manufactura,Elaboración de harina de trigo,JDELAROSA@GTRIMEX.MX,no,,,SAN LUIS,
54,01 Dictamen IFS,no,MOLINO LA FAMA SA,1,101-250,Manufactura,Elaboración de harina de trigo,GLORIA.MORALES@HARINASGEMSO.COM,sí,,WWW.HARINASGEMSO.COM,CENTRO,
54,01 Dictamen IFS,no,TRIGOS INDUSTRIALIZADOS DE MEXICO SA,1,101-250,Manufactura,Elaboración de galletas y pastas para sopa,MVASQUEZ@PASTASLAROMANA.COM,no,,WWW.PASTASLAROMANA.COM.MX,SAN LUIS,
54,01 Dictamen IFS,no,PROCESADORA Y EMPACADORA GANADERA DE SONORA SA,1,101-250,Manufactura,"Corte y empacado de carne de ganado, aves y otros animales comestibles",CONTADOR@PEGSON.COM.MX,no,,,PARQUE INDUSTRIAL,
54,01 Dictamen IFS,no,ALIMENTOS TIPICOS FLOR DE CAPOMO SC DE RL DE CV,1,101-250,Manufactura,Panificación tradicional,ANGELICA@FLORDECAPOMO.COM,no,,WWW.FLORDECAPOMO.COM,SAN BENITO,83190
54,01 Dictamen IFS,no,BRH2 PLASTICOS SA,1,101-250,Manufactura,Fabricación de productos de plástico para el hogar con y sin reforzami,ALEJANDRINA@BRH2PLASTICS.COM,no,,,PARQUE INDUSTRIAL DYNATECH SUR,83299
54,01 Dictamen IFS,no,PREFABRICADOS Y SOLUCIONES SA DE CV,1,101-250,Manufactura,Fabricación de productos preesforzados de concreto,JESUSLAUROMEJIA@TRAVIS.COM.MX,no,,WWW.TRABIS.COM.MX,LA VICTORIA,83304
54,01 Dictamen IFS,no,GRUPO ANTOLIN SILAO SA DE CV,1,101-250,Manufactura,Fabricación de componentes electrónicos,MARTIN.SANCHEZ@GRUPOANTOLIN.COM,sí,,,DYNATECH SUR,
54,01 Dictamen IFS,no,KUESTER SYSTEMS MEXIICO S DE RL DE CV,1,101-250,Manufactura,Fabricación de partes de sistemas de transmisión para vehículos automo,ROSALBA.DOMINGUEZ@US.KUESTER.NET,sí,,WWW.KUESTER.COM,PARQUE INDUSTRIAL,83299
54,01 Dictamen IFS,no,MAGNA ASSEMBLY SYSTEMS DE MEXICO SA DE CV,1,101-250,Manufactura,Fabricación de otras partes para vehículos automotrices,BRIANDA.RAMIREZ@MAGNA.COM,sí,,WWW.MAGNA.COM,DYNATECH SUR,
54,01 Dictamen IFS,no,NECONTECH DE MEXICO S DE RL DE CV,1,101-250,Manufactura,Fabricación de componentes electrónicos,DAMAYA@NEWCONCEPTTECH.COM,no,,WWW.NEWCONCEPTTECH.COM,SAHUARO,
54,01 Dictamen IFS,no,NEW TECH MACHINERY DE MEXICO S DE RL DE CV,1,101-250,Manufactura,Fabricación de maquinaria y equipo para la industria metalmecánica,KEVIN@NEWTECHMACHINERY.COM,no,,WWW.MAZZELLACOMPANIES.COM,EL LLANO,
54,01 Dictamen IFS,no,ROBERT BOSCH MEXICO SISTEMAS DE SEGURIDAD SA DE CV,1,101-250,Manufactura,Fabricación de equipo eléctrico y electrónico y sus partes para vehícu,JULIAN.ROMANDIAPADILLA@US.BOSCH.COM,sí,,WWW.BOSCH.COM,VISTA BELLA,83174
54,01 Dictamen IFS,no,TE SENSORES S DE RL DE CV,1,101-250,Manufactura,Fabricación de componentes electrónicos,MARIO.LEAL@TE.COM,sí,,,EL SAHUARO,
54,01 Dictamen IFS,no,COMERCIALIZADORA DE LACTEOS Y DERIVADOS SA DE CV,1,101-250,Comercio mayoreo,Comercio al por mayor de leche y otros productos lácteos,PAMELA.OROZCO@GRUPOLALA.COM,sí,,WWW.LALA.COM.MX,PALO VERDE,83280
54,01 Dictamen IFS,no,COMERCIAL ZAZUETA SA,1,101-250,Comercio mayoreo,Comercio al por mayor de abarrotes,MARTINA@COMERCIALZAZUETA.COM,no,,WWW.COMERCIALZAZUETA.COM,CENTRO,83000
54,01 Dictamen IFS,no,ELECTRO CONTROLES DEL NOROESTE SA DE CV,1,101-250,Comercio mayoreo,Comercio al por mayor de maquinaria y equipo para la industria manufac,REYNA.REA@ECNAUTOMATION.COM,sí,,WWW.ECNAUTOMATION.COM.MX,PROYECTO RIO SONORA,83270
54,01 Dictamen IFS,no,GRANJAS AVICOLAS RANCHO GRANDE S DE RL,1,101-250,Comercio mayoreo,Comercio al por mayor de huevo,RAFAEL.SOTO@RANCHOGRANDE.COM.MX,sí,,WWW.RANCHOGRANDE.COM,LA MANGA,83220
54,01 Dictamen IFS,no,INTERCARNES SA DE CV,1,101-250,Comercio mayoreo,Comercio al por mayor de embutidos,PCHAVEZ@BAFAR.COM.MX,no,,,QUINTA EMILIA,83220
54,01 Dictamen IFS,no,HORTALIZAS SINEXP S DE RL DE CV,1,101-250,Comercio mayoreo,Comercio al por mayor de conservas alimenticias,JENNIFER.ALEJANDRA@LIPMANFAMILYFARM.COM,sí,,WWW.LIPMANFAMILYFARMS.COM,VISTA BELLA,83174
54,01 Dictamen IFS,no,RCR REFRIGERACION SA DE CV,1,101-250,Comercio mayoreo,Comercio al por mayor de maquinaria y equipo para otros servicios y pa,JESUS.MOIZA@RCR.COM.MX,sí,,WWW.RCR.COM.MX,PARQUE INDUSTRIAL HERMOSILLO,
54,01 Dictamen IFS,no,RECUBRIMIENTOS PRODUCTOS Y SERVICIOS INDUSTRIALES SA DE CV,1,101-250,Comercio mayoreo,Comercio al por mayor de otras materias primas para otras industrias,BERENICE.ROSALES@REPROSISA.COM.MX,sí,,WWW.REPROSISA.COM.MX,COLONIA SAHUARO,
54,01 Dictamen IFS,no,GALLETAS CUETARA SA DE CV,1,101-250,Comercio mayoreo,Comercio al por mayor de pan y pasteles,HERMOSILLO@GCUETARA.COM.MX,no,,WWW.GCUETARA.COM.MX,MICRO PARQUE INDUSTRIAL PUEBLITOS,
54,01 Dictamen IFS,no,HIDRO GAS DE AGUA PRIETA SA DE CV,1,101-250,Comercio menudeo,Comercio al por menor de gas L. P. en cilindros y para tanques estacio,EMARTA.M@TOMZA.COM,sí,,,LA VICTORIA,83304
54,01 Dictamen IFS,no,SUPERMERCADO SAN FRANCISCO S DE RL DE CV,1,101-250,Comercio menudeo,"Comercio al por menor en tiendas de abarrotes, ultramarinos y miscelán",SUPERMERCADOSANFRANCISCO86@GMAIL.COM,no,,,CENTRO,83345
54,01 Dictamen IFS,no,AGN AVIATION SERVICES SA DE CV,1,101-250,Transportes,Otros servicios relacionados con el transporte aéreo,ARTURO.FLORES@SWISSPORT.COM,sí,,,LA MANGA,83220
54,01 Dictamen IFS,no,CLARVI TRANSPORTES SA DE CV,1,101-250,Transportes,Autotransporte foráneo de materiales y residuos peligrosos,VENTAS@CLARVI.COM,no,,WWW.CLARVI.COM,EL PARQUE,81259
54,01 Dictamen IFS,no,TRANSPORTES BIMO SA DE CV,1,101-250,Transportes,Autotransporte foráneo con refrigeración,NOMINA@TRANSPORTESBIMO.COM.MX,no,,,LA MANGA,83220
54,01 Dictamen IFS,no,HS SEREN DESARROLLOS Y CONSTRUCCINES SA DE CV,1,101-250,Transportes,Autotransporte local de materiales para la construcción,OFOCINASHERMOSILLOSON@OUTLOOK.COM,no,,,LAS PALMAS,83270
54,01 Dictamen IFS,no,TRASPORTADORA DE CARGA SONOT SA DE CV,1,101-250,Transportes,Otro autotransporte foráneo de carga especializado,ALEJANDRO.FERNANDEZ@SONOT.COM.MX,sí,,WWW.SONOT.COM.MX,EL LLANO,83210
54,01 Dictamen IFS,no,V A TRAVELS INTERNATIONAL SA DE CV,1,101-250,Transportes,Alquiler de autobuses con chofer,VENTAS.MEX@VYATRAVELS.COM,sí,,WWW.VYATRAVELS.COM,EL RANCHITO,83060
54,01 Dictamen IFS,no,MOVIMIENTO EXPRESS ALBATROS SA DE CV,1,101-250,Transportes,Servicios de mensajería y paquetería foránea,EXPRESSALBATROS@GMAIL.COM,no,,ALBATROSAUTOBUSES.COM,EL COLOSO,83040
54,01 Dictamen IFS,no,SATELITES MEXICANOS SA DE CV,1,101-250,Información,Operadores de servicios de telecomunicaciones vía satélite,JOSE.DIAZ@EUTELSAT.COM,sí,,,ALVARO OBREGON,83170
54,01 Dictamen IFS,no,TELEVISORA DE HERMOSILLO SA,1,101-250,Información,Estaciones de transmisión de programas de televisión,TELEMAXLDC@HOTMAIL.COM,no,,WWW.TELEMAX.COM.MX,VILLA SATELITE,83200
54,01 Dictamen IFS,no,INMOBILIARIA NEGOPLAZA DE HERMOSILLO SA,1,101-250,Inmobiliario,Alquiler sin intermediación de oficinas y locales comerciales,AVALDEZ@CANORA.COM.MX,no,,,REAL DEL ARCO,83240
54,01 Dictamen IFS,no,MEX MATERIAL HANDLING SA,1,101-250,Inmobiliario,"Alquiler de maquinaria y equipo para mover, levantar y acomodar materi",JRODRIGUEZ@MMH.COM.MX,no,,WWW.MMH.COM.MX,PARQUE INDUSTRIAL,
54,01 Dictamen IFS,no,GLOBAL VOIP DE MEXICO SA DE CV,1,101-250,Serv. profesionales,Servicios de diseño de sistemas de cómputo y servicios relacionados,APAZ@GBVOPI.COM,no,,GLOBALVOIP.COM.MX,PROYECTO RIO SONORA HERMOSILLO,83270
54,01 Dictamen IFS,no,GRUPO LOGISTICO DLN SA,1,101-250,Serv. profesionales,Servicios de consultoría en administración,GPOLOGISTICO.DLN@GMAIL.COM,sí,,,LAS QUINTAS,83240
54,01 Dictamen IFS,no,BL DISEÑO Y MANTENIMIENTO EMPRESARIAL SA,1,101-250,Apoyo a negocios,Servicios de limpieza de inmuebles,ADMI.HERMOSILLO@BLDM.MX,sí,,,FUENTES DEL MEZQUITAL,83240
54,01 Dictamen IFS,no,CORPORATIVO DE EMPRESAS AGGALL SC,1,101-250,Apoyo a negocios,Servicios de administración de negocios,JORGE.MORENO@COLIMAN.COM,sí,,WWW.COLIMAN.MX,LIBERTAD,83130
54,01 Dictamen IFS,no,GEN INDUSTRIAL SA DE CV,1,101-250,Apoyo a negocios,Recolección de residuos no peligrosos por el sector privado,FISCAL@PASA.MX,no,,WWW.PASA.COM.MX,PARQUE INDUSTRIAL,
54,01 Dictamen IFS,no,GRUPO MAYA PROTECCION PERSONAL PRIVADA Y EMPRESARIAL SA DE CV,1,101-250,Apoyo a negocios,"Servicios de investigación y de protección y custodia, excepto mediant",CONTACTO.SONORA@MAYASEGURIDAD.MX,sí,,WWW.MAYASEGURIDAD.MX,BUGAMBILIAS,83140
54,01 Dictamen IFS,no,HABLATEL CENTER CONTAC SC DE RL DE CV,1,101-250,Apoyo a negocios,Servicios de recepción de llamadas telefónicas y promoción por teléfon,CRISTIANMINERO@HABLA-TEL.COM.MX,no,,WWW.HABLA-TEL.COM,EMILIANO ZAPATA,83280
54,01 Dictamen IFS,no,ISS FACILITY SERVICES SA,1,101-250,Apoyo a negocios,Servicios de limpieza de inmuebles,VIRIDIANA.HILERIO@MX.ISSWORLD.COM,sí,,WWW.MX.ISSWORLD.COM.MX,SAN BENITO,83190
54,01 Dictamen IFS,no,M&A CLEANER AND DEVELOPMENT SA,1,101-250,Apoyo a negocios,Servicios de limpieza de inmuebles,MAXILIMPIO@HOTMAIL.COM,no,,WWW.MAXILIMPIO.COM,JEREZ DE VALLE,83175
54,01 Dictamen IFS,no,SISTEMA ESPECIALIZADO DE MONITOREO INTEGRAL CASSA SA DE CV,1,101-250,Apoyo a negocios,"Servicios de investigación y de protección y custodia, excepto mediant",VHERNANDEZ@COMERCIALSANITARIA.COM.MX,no,,,HERMOSILLO CENTRO,83079
54,01 Dictamen IFS,no,NOR SEG SERVICIOS DE SEGURIDAD PRIVADA SA DE CV,1,101-250,Apoyo a negocios,"Servicios de investigación y de protección y custodia, excepto mediant",CESARRESENDIZ@NOR-SEG.COM.MX,no,,WWW.NOR-SEG.NET,CENTRO,83000
54,01 Dictamen IFS,no,SEPSA SA DE CV,1,101-250,Apoyo a negocios,"Servicios de investigación y de protección y custodia, excepto mediant",GERENCIA.HERMOSILLO@GRUPOSEPSA.COM.MX,sí,,HTTPS://WWW.GRUPOSEPSA.COM.MX/,SAN BENITO,83190
54,01 Dictamen IFS,no,SERVICIO PANAMERICANO DE PROTECCION SA DE CV,1,101-250,Apoyo a negocios,"Servicios de investigación y de protección y custodia, excepto mediant",JOSUE.HERNANDEZ@SERPAPROSA.COM.MX,sí,,WWW.PANAMERICANO.MX,BALDERRAMA,83190
54,01 Dictamen IFS,no,CORCOM SA DE CV,1,101-250,Apoyo a negocios,Servicios de administración de negocios,BENJAMIN.GARCIA@TE.COM,sí,,WWW.TECONNECTIVITY.COM,HERMOSILLO NORTE,83118
54,01 Dictamen IFS,no,TRAIDING SERVICE GREEAN SA DE CV,1,101-250,Apoyo a negocios,"Servicios de investigación y de protección y custodia, excepto mediant",TSG.SEGURIDADPRIVADA@GMAIL.COM,sí,,,LAS LOMAS,83293
54,01 Dictamen IFS,no,VSH VIGILANCIA Y PROTECCION SA DE CV,1,101-250,Apoyo a negocios,Servicios de protección y custodia mediante el monitoreo de sistemas d,RAULROMERO@VSH-SEGURIDAD.COM,no,,WWW.VSH-SEGURIDAD.COM,PASEO RIO SONORA,83270
54,01 Dictamen IFS,no,CBTIS NO 11,1,101-250,Educación,Escuelas de educación media superior del sector público,CBTIS011.ADMINISTRATIVOS@DGETI.SEMS.GOB.MX,no,,,SACRAMENTO,83144
54,01 Dictamen IFS,no,COLEGIO REGIS S DE RL DE CV,1,101-250,Educación,Escuelas del sector privado que combinan diversos niveles de educación,CAROLINA.ESPINOZA@REGISLASALLE.EDU.MX,sí,,WWW.REGISLASALLE.EDU.MX,PITIC,83150
54,01 Dictamen IFS,no,INSTITUTO ANGLO-MEXICANO AC,1,101-250,Educación,Escuelas del sector privado que combinan diversos niveles de educación,ELIZABETHFERRAARMENTAN@INAM.EDU.MX,no,,WWW.INAM.EDU.MX,PALMAR DEL SOL,83250
54,01 Dictamen IFS,no,TECNOLOGICO NACIONAL DE MEXICO CAMPUS HERMOSILLO,1,101-250,Educación,Escuelas de educación superior del sector público,DIR_HERMOSILLO@TECNM.MX,sí,,WWW.ITH.MX,EL SAHUARO,83170
54,01 Dictamen IFS,no,CENTRO CULTURAL KINO SC,1,101-250,Educación,Escuelas del sector privado que combinan diversos niveles de educación,INFORMES@IRLANDESHERMOSILLO.COM,no,,WWW.IRISHHERMOSILLO.COM,LAS RIBERAS DEL PITIC,
54,01 Dictamen IFS,no,FOMENTO EDUCATIVO INTEGRAL DE HERMOSILLO AC,1,101-250,Educación,Escuelas del sector privado que combinan diversos niveles de educación,INFOADMINISTRATIVO@THEZIA.EDU.MX,no,,WWW.THEZIA.EDU.MX,LA JOYA,83159
54,01 Dictamen IFS,no,A MAS CENTROS SC,1,101-250,Educación,Escuelas del sector privado que combinan diversos niveles de educación,RECEPCION@COLEGIOSANJOSE.EDU.MX,no,,WWW.SANJOSELEARNINGCOMMUNITY.EDU.MX,LAS RIVERAS DEL PITIC,
54,01 Dictamen IFS,no,PATRONATO CULTURAL VIZCAYA S DE RL DE CV,1,101-250,Educación,Escuelas de educación superior del sector privado,CONTACTO@UVA.EDU.MX,no,,WWW.UVA.EDU.MX,LAS QUINTAS,83240
54,01 Dictamen IFS,no,HOSPITAL HERMOSILLO SA DE CV,1,101-250,Salud,Hospitales del sector privado de otras especialidades médicas,CONTABILIDAD-LICONA@OUTLOOK.COM,no,,WWW.HOSPITALLICONA.COM.MX,CENTRO,83000
54,01 Dictamen IFS,no,SONORA LABS SC,1,101-250,Salud,Laboratorios médicos y de diagnóstico del sector privado,ADMINISTRACION@SONORALABS.MX,no,,WWW.SONORALABS.MX,LAS QUINTAS,83240
54,01 Dictamen IFS,no,OPERADORA DE HOTELES SONOT SA DE CV,1,101-250,Hospedaje y alimentos,Hoteles con otros servicios integrados,RECURSOSHUMANOS@MARSELLA45.MX,no,,WWW.MARSELLA45.MX,CENTENARIO,83260
54,01 Dictamen IFS,no,INMOBILIARIA TURISTICA FERROL SA DE CV,1,101-250,Hospedaje y alimentos,Hoteles con otros servicios integrados,RECEPCIONHOTELSANTIAGOPLAZA@HOTMAIL.COM,no,,WWW.HOTELSANTIAGOPLAZA.COM,OLIVARES,83180
54,01 Dictamen IFS,no,SERVICIO INDUSTRIAL DE COMEDORES SA DE CV,1,101-250,Hospedaje y alimentos,Servicios de comedor para empresas e instituciones,MVERA@ALIMENTRO.COM.MX,no,,,SAN BENITO,83190
54,01 Dictamen IFS,no,COMITE ESTATAL DE SANIDAD VEGETAL DE SONORA,1,101-250,Otros servicios,Asociaciones y organizaciones civiles,RECURSO.HUMANOS@CESAVESON.COM,sí,,WWW.CESAVESON.COM,CASA BLANCA,83079
54,01 Dictamen IFS,no,MANUFACTURA INTEGRAL Y CONFORMACION METALMECANICA SA,1,101-250,Otros servicios,Reparación y mantenimiento de maquinaria y equipo industrial,SILVIARIVES@GMAIL.COM,no,,,PARQUE INDUSTRIAL HERMOSILLO,83299
54,01 Dictamen IFS,no,SERVICIOS INDUSTRIALES Y METAL MECANICA MOLINA SA,1,101-250,Otros servicios,Reparación y mantenimiento de maquinaria y equipo industrial,FACTURACION@SIMMSA.COM.MX,no,,WWW.SIMMSA.COM.MX,PROYECTO RIO SONORA,83270
54,01 Dictamen IFS,no,SISA &AUT SA DE CV,1,101-250,Otros servicios,Reparación y mantenimiento de maquinaria y equipo industrial,CONTACTO@SISTEMASAUTOMATIZADOS.NET,no,,WWW.SISTEMASAUTOMATIZADOS.COM,PARQUE INDUSTRIAL,83299
53,03 Expediente Vivo,no,VARANTECH DE MEXICO SA DE CV,2,51-100,Construcción,Edificación de vivienda unifamiliar,VARANTECHDEMEXICO@GMAIL.COM,no,6624997754,,SAN BENITO,
53,03 Expediente Vivo,no,SEI TETRA SA DE CV,2,51-100,Serv. profesionales,Servicios de ingeniería,MANUEL.ALVAREZ@SEITETRA.COM.MX,sí,6621872421,WWW.SEITETRA.COM.MX,SAN BENITO,83190
53,03 Expediente Vivo,no,FORMACION EDUCATIVA Y CRECIMIENTO CULTURAL DEL PACIFICO AC,2,51-100,Educación,Escuelas de educación preescolar del sector privado,CDOHILLO@SISTEMAVALLADOLID.COM,no,6621864498,WWW.SISTEMAVALLADOLID.COM,ALTARES,83296
53,03 Expediente Vivo,sí,SERVICIO DE SALUD DE SONORA,2,51-100,Salud,Otros consultorios del sector público para el cuidado de la salud,CSRBAHIADEKINO@GMAIL.COM,no,6622100171,,CENTRO,83340
53,03 Expediente Vivo,sí,CLINICA DE INFERTILIDAD HERMOSILLO SA DE CV,2,51-100,Salud,Centros de planificación familiar del sector privado,HERMOSILLO@EMBRYOGEN.COM.MX,no,6622601120,WWW.EMBRYOGEN.COM,EL LLANITO,83220
53,03 Expediente Vivo,sí,DIVERTIMEX SA DE CV,2,51-100,Esparcimiento,Otros juegos de azar,CONTA@DIVERTIMEX.COM,no,6621962995,,PROYECTO RIO SONORA,
52,03 Expediente Vivo,sí,FERRETERAS PARTIDA SA DE CV,4,31-50,Comercio menudeo,Comercio al por menor en ferreterías y tlapalerías,HETOR_LEYVA@HOTMAIL.COM,sí,,,ZONA INDUSTRIAL,83118
52,03 Expediente Vivo,sí,LB SUPER LEYVA SA DE CV,4,31-50,Comercio menudeo,"Comercio al por menor en tiendas de abarrotes, ultramarinos y miscelán",JUANITA@LBSUPERLEYVA.COM.MX,no,,WWW.LBSUPERLEYVA.COM.MX,PUEBLITOS PUEBLO GRANDE,83117
52,03 Expediente Vivo,no,SEP,2,101-250,Educación,Escuelas de educación primaria del sector público,,no,,,PASEOS DEL PEDREGAL SECCION II,83118
51,03 Expediente Vivo,sí,7-ELEVEN MEXICO SA DE CV,19,11-30,Comercio menudeo,Comercio al por menor en minisupers,EDGARDO.ALVAREZ@7-ELEVEN.COM.MX,sí,8181580711,WWW.7-ELEVEN.COM.MX,JESUS GARCIA,
50,03 Expediente Vivo,no,TAOS ALIMENTOS SA DE CV,2,51-100,Manufactura,"Corte y empacado de carne de ganado, aves y otros animales comestibles",LSANTELIZ@TAOS.COM.MX,no,,,PARQUE INDUSTRIAL,
50,03 Expediente Vivo,no,ALPLA MEXICO SA DE CV,2,51-100,Manufactura,Fabricación de botellas de plástico,JOSUE.ROJAS@ALPLA.COM,sí,,,EL LLANITO,
50,03 Expediente Vivo,no,CONCRETOS PITIC SA,2,51-100,Manufactura,Fabricación de concreto,EMMA.LOPEZ@CONCRETOSPITIC.COM,sí,,WWW.CONCRETOSPITIC.COM.MX,PROLONGACION LA MANGA,
50,03 Expediente Vivo,no,CONSTRUCCIONES SERVICIOS Y DISTRIBUCIONES DE BC SA DE CV,2,51-100,Manufactura,Fabricación de otros productos de hierro y acero,JUANITAAMAYA@GRUPOCSYD.COM,no,,WWW.GRUPOCSYD.COM,PARQUE INDUSTRIAL HERMOSILLO,83293
50,03 Expediente Vivo,no,OPTIMUM TURBINE MANUFACTURE SAPI DE CV,2,51-100,Manufactura,Fabricación de equipo aeroespacial,IMPOR_EXPOR@OPTIMUMTURBINES.COM,sí,,WWW.OPTIMUMTURBINES.COM,COL. EL LLANITO,
50,03 Expediente Vivo,no,CASA AYALA DEL NOROESTE SA DE CV,2,51-100,Comercio mayoreo,Comercio al por mayor de abarrotes,CANSA_XML2@OUTLOOK.COM,no,,WWW.CASAAYALA.MX,ALVARO OBREGON,83170
50,03 Expediente Vivo,no,CY ALIMENTOS SA DE CV,2,51-100,Comercio mayoreo,Comercio al por mayor de carne de aves,GERENCIAADMINISTRATIVA@CYALIMENTOS.COM,no,,,UNION DE LADRILLERON,83179
50,03 Expediente Vivo,no,AUTOPARTES Y MAS SA DE CV,2,51-100,Comercio mayoreo,"Comercio al por mayor de partes y refacciones nuevas para automóviles,",HERMOSILLO@APYMSA.COM.MX,no,,WWW.APYMSA.COM.MX,CENTRO,83000
50,03 Expediente Vivo,no,T Y P REFRIGERACION SA DE CV,2,51-100,Comercio mayoreo,Comercio al por mayor de otra maquinaria y equipo de uso general,MAYOREO@TYPREFRIGERACION.COM.MX,no,,WWW.TYP.MX,EL LLANO,
50,03 Expediente Vivo,sí,FERRETERIA LA RUMBA SA DE CV,2,51-100,Comercio menudeo,Comercio al por menor en ferreterías y tlapalerías,PAGOS@LARUMBA.COM.MX,no,,WWW.LARUMBA.COM.MX,POBLADO MIGUEL ALEMAN,
50,03 Expediente Vivo,sí,SENBIS SA DE CV,2,51-100,Comercio menudeo,"Comercio al por menor de ropa, excepto de bebé y lencería",ELIZABETH.SANTIAGO@LIVE.COM.MX,sí,,WWW.SENSACION.COM.MX,CENTRO,
50,03 Expediente Vivo,sí,AEROPUERTO DE HERMOSILLO SA DE CV,2,51-100,Transportes,Administración de aeropuertos y helipuertos,CMONTOYA@AEROPUERTOSGAP.COM.MX,no,,AEROPUERTOSGAP.COM.MX,LA MANGA,83220
50,03 Expediente Vivo,no,SEPSA CUSTODIA DE VALORES SA DE CV,2,51-100,Apoyo a negocios,"Servicios de investigación y de protección y custodia, excepto mediant",LMENESES@GSI.COM.MX,no,,WWW.SEPSACUSTODIAS.COM.MX,SAN BENITO,83190
50,03 Expediente Vivo,no,CENTRO REGIONAL DE FORMACION PROFESIONAL DOCENTE DE SONORA,2,51-100,Educación,Escuelas de educación superior del sector público,ENEF.DIRECCION@CRESON.EDU.MX,sí,,WWW.CRESON.SOMORA.GOB.MX,CASA BLANCA,83079
50,03 Expediente Vivo,no,CAMINITO FELIZ SC,2,51-100,Educación,Escuelas de educación primaria del sector privado,CONTACTOHMO@COLEGIOCONCORDIA.EDU.MX,no,,WWW.COLEGIOCONCORDIA.EDU.MX,LAS PALMAS,83270
50,03 Expediente Vivo,no,COLEGIO HIGHLAND DEL NOROESTE SC,2,51-100,Educación,Escuelas del sector privado que combinan diversos niveles de educación,CONTAHILLO@HOTMAIL.COM,no,,WWW.HIGHLANDSCHOOL.COM,COLINAS DEL BACHOCO,83104
50,03 Expediente Vivo,no,CENTRO DE EDUCACION BILINGUE SC,2,51-100,Educación,Escuelas del sector privado que combinan diversos niveles de educación,FACTURAS@CEBHERMOSILLO.EDU.MX,no,,WWW.CEB.MX,SAN BENITO,83190
50,03 Expediente Vivo,sí,DIAGNOSTICO POR IMAGENES DE HERMOSILLO SA DE CV,2,51-100,Salud,Laboratorios médicos y de diagnóstico del sector privado,CONTADORARIVERA@OUTLOOK.COM,no,,,COLINAS DEL BACHOCO,83148
50,03 Expediente Vivo,sí,OPERADORA DIQUI SAPI DE CV,2,51-100,Hospedaje y alimentos,Hoteles con otros servicios integrados,LOURDES.CERNA@HISHERMOSILLO.COM,sí,,,QUINTA EMILIA,
50,03 Expediente Vivo,sí,JUDICO LOS ARBOLITOS SA DE CV,2,51-100,Hospedaje y alimentos,Restaurantes con servicio de preparación de pescados y mariscos,CONTABILIDAD@LOSARBOLITOS.MX,no,,WWW.MARISCOSLOSARBOLITOS.COM,CUARTEL 15,83145
50,03 Expediente Vivo,sí,AUTO CLINICA CARROCERIA SA,2,51-100,Otros servicios,Hojalatería y pintura de automóviles y camiones,CONTRALORIA@GRIHOP.COM,no,,,QUINTA EMILIA,83214
49,01 Dictamen IFS,no,BETA PROCESOS SA DE CV,1,101-250,Manufactura,"Fabricación de jabones, limpiadores y dentífricos",,no,6624454756,,MARIACHI,
49,01 Dictamen IFS,no,MANUFACTURAS PITIC S DE RL DE CV,1,101-250,Manufactura,Fabricación de cables de conducción eléctrica,,no,6624353983,PITICMANUFACTURING.COM,LABOR,83210
48,03 Expediente Vivo,sí,CAFE SIRENA S DE RL DE CV,8,11-30,Hospedaje y alimentos,"Cafeterías, fuentes de sodas, neverías, refresquerías y similares",TUOPINION@STARBUCKS.COM.MX,no,,WWW.STARBUCKS.COM.MX,CRUZ GALVEZ,83016
47,01 Dictamen IFS,no,SAPUCHI MINERA S DE RL,1,51-100,Minería,Minería de oro,ABUSTAMANTE@OSISKODEV.COM,no,6624760605,WWW.OSISKODEV.COM,SAN BENITO,
47,01 Dictamen IFS,no,CONSTRUCCIONES Y DISENOS OPOSURA SA DE CV,1,51-100,Construcción,"Edificación de naves y plantas industriales, excepto la supervisión",CYDOPOSURA@HOTMAIL.COM,no,6622542712,,VALLE DEL MARQUEZ,
47,01 Dictamen IFS,no,TECNOCONSTRUCCIONES VAL SA DE CV,1,51-100,Construcción,Edificación de vivienda unifamiliar,TECVAL.SADECV@HOTMAIL.COM,sí,6621427604,,LOS VIÑEDOS,
47,01 Dictamen IFS,no,FAISA CONSTRUCCIONES SA DE CV,1,51-100,Construcción,"Edificación de naves y plantas industriales, excepto la supervisión",JESUSFHS@HOTMAIL.COM,no,6622185764,,CONSTITUCION,
47,01 Dictamen IFS,no,IMM INDUSTRIAS METALMECANICAS Y MINERAS SA DE CV,1,51-100,Construcción,Preparación de terrenos para la construcción,IMM012006@HOTMAIL.COM,no,6622984194,,LAS GRANJAS,
47,01 Dictamen IFS,no,SNB DESARROLLOS ELECTRICOS SA DE CV,1,51-100,Construcción,Instalaciones eléctricas en construcciones,FACTURACION@SNB.COM.MX,no,6622100088,,SAN BENITO,83190
47,01 Dictamen IFS,no,SPAZICORP SA DE CV,1,51-100,Construcción,"Edificación de inmuebles comerciales y de servicios, excepto la superv",PATYL@ESPARCICOP.COM,no,6624756549,,LAS QUINTAS,
47,01 Dictamen IFS,no,GESTIONES EMPRESARIALES DE SONORA S DE RL DE CV,1,51-100,Manufactura,Congelación de guisos y otros alimentos preparados,LSANTELIZ@TAOS.MX,no,6621836743,,PARQUE INDUSTRIAL,83299
47,01 Dictamen IFS,no,NO 3 SONORA APPAREL SA DE CV,1,51-100,Manufactura,"Fabricación de bolsos de mano, maletas y similares",JOSE@MINAGROUP.COM.MX,no,6621050651,,LOS ARCOS,83250
47,01 Dictamen IFS,no,VINCENZO LIFTING DIVISION SA,1,51-100,Manufactura,Fabricación de redes y otros productos de cordelería,ANA.PINA@MAZZELLACOMPANIES.COM,sí,6621422173,,EL LLANITO,
47,01 Dictamen IFS,no,CALHIDRA DE SONORA SA DE CV,1,51-100,Manufactura,Fabricación de cal,MMORANV@CALIDRA.COM.MX,no,6623596807,WWW.CALHIDRA.COM,PARQUE INDUSTRIAL,
47,01 Dictamen IFS,no,COLOR EXPRESS DE MEXICO SA DE CV,1,51-100,Manufactura,Impresión de formas continuas y otros impresos,COLORFILES@GMAIL.COM,no,6622147578,,SAN BENITO,83190
47,01 Dictamen IFS,no,CORROSION FRP COMPOSITES SA DE CV,1,51-100,Manufactura,Fabricación de envases y contenedores de plástico para embalaje con y ,FATIMA@COMPOMEX.COM,no,6621424710,WWW.COMPOMEX.COM,PARQUE INDUSTRIAL,83297
47,01 Dictamen IFS,no,MONTAPLAST AUTOMOTIVE SYSTEMS MEXICO S DE RL DE CV,1,51-100,Manufactura,Fabricación de autopartes de plástico con y sin reforzamiento,ACANALE@MONTAPLAST.COM,no,6622448218,WWW.MONTAPLAST.COM,PARQUE INDUSTRIAL DINATECH SUR,
47,01 Dictamen IFS,no,FACTIV INDUSTRIAL SA DE CV,1,51-100,Manufactura,Fabricación de estructuras metálicas,FACTIVINDUSTRIAL@GMAIL.COM,no,6622726642,WWW.FACTIVINDUSTRIAL.COM,PARQUE INDUSTRIAL,83299
47,01 Dictamen IFS,no,COMERCIAL TUKSONORA SA DE CV,1,51-100,Comercio mayoreo,Comercio al por mayor de artículos de papelería,CONTABILIDAD@TUKSONORA.COM,no,6622153040,WWW.TUKSONORA.COM,JESUS GARCIA,
47,01 Dictamen IFS,no,CUMMINS MINING SERVICE S DE RL DE CV,1,51-100,Comercio mayoreo,Comercio al por mayor de maquinaria y equipo para la construcción y la,SOFIA.MORALES.GONZALEZ@CUMMINS.COM,no,6622008431,,LOMA LINDA,
47,01 Dictamen IFS,no,ELECTRO METALIC SOLUTIONS SA DE CV,1,51-100,Comercio mayoreo,Comercio al por mayor de materiales metálicos para la construcción y l,INFO@ELECTRO-METALIC.COM,no,6622232227,WWW-.ELECTRO-METALIC.COM,LA MANGA,
47,01 Dictamen IFS,no,FRUVER SA DE CV,1,51-100,Comercio mayoreo,Comercio al por mayor de frutas y verduras frescas,C.RAMIREZ@FRUVER.COM.MX,sí,6621841217,WWW.FRUVER.COM.MX,EL LLANO,
47,01 Dictamen IFS,no,MATERIALES PRODUCTIVOS E INDUSTRIALES SA DE CV,1,51-100,Comercio mayoreo,"Comercio al por mayor de envases en general, papel y cartón para la in",ILSEV@MAPISA.COM.MX,no,6622605800,WWW.MAPISA.COM.MX,UNION DE LADRILLEROS,
47,01 Dictamen IFS,no,DEX DEL NOROESTE SA DE CV,1,51-100,Comercio menudeo,Comercio al por menor de artículos de papelería,IGNACIO.CONTRERAS@DEXDELNOROESTE.COM,sí,6621420654,WWW.DEXDELNOROESTE.COM,SAN BENITO,
47,01 Dictamen IFS,no,FILYREF SA DE CV,1,51-100,Comercio menudeo,"Comercio al por menor de aceites y grasas lubricantes, aditivos y simi",FILYREF@HOTMAIL.COM,no,6622158687,,BALDERRAMA,
47,01 Dictamen IFS,no,SUPER AUTOS SA DE CV,1,51-100,Comercio menudeo,Comercio al por menor de automóviles y camionetas nuevos,MEJORACONTINUA@SUPERAUTOSPREMIER.COM.MX,no,6621839018,WWW.SUPERAUTOCHEVROLET.COM.MX,SACRAMENTO RESIDENCIAL,
47,01 Dictamen IFS,no,QPN MONTERREY SA DE CV,1,51-100,Transportes,Servicios de mensajería y paquetería foránea,SERVICIOACLIENTES.HERMOSILLO@QUALITYPOST.COM.MX,sí,6623258089,WWW.QUALITYPOST.COM.MX,SAN BENITO,83190
46,01 Dictamen IFS,no,AQUACTIVA SA DE CV,1,101-250,Agro,Camaronicultura y acuicultura de otros crustáceos en agua salada,,no,,,CENTRO,
46,01 Dictamen IFS,no,GRANJA PRODUCTORA DE CAMARON SA DE CV,1,101-250,Agro,Camaronicultura y acuicultura de otros crustáceos en agua salada,,no,,,CONTRY CLUB,
46,01 Dictamen IFS,no,INGENIERIA PROYECTOS ELECTRICOS Y REFRIGERACION SA DE CV,1,101-250,Construcción,Construcción de obras de generación y conducción de energía eléctrica,,no,,WWW.IPER.COM.MX,BALDERRAMA,83180
46,01 Dictamen IFS,no,ZARGA COMERCIAL SA DE CV,1,101-250,Construcción,Construcción de obras de urbanización,,no,,WWW.CATORCEMINIG.COM,SANTA FE,
46,03 Expediente Vivo,no,TOSTADAS DE MAIZ ESPINOZA SA DE CV,3,31-50,Manufactura,Elaboración de botanas,TOSTADITAS@HOTMAIL.COM,no,,,SAN PEDRO EL SAUCITO,83305
46,03 Expediente Vivo,no,QUIMICA PIMA SA DE CV,3,31-50,Manufactura,Fabricación de fertilizantes,EARELLANO@QUIMICA.COM,no,,WWW.QUIMICAPIMA.COM,PARQUE INDUSTRIAL,
46,01 Dictamen IFS,no,US WIRE GROUP S DE RL DE CV,1,101-250,Manufactura,Fabricación de equipo eléctrico y electrónico y sus partes para vehícu,,no,,,LA MANGA,83175
46,01 Dictamen IFS,no,IMPULSORA SAHUAYO SA DE CV,1,101-250,Comercio mayoreo,Comercio al por mayor de abarrotes,,no,,WWW.SAHUAYO.COM.MX,ALVARO OBREGON,
46,03 Expediente Vivo,sí,GRUPO EL REY CORPORATIVO SA DE CV,3,31-50,Comercio menudeo,Comercio al por menor de gasolina y diesel,FISCALISTA@ELREYGRUPOGASOLINERO.COM,no,,WWW.ELREYGRUPOGASOLINERO.COM,EMILIANO ZAPATA,83280
46,01 Dictamen IFS,no,PLANTA ALMACENADORA DE GAS SA DE CV,1,101-250,Comercio menudeo,Comercio al por menor de gas L. P. en cilindros y para tanques estacio,,no,,WWW.GRUPOPAGASA.COM,LA VICTORIA,
46,03 Expediente Vivo,sí,PRODUCTOS Y SERVICIOS DEL NOROESTE SA,3,31-50,Comercio menudeo,"Comercio al por menor de llantas y cámaras para automóviles, camioneta",DIRECCION@SUPERLLANTAS.COM.MX,no,,WWW.SUPERLLANTAS.COM.MX,HERMOSILLO,83299
46,01 Dictamen IFS,no,TUM TRANSPORTISTAS UNIDOS MEXICANOS DIVISION NORTE SA DE CV,1,101-250,Transportes,Otro autotransporte foráneo de carga general,,no,,,PARQUE INDUSTRIAL DINATECH,83297
46,01 Dictamen IFS,no,YUKI LOGISTICA DELNOROESTE SA DE CV,1,101-250,Transportes,Transporte escolar y de personal,,no,,,UNION DE LADRILLEROS,83179
46,01 Dictamen IFS,no,PAQUETEXPRESS SA DE CV,1,101-250,Transportes,Servicios de mensajería y paquetería foránea,,no,,,CASA BONITA,83150
46,01 Dictamen IFS,no,PROFUTURO AFORE SA DE CV SA DE CV,1,101-250,Financieros,Administración de cajas de pensión y de seguros independientes,,no,,WWW.PROFUTURO.MX,PITIC,83150
46,01 Dictamen IFS,no,SEGUROS MONTERREY NEW YORK LIFE SA DE CV,1,101-250,Financieros,Compañías de seguros,,no,,,VALLE HERMOSO,83209
46,01 Dictamen IFS,no,ALQUILADORA DE VEHICULOS AUTOMOTORES SA DE CV,1,101-250,Inmobiliario,Alquiler de automóviles sin chofer,,no,,WWW.HERTZMEXICO.COM,LOMAS DE OITC,
46,03 Expediente Vivo,no,ALS CHEMEX DE MEXICO SA DE CV,3,31-50,Serv. profesionales,Laboratorios de pruebas,BEATRIZ.MONTANO@ALSGLOBAL.COM,sí,,WWW.ALSGLOBAL.COM.MX,TIERRA Y LIBERTAD,83130
46,03 Expediente Vivo,sí,PROMOCIONES E INVERSIONES DE GUERRERO SAPI DE CV,3,31-50,Esparcimiento,Otros juegos de azar,JAHERNANDEZV@PRINGSA.COM,no,,,PERISUR,83299
46,01 Dictamen IFS,no,FIDEICOMISO F-1596,1,101-250,Hospedaje y alimentos,Hoteles con otros servicios integrados,,no,,,LOMAS,83010
44,01 Dictamen IFS,no,GRAN KINO SINALOENSE SA DE CV,1,51-100,Agro,Camaronicultura y acuicultura de otros crustáceos en agua salada,JORGEORTEGA@GRANKINO.COM.MX,no,,,LOS ARCOS,
44,01 Dictamen IFS,no,VIÑEDOS 2000,1,51-100,Agro,Otros servicios relacionados con la agricultura,REYNA@GRUPOCASTELO.COM,no,,WWW.GRUPOCASTELO.COM,VALLE VERDE,83200
44,01 Dictamen IFS,no,BOYTEC SONDAJES DE MEXICO SA DE CV,1,51-100,Minería,Otros servicios relacionados con la minería,GERARDO.MORENO@BOYTEC.COM.MX,sí,,,VILLA SOL,83240
44,01 Dictamen IFS,no,ITZCOATL DRILLING SERVICES SA DE CV,1,51-100,Minería,Otros servicios relacionados con la minería,MARIA.FLORENT@ITZCOATLDRILLING.COM,sí,,WWW.ITZCOATLDRILING.COM,QUINTA EMILIA,83214
44,01 Dictamen IFS,no,MINERA COLUMBIA DE MEXICO SAPI DE CV,1,51-100,Minería,Minería de oro,MARIA.JAIME@AUTLAN.COM.MX,sí,,,LAS QUINTAS,
44,01 Dictamen IFS,no,MINERA ROCA RODANDO S MINERA S DE RL,1,51-100,Minería,Minería de otras arcillas y de otros minerales refractarios,KAREN.RIOS@IMERYS.COM,sí,,WWW.IMERYS.COM,MINERA NICO,83165
44,01 Dictamen IFS,no,MINERA TITAN SA DE CV,1,51-100,Minería,Minería de plata,IVONNE.RODRIGUEZ@DISCOVERYSILVER.COM,sí,,WWW.DISCOVERYSILVER.COM,LOMA LINDA,
44,01 Dictamen IFS,no,ADMICONS EL ALAMO SA DE CV,1,51-100,Construcción,Edificación de vivienda unifamiliar,SANBOSCO81@HOTMAIL.COM,no,,,SAN BENITO,
44,01 Dictamen IFS,no,AGUIRRE CONSTRUCCIONES SA DE CV,1,51-100,Construcción,"Edificación de inmuebles comerciales y de servicios, excepto la superv",AGUIRREARQCO@GMAIL.COM,no,,,EL MARIACHI,83010
44,01 Dictamen IFS,no,ALFA LEAN CONSTRUCTION SA DE CV,1,51-100,Construcción,"Edificación de inmuebles comerciales y de servicios, excepto la superv",CONTACTO@ALFALEANCONTRUCTION.COM,no,,WWW.ALFALEANCONTRUCTION.COM,ZONA MILITAR,
44,01 Dictamen IFS,no,BARREN S DE RL DE CV,1,51-100,Construcción,Construcción de obras de urbanización,URBANIZADORABARREN@GMAIL.COM,no,,,SAN BENITO,83190
44,01 Dictamen IFS,no,CALUMA CONSTRUCCIONES SA DE CV,1,51-100,Construcción,"Edificación de naves y plantas industriales, excepto la supervisión",COYITOMAR@HOTMAIL.COM,no,,,CENTRO,
44,01 Dictamen IFS,no,CONSTRUDISENOS DE SONORA SA DE CV,1,51-100,Construcción,"Edificación de inmuebles comerciales y de servicios, excepto la superv",CODISOSA@HOTMAIL.COM,no,,,JESUS GARCIA,83140
44,01 Dictamen IFS,no,DATA MATENIMIENTO INDUSTRIAL SA DE CV,1,51-100,Construcción,Instalaciones eléctricas en construcciones,ADMIN@DATAINDUSTRIAL.MX,no,,WWW.DATAINDUSTRIAL.MX,LAS QUINTAS,83240
44,01 Dictamen IFS,no,EFFORT DESARROLLOS SA DE CV,1,51-100,Construcción,Edificación de vivienda unifamiliar,EFFORT.DESARROLLOS@GMAIL.COM,sí,,,LEY 57,83130
44,01 Dictamen IFS,no,ELECTRICA ASELCO SA DE CV,1,51-100,Construcción,Construcción de obras de generación y conducción de energía eléctrica,VENTAS@ASEOEC.MX,no,,WWW.ASELEC.MX,SAN BENITO,
44,01 Dictamen IFS,no,ELECTRO SISTEMAS MEXICANOS SA DE CV,1,51-100,Construcción,Instalaciones eléctricas en construcciones,CONTACTO@ELECTROSISTEMAS.COM,no,,WWW.ELECTROSISTEMAS.COM,LA MANGA,83220
44,01 Dictamen IFS,no,GRUPO ADC RET,1,51-100,Construcción,"Construcción de carreteras, puentes y similares",GRUPOADCRET@ADCRET.COM,no,,,5 DE MAYO,83010
44,01 Dictamen IFS,no,ICCARSON DESARROLLOS SA DE CV,1,51-100,Construcción,"Edificación de inmuebles comerciales y de servicios, excepto la superv",JFIGUEROA@ICCARSON.COM,no,,,SANTA FE,83249
44,01 Dictamen IFS,no,MEDIOS CONSTRUCTIVOS Y LOGISTICOS DE MEXICO SA DE CV,1,51-100,Construcción,Construcción de obras para transporte eléctrico y ferroviario,COMERCIALMSL.COM.TAB@GMAIL.COM,no,,WWW.TECNOVIAS.COM.MX,SAN LUIS,
44,01 Dictamen IFS,no,TECNOASFALTOS Y TERRACERIAS SA DE CV,1,51-100,Construcción,"Construcción de carreteras, puentes y similares",VICTORMVM62@GMAIL.COM,no,,WWW.TECNOASFALTOS.COM.MX,PROYECTO RIO SONORA,83270
44,01 Dictamen IFS,no,UNINET SA DE CV,1,51-100,Construcción,Instalaciones eléctricas en construcciones,MSLOBATO@TELMEX.COM,no,,,VILLA SATELITE,83200
44,01 Dictamen IFS,no,ZERO EDIFICACIONES SA DE CV,1,51-100,Construcción,"Edificación de inmuebles comerciales y de servicios, excepto la superv",ZEROEDIF@GMAIL.COM,no,,,VILLAS DEL MEDITERRANEO,
44,01 Dictamen IFS,no,SELECTA DE GUAYMAS SA DE CV,1,51-100,Manufactura,Elaboración de alimentos para animales,SELECTA@SELECTA.COM.MX,no,,WWW.SELECTA.COM.MX,LA MANGA,83243
44,01 Dictamen IFS,no,SERVI INDUSTRIAS DEL NOROESTE SA DE CV,1,51-100,Manufactura,"Elaboración de concentrados, polvos, jarabes y esencias de sabor para ",CLAUDIA.MARTINEZ@SERVINDUSTRIAS.COM,sí,,WWW.SERVIINDUSTRIASDELNOROESTESADECV.MIADN.MX,PARQUE INDUSTRIAL,
44,01 Dictamen IFS,no,SUZIS COOKIES SAPI DE CV,1,51-100,Manufactura,Elaboración de galletas y pastas para sopa,SUZISCOOKIESMX@GMAIL.COM,no,,,SAN LUIS,83160
44,01 Dictamen IFS,no,INNOVAK GLOBAL SA DE CV,1,51-100,Manufactura,Fabricación de fertilizantes,JOEMARTINEZ@INNOVAKGLOBAL.COM,no,,WWW.INNOVAKGLOBAL.COM.MX,LA MANGA,83220
44,01 Dictamen IFS,no,CENTRIFUGADOS MEXICANOS  SA DE CV,1,51-100,Manufactura,Fabricación de productos preesforzados de concreto,CONTABILIDAD@CENMEX.COM,no,,WWW.CENMEX.COM,LA MANGA,83288
44,01 Dictamen IFS,no,ETIQUETAS E IMPRESIONES DE MEXICO SA DE CV,1,51-100,Manufactura,Impresión de formas continuas y otros impresos,RSTONE@ETIQUTASMEXICO.COM,no,,WWW.ETIQUETASMEXICO.COM,SAN BENITO,83190
44,01 Dictamen IFS,no,FLEXOGRAF SA DE CV,1,51-100,Manufactura,Fabricación de bolsas de papel y productos celulósicos recubiertos y t,MARIELOSZEPEDA@FLEXOGRAF.COM,no,,WWW.FLEXOGRAF.COM.MX,VILLAS DEL SOL,
44,01 Dictamen IFS,no,JUMBOLON DE MEXICO SA DE CV,1,51-100,Manufactura,Fabricación de bolsas y películas de plástico flexible,CONTABILIDAD1@JUMBOLON.MX,no,,WWW.JUMBOLON.MX,LABOR,
44,01 Dictamen IFS,no,MINERALES Y CARBONES DE MEXICO SA DE CV,1,51-100,Manufactura,Fabricación de coque y otros productos derivados del petróleo refinado,COSTOS@MINERALES.COM.MX,no,,,LAS LOMAS,83293
44,01 Dictamen IFS,no,PLASTIMARMOL SA DE CV,1,51-100,Manufactura,"Fabricación de tubería y conexiones, y tubos para embalaje",SILVIA.PESQUEIRA@PLASTIMARMOL.COM,sí,,WWW.PLASTIMARMOL.COM,LA VICTORIA,
44,01 Dictamen IFS,no,SOLUCIONES DE EMPAQUE S DE RL DE CV,1,51-100,Manufactura,Fabricación de envases de cartón,RECURSOSHUMANOS@SOLEMSA.COM.MX,no,,WWW.SOLEMSA.COM.MX,PARQUE INDUSTRIAL,
44,01 Dictamen IFS,no,ALVIS MATERIALES Y SERVICIOS SA DE CV,1,51-100,Manufactura,Fabricación de productos de herrería,ALVIS17@YAHOO.COM.MX,no,,WWW.ALVIS.COM.MX,PERIFERICO NORTE,83137
44,01 Dictamen IFS,no,ANDROID DE MEXICO S DE RL DE CV,1,51-100,Manufactura,Fabricación de partes de sistemas de dirección y de suspensión para ve,BGARDUNO@ANDROID-IND.COM,no,,,DINATECH SUR,83299
44,01 Dictamen IFS,no,CUSTOMER SPECIFIC CABLES DE MEXICO S DE RL DE CV,1,51-100,Manufactura,Fabricación de cables de conducción eléctrica,CSCABLES@HOTMAIL.COM,no,,,LOS PINOS,84624
44,01 Dictamen IFS,no,CW METAL SA,1,51-100,Manufactura,Fabricación de estructuras metálicas,INFO@CWMETAL.COM.MX,no,,WWW.CWMETAL.COM.MX,EL LLANO,83150
44,01 Dictamen IFS,no,LYM DE MEXICO SA,1,51-100,Manufactura,Fabricación de equipo de refrigeración industrial y comercial,CONTABILIDAD@MESABI.COM.MX,no,,WWW.LYM.COM.MX,HERMOSILLO,83299
44,01 Dictamen IFS,no,PROYECTO Y MANUFACTURA INDUSTRIAL SA DE CV,1,51-100,Manufactura,Fabricación de estructuras metálicas,VCONTRERAS@PROMAIN.MX,no,,,LA MANGA,83220
44,01 Dictamen IFS,no,BARCEL SA DE CV,1,51-100,Comercio mayoreo,Comercio al por mayor de botanas y frituras,JAVIER.GONZALEZ05@GRUPOBIMBO.COM,no,,WWW.BARCEL.COM.MX,VILLA HERMOSA,83284
44,01 Dictamen IFS,no,A P DRILLING DE AMERICA SA DE CV,1,51-100,Comercio mayoreo,Comercio al por mayor de maquinaria y equipo para la construcción y la,CONTABILIDAD@APDRILLING.COM.MX,no,,,EL LLANO,
44,01 Dictamen IFS,no,ABASTECEDORA DE COMBUSTIBLES DEL PACIFICO SA DE CV,1,51-100,Comercio mayoreo,Comercio al por mayor de combustibles de uso industrial,RYERA@PETROIL.COM.MX,no,,WWW.PETROIL.COM.MX,PARQUE INDUSTRIAL,
44,01 Dictamen IFS,no,ASIA MAQUINARIA DE MEXICO SA,1,51-100,Comercio mayoreo,Comercio al por mayor de maquinaria y equipo para la construcción y la,ADMINISTRACION_HMO@AMMEXLIUGONG.COM.MX,sí,,WWW.ASIAMAQUINARIADEMEXICO.COM.MX,CAFE COMBATE II,
44,01 Dictamen IFS,no,ASTRAL DEL PACIFICO SA DE CV,1,51-100,Comercio mayoreo,Comercio al por mayor de artículos de perfumería y cosméticos,GARCE@GRUPOASTRAL.COM,no,,,EL ENCANTO,83117
44,01 Dictamen IFS,no,CAMIONES DEL NOROESTE SA DE CV,1,51-100,Comercio mayoreo,Comercio al por mayor de camiones,PATRICIA.PAREDES@CAMINOSA.COM,sí,,CAMINOSA.COM,Y GRIEGA,83290
44,01 Dictamen IFS,no,CAMIONES Y TRACTOCAMIONES DE SONORA SA DE CV,1,51-100,Comercio mayoreo,Comercio al por mayor de camiones,ESTHELA.FLORES@CYTSON.COM,sí,,,ADOLFO DE LA HUERTA,83295
44,01 Dictamen IFS,no,COMERCIALIZADORA DE EMBUTIDOS ICO SA DE CV,1,51-100,Comercio mayoreo,Comercio al por mayor de embutidos,GELOVER@SIGMA-ALIMENTOS.COM,no,,,DINATECH,83299
44,01 Dictamen IFS,no,COMERCIALIZADORA ISLA TIBURON SA DE CV,1,51-100,Comercio mayoreo,Comercio al por mayor de pescados y mariscos,ISLATIBURON@HOTMAIL.COM,no,,,BARRIO LA CRUZ,83340
44,01 Dictamen IFS,no,MARTIN ALFREDO AVENDAÑO OLGUIN SA DE CV,1,51-100,Comercio mayoreo,Comercio al por mayor de frutas y verduras frescas,CONTABILIDAD@MARTINS.MX,no,,,LIBERTAD,
44,01 Dictamen IFS,no,COMPUPROVEEDORES SA DE CV,1,51-100,Comercio mayoreo,"Comercio al por mayor de mobiliario, equipo, y accesorios de cómputo",EDNAHERNANDEZ@COMPUPROVEEDORES.COM,no,,WWW.COMPUPROVEEDORES.COM,CENTRO,
44,01 Dictamen IFS,no,FABRICA DE JABON LA CORONA SA DE CV,1,51-100,Comercio mayoreo,Comercio al por mayor de abarrotes,PTALAVERA@LACORONA.COM.MX,no,,WWW.LACORONA.COM.MX,LAS LOMAS,83293
44,01 Dictamen IFS,no,EXTRACTO DE FRUTAS DEL PACIFICO SA DE CV,1,51-100,Comercio mayoreo,Comercio al por mayor de frutas y verduras frescas,ADMI_RH@FRUTTETO.COM.MX,sí,,,UNION DE LADRILLEROS,83179
44,01 Dictamen IFS,no,FRUVER IMPORTACIONES SA DE CV,1,51-100,Comercio mayoreo,Comercio al por mayor de frutas y verduras frescas,C.RAMIREZ@FRUVER.COM.MX,sí,,WWW.FRUVER.COM.MX,QUINTA EMILIA,83210
44,01 Dictamen IFS,no,GRUPO MORSA DE MEXICO SA DE CV,1,51-100,Comercio mayoreo,"Comercio al por mayor de partes y refacciones nuevas para automóviles,",JUVENCIO.NEVAREZ@MORSA.COM.MX,sí,,WWW.MORSA.COM.MX,BALDERRAMA,83180
44,01 Dictamen IFS,no,GRUPO TECNOLOGICO DIDCOM SA DE CV,1,51-100,Comercio mayoreo,"Comercio al por mayor de equipo de telecomunicaciones, fotografía y ci",INFO@DIDCOM.COM.MX,no,,WWW.DIDCOM.COM.MX,QUINTA EMILIA,83210
44,01 Dictamen IFS,no,INTERCOMPRAS COMERCIO ELECTRONICO SA DE CV,1,51-100,Comercio mayoreo,Intermediación de comercio al por mayor de productos para la industria,MRUIZ@INTERCOMPRAS.COM,no,,,CENTRO,
44,01 Dictamen IFS,no,KENWORTH DISTRIBUIDORA DE SONORA SA,1,51-100,Comercio mayoreo,Comercio al por mayor de camiones,CONTABILIDAD@KWSONORA.COM,no,,WWW.KENWORTH.COM,LAS AMAPOLAS,83103
44,01 Dictamen IFS,no,LDM SA DE CV,1,51-100,Comercio mayoreo,Comercio al por mayor de maquinaria y equipo para la industria manufac,WWW.ADMINISTRACION@LDM.LA,sí,,WWW.LDM.LA,GIRASOLES,83284
44,01 Dictamen IFS,no,PIMACERO SA DE CV,1,51-100,Comercio mayoreo,Comercio al por mayor de materiales metálicos para la construcción y l,VENTAS@PIMACERO.COM,no,,WWW.PIMACERO.COM,LA MANGA,
44,01 Dictamen IFS,no,PLASTICOS Y DISTRIBUCIONES ARRISAL SA,1,51-100,Comercio mayoreo,Comercio al por mayor de artículos desechables,LIZETHARRISAL@HOTMAIL.COM,no,,,NUEVO SAHURO,
44,01 Dictamen IFS,no,POCHTECA MATERIAS PRIMAS SA DE CV,1,51-100,Comercio mayoreo,Comercio al por mayor de productos químicos para la industria farmacéu,JCAUDILLOA@POCHTECA.COM.MX,no,,WWW.POCHTECA.COM.MX,PARQUE INDUSTRIAL,
44,01 Dictamen IFS,no,PROVEEDORA E IMPORTADORA VALAN SA DE CV,1,51-100,Comercio mayoreo,Comercio al por mayor de equipo y material eléctrico,VENTAS@PIVALAN.COM,no,,WWW.PIVALAN.COM,CENTENARIO,
44,01 Dictamen IFS,no,RUBIO PHARMA Y ASOCIADOS SA DE CV,1,51-100,Comercio mayoreo,Comercio al por mayor de productos farmacéuticos,CONTABILIDAD@RPHCORPORATIVO.COM,no,,WWW.RUBIOPHARMA.COM,EL LLANO,83210
44,01 Dictamen IFS,no,SERCO COMERCIAL SA DE CV,1,51-100,Comercio mayoreo,"Comercio al por mayor de mobiliario, equipo e instrumental médico y de",RH@SERCO.COM.MX,no,,WWW.SERCO.COM.MX,PUEBLITOS SECCION PUEBLO ALEGRE,83117
44,01 Dictamen IFS,no,SOLUCIONES AMBIENTALES INTEGRALES SA DE CV,1,51-100,Comercio mayoreo,Comercio al por mayor de otra maquinaria y equipo de uso general,GEOSAI@GEOSAI.COM,no,,WWW.GEOSAI.COM,EL SAHUARO,
44,01 Dictamen IFS,no,CELULARES DE SONORA SA DE CV,1,51-100,Comercio menudeo,Comercio al por menor de teléfonos y otros aparatos de comunicación,SKY_TORRES@YAHOO.COM,sí,,,CENTENARIO,
44,01 Dictamen IFS,no,KAFESON AM SA DE CV,1,51-100,Comercio menudeo,Comercio al por menor de otros alimentos,VENTAS@KAFESON.MX,no,,WWW.CAFEELVAQUERO.COM,PARQUE INDUSTRIAL,83299
44,01 Dictamen IFS,no,COMERCIALIZADORA SANITARIA SA,1,51-100,Comercio menudeo,Comercio al por menor de artículos para la limpieza,VHERNANDEZ@COMERCIALSANITARIA.COM.MX,no,,WWW.COMERCIALSANITARIA.COM.MX,CENTRO,
44,01 Dictamen IFS,no,DIESGAS SA DE CV,1,51-100,Comercio menudeo,Comercio al por menor de gas L. P. en cilindros y para tanques estacio,ADMOVOHMO@DIESGAS.COM.MX,no,,,PARQUE INDUSTRIAL,
44,01 Dictamen IFS,no,ELECTRICA LUX SA DE CV,1,51-100,Comercio menudeo,Comercio al por menor en ferreterías y tlapalerías,JRODRIGUEZ@ELECTRICALUX.COM,no,,WWW.ELECTRICALUX.COM,BALDERRAMA,
44,01 Dictamen IFS,no,COMBUSTIBLES Y SERVICIOS PERISUR SA,1,51-100,Comercio menudeo,Comercio al por menor de gasolina y diesel,RMEXIA@GRUPOPERISUR.COM,no,,,PERISUR,
44,01 Dictamen IFS,no,GC AMADISA SA DE CV,1,51-100,Comercio menudeo,Comercio al por menor en supermercados,CPCLAUDIALUGO@AMADISA.COM,no,,WWW.GCAMADISA.COM,PEDREGAL DE LA VILLA,
44,01 Dictamen IFS,no,DISTRIBUIDOR Y FABRICANTE TEXTIL SA DE CV,1,51-100,Comercio menudeo,"Comercio al por menor de ropa, excepto de bebé y lencería",GUDISTRIBUIDORTEXTIL@HOTMAIL.COM,no,,,CENTRO,83000
44,01 Dictamen IFS,no,PREMIUM AUTOMOTRIZ SA,1,51-100,Comercio menudeo,Comercio al por menor de automóviles y camionetas nuevos,GADMINISTRATIVA@HONDAPREMIUM.COM,no,,WWW.HONDAPREMIUM.COM.MX,VILLA SATÉLITE,
44,01 Dictamen IFS,no,KOREAN AUTOMOTRIZ SA,1,51-100,Comercio menudeo,Comercio al por menor de automóviles y camionetas nuevos,ADMINISTRACION@SOLANAHYUNDAI.COM,no,,WWW.SOLANAHYUNDAI.COM,SANTA FE,
44,01 Dictamen IFS,no,AUTOS PREMIER DE ASIA SA DE CV,1,51-100,Comercio menudeo,Comercio al por menor de automóviles y camionetas nuevos,SSAMANO@KIACOUNTRYCULIACAN.COM,no,,WWW.KIA.COM.MX,PALERMO,
44,01 Dictamen IFS,no,AUTOMOTORES BALTICOS DE HERMOSILLO SA DE CV,1,51-100,Comercio menudeo,Comercio al por menor de automóviles y camionetas nuevos,CARMEN.ESCARCEGA@MAZDAHERMOSILLO.COM.MX,sí,,WWW.MAZDAHERMOSILLO.COM.MX,SANTA FE,
44,01 Dictamen IFS,no,PESCADERIA DEL RIO SA,1,51-100,Comercio menudeo,Comercio al por menor de pescados y mariscos,FACTURACIONDELRIO2@HOTMAIL.COM,no,,,COLONIA OLIVARES,
44,01 Dictamen IFS,no,PRODUCTORA DE NUEZ SA,1,51-100,Comercio menudeo,"Comercio al por menor de semillas y granos alimenticios, especias y ch",SPRNUEZ@GMAIL.COM,no,,WWW.PRODUCTORADENUEZ.COM,LA MANGA,83220
44,01 Dictamen IFS,no,TSI ARYL S DE RL DE CV,1,51-100,Comercio menudeo,"Comercio al por menor de mobiliario, equipo y accesorios de cómputo",HERMOSILLO@QUALISYS.MX,no,,WWW.QUALISYS.MX,PROYECTO RIO SONORA,83270
44,01 Dictamen IFS,no,RIVERA GAS SA DE CV,1,51-100,Comercio menudeo,Comercio al por menor de gas L. P. en cilindros y para tanques estacio,CAPACITACION01@EUYSA.COM,no,,,LA VICTORIA,83000
44,01 Dictamen IFS,no,RUIPASA DISTRIBUIDORA SA DE CV,1,51-100,Comercio menudeo,Comercio al por menor en ferreterías y tlapalerías,RUIPASA@RUIPASA.COM.MX,no,,,MARTIRES DE CANANEA,83110
44,01 Dictamen IFS,no,C&A MEXICO S DE RL,1,51-100,Comercio menudeo,Comercio al por menor en tiendas departamentales,PRENTERIA@CYAMEXICO.COM,no,,WWW.CYAMODA.COM,PROYECTO RIO SONORA,
44,01 Dictamen IFS,no,SURMAN AUTOMOTRIZ SA DE CV,1,51-100,Comercio menudeo,Comercio al por menor de automóviles y camionetas nuevos,EDNA.ORTEGA@SURMAN.COM,sí,,,CENTRO,
44,01 Dictamen IFS,no,YOREME CORTES Y PROCESOS SA DE CV,1,51-100,Comercio menudeo,Comercio al por menor de carnes rojas,TNACUL@YOREME.COM,no,,,UNION DE LADRILLEROS,
44,01 Dictamen IFS,no,AUTO LINEAS DE PASAJE Y CARGA SAHUARO SA DE CV,1,51-100,Transportes,Transporte colectivo foráneo de pasajeros de ruta fija,LORENNIA@HOTMAIL.COM,no,,,SAN BENITO,83190
44,01 Dictamen IFS,no,AUTOTRANSPORTE ORBA SA DE CV,1,51-100,Transportes,Autotransporte local de materiales y residuos peligrosos,AUTOTRANSPORTESORBA2@HOTMAIL.COM,no,,WWW.AUTOTRANSPORTESORBA.COM,CUARTEL XX CAFE COMBATE,83165
44,01 Dictamen IFS,no,GRUPO PIAZAA ROMA SA DE CV,1,51-100,Transportes,Otro autotransporte local de carga especializado,GPR@GRUPOECO.COM.MX,no,,,PARQUE INDUSTRIA,83299
44,01 Dictamen IFS,no,MULTISERVICIO LUGO SA DE CV,1,51-100,Transportes,Otro autotransporte foráneo de carga general,MULTILUGO@HOTMAIL.COM,no,,,SAN JOSE DE LAS MINITAS,83285
44,01 Dictamen IFS,no,RANSPORTADORA Y LOGISTICA ALANTE SA DE CV,1,51-100,Transportes,Autotransporte foráneo de productos agrícolas sin refrigeración,FACTURAS@ALANTEMX.COM,no,,WWW.ALANTEMX.COM,PARQUE INDUSTRIAL,83299
44,01 Dictamen IFS,no,TRANSPORTES COTMAL SA DE CV,1,51-100,Transportes,Autotransporte foráneo con refrigeración,TRANSPORTES.COTMAL@HOTMAIL.COM,sí,,,BANUS,83106
44,01 Dictamen IFS,no,TRANSPORTES GARGOM DEL NOROESTE SA DE CV,1,51-100,Transportes,Otro autotransporte foráneo de carga especializado,FACTURACION@TGARGOM.COM,no,,WWW.TGARGOM.COM,SAN PEDRO,83305
44,01 Dictamen IFS,no,TRANSPORTES LOUSTAUNAU SA DE CV,1,51-100,Transportes,Autotransporte local de materiales y residuos peligrosos,NORMA.PAEZ@HANKA.COM.MX,sí,,,JESUS GARCIA,83140
44,01 Dictamen IFS,no,TRANSPORTES REFRIGERADOS COLIMAN SA DE CV,1,51-100,Transportes,Autotransporte foráneo con refrigeración,JORGE.MORENO@COLIMAN.COM,sí,,WWW.COLIMAN.COM,FERROCARRILERA,83013
44,01 Dictamen IFS,no,KABETEL SA DE CV,1,51-100,Información,Otros servicios de telecomunicaciones,CREZA@CONDUMEX.COM.MX,no,,,VILLA HERMOSA,83284
44,01 Dictamen IFS,no,MEDIOS Y EDITORIAL DE SONORA SA DE CV,1,51-100,Información,Edición de periódicos integrada con la impresión,ELIANA.GASTELUM@EXPRESO.COM.MX,sí,,WWW.EXPRESO.COM.MX,SAN BENITO,83190
44,01 Dictamen IFS,no,AON RISK SOLUTIONS AGENTE DE SEGUROS Y DE FIANZAS SA DE CV,1,51-100,Financieros,"Agentes, ajustadores y gestores de seguros y fianzas",LAURA.FERNANDA.GARCIA@AON.COM,no,,AON.COM,LOMAS DE PITIC,83010
44,01 Dictamen IFS,no,ESTRATEGIAS PATRIMONIALES GARANTIZADAS SA DE CV,1,51-100,Financieros,Sociedades financieras de objeto múltiple,IPINOL@CREDISOLUCIONES.COM,no,,WWW.CREDISOLUCIONES.COM,CENTRO,83000
44,01 Dictamen IFS,no,LIBERTY FIANZAS S.A. DE C.V. SA DE CV,1,51-100,Financieros,Compañías afianzadoras,RODOLFO.OCHOA@LIBERTYFIANZAS.COM,sí,,WWW.LIBERTYFIANZAS.COM,VALLE ESCONDIDO,83207
44,01 Dictamen IFS,no,CASA MUNIR SA DE CV,1,51-100,Financieros,Otras instituciones de intermediación crediticia y financiera no bursá,LGLB@CLITLALY.MX,no,,,LOPEZ PORTILLO,83104
44,01 Dictamen IFS,no,COPIADORAS Y SERVICIOS DE SONORA SA,1,51-100,Inmobiliario,Alquiler de equipo de cómputo y de otras máquinas y mobiliario de ofic,DCALDERON@KONICAS.COM.MX,no,,WWW.KONICAS.COM.MX,PRADOS DEL CENTENARIO,83260
44,01 Dictamen IFS,no,VALCOR CORPORATIVO PROFESIONAL S DE RL DE CV,1,51-100,Serv. profesionales,Servicios de contabilidad y auditoría,SARA@VALCOR.COM.MX,no,,,PERIODISTA,83156
44,01 Dictamen IFS,no,AYESA MEXICO S DE RL DE CV,1,51-100,Serv. profesionales,Servicios de diseño de sistemas de cómputo y servicios relacionados,EMARTINEZRA@AYESA.COM,no,,WWW.AYESA.COM,STANZA SOLARE RESIDENCIAL,83177
44,01 Dictamen IFS,no,ESTEBAN SANCHEZ Y ASOCIADOS SA,1,51-100,Serv. profesionales,Servicios de ingeniería,CONTABILIDAD@ESTEBANSANCHEZ.COM,no,,WWW.ESTEBANSANCHEZ.COM,VILLA SATELITE,83200
44,01 Dictamen IFS,no,EQUIPAMIENTOS URBANOS DE MEXICO SA DE CV,1,51-100,Serv. profesionales,Agencias de anuncios publicitarios,OSWALDO.BAHENA@JCDECAUX.COM,sí,,WWW.JCDECAUXLATAM.COM/MX,OLIVARES,83180
44,01 Dictamen IFS,no,HIDRO INGENIERIA Y CLIMAS SA DE CV,1,51-100,Serv. profesionales,Servicios de ingeniería,LIBIASOLANO@HICSA.COM.MX,no,,WWW.HICSA.COM,EL LLANO,83210
44,01 Dictamen IFS,no,INTERFASES Y SISTEMAS ELECTRONICOS SAPI DE CV,1,51-100,Serv. profesionales,Servicios de diseño de sistemas de cómputo y servicios relacionados,EDITH.CAMARGO@INTERSEL.COM.MX,sí,,WWW.INTERTEL.COM.MX,ELL LANITO,83174
44,01 Dictamen IFS,no,OESTEC DE MEXICO SA DE CV,1,51-100,Serv. profesionales,Servicios de ingeniería,OESTEC@OESTEC.COM.MX,no,,WWW.OESTEC.COM.MX,SAN BENITO,83190
44,01 Dictamen IFS,no,BANHER INDUSTRIES SA DE CV,1,51-100,Apoyo a negocios,Servicios de administración de negocios,BANHER.IND@GMAIL.COM,sí,,,CENTRO,83000
44,01 Dictamen IFS,no,CORPORATIVO DE PROTECCION SEGURIDAD PRIVADA Y SERVICIOS ESPECIALIZADOS SA DE CV,1,51-100,Apoyo a negocios,"Servicios de investigación y de protección y custodia, excepto mediant",KASHO_MINJAREZ@HOTMAIL.COM,sí,,,VALLES DEL MARQUEZ,83294
44,01 Dictamen IFS,no,EZ TRAVEL SA,1,51-100,Apoyo a negocios,Agencias de viajes,JESSICA.IBARRA@EZTRAVEL.MX,sí,,WWW.EZTRAVEL.MX,PITIC,83150
44,01 Dictamen IFS,no,GENOVES SERVICIOS INTEGRALES DE LIMPIEZA SA DE CV,1,51-100,Apoyo a negocios,Servicios de limpieza de inmuebles,ADRIANA.GESIL@GMAIL.COM,sí,,,EMILIANO ZAPATA,83280
44,01 Dictamen IFS,no,GSI SEGURIDAD PRIVADA SA DE CV,1,51-100,Apoyo a negocios,Servicios de protección y custodia mediante el monitoreo de sistemas d,LMENESES@GSI.COM,no,,WWW.COMETRA.COM,BALDERRAMA,83180
44,01 Dictamen IFS,no,MAXIFERZE CLEAN SA DE CV,1,51-100,Apoyo a negocios,Servicios combinados de apoyo en instalaciones,KELLITOVAR@HOTMAIL.COM,no,,,LOS VIÑEDOS,83120
44,01 Dictamen IFS,no,MULTISISTEMAS DE SEGURIDAD DEL NOROESTE SA DE CV,1,51-100,Apoyo a negocios,"Servicios de investigación y de protección y custodia, excepto mediant",FINANZAS.NOROESTE@MULTISISTEMAS.COM.MX,sí,,WWW.MULTISITEMAS.MX,CENTENARIO,83260
44,01 Dictamen IFS,no,RECOLECTORA DE DESECHOS Y RESIDUOS KING KONG SA DE CV,1,51-100,Apoyo a negocios,Recolección de residuos no peligrosos por el sector privado,ESANCHEZG@PASA.MX,no,,WWW.PASA.MX,PUERTO,
44,01 Dictamen IFS,no,SI OCEAN SERVICE S DE RL DE CV,1,51-100,Apoyo a negocios,Servicios de protección y custodia mediante el monitoreo de sistemas d,AUXILIARJURIDICO2@SEPSISA.COM.MX,no,,,SAN BENITO,83190
44,01 Dictamen IFS,no,TRANSFORMADORA DE MEXICO SA DE CV,1,51-100,Apoyo a negocios,Manejo de residuos peligrosos y servicios de remediación a zonas dañad,FTORRES@TOMMEXICO.COM,no,,,PARQUE INDUSTRIAL HERMOSILLO,83118
44,01 Dictamen IFS,no,CAMBRIDGE HILLS COLEGIO BICULTURAL SC,1,51-100,Educación,Escuelas del sector privado que combinan diversos niveles de educación,SILVIAMTZ@CAMBRIDGEHILL.EDU.MX,no,,WWW.CAMBRIDGEHILLS.EDU.MX,PROYECTO RIO SONORA,83288
44,01 Dictamen IFS,no,CENTRO DE EDUCACION SUPERIOR DEL MAR DE CORTEZ SC,1,51-100,Educación,Escuelas de educación superior del sector privado,PROMOCION.CUTSON@GMAIL.COM,sí,,CUSON.MX,COLINAS,83145
44,01 Dictamen IFS,no,COLEGIO AMERICANO DEL PACIFICO SC,1,51-100,Educación,Escuelas del sector privado que combinan diversos niveles de educación,MELISSA.LUCERO@CAPSC.EDU.MX,sí,,,LOMA LINDA,83150
44,01 Dictamen IFS,no,INSTITUTO AMERICANO DE HERMOSILLO AC,1,51-100,Educación,Escuelas del sector privado que combinan diversos niveles de educación,ADMINITRACION@CBNG.EDU.MX,no,,WWW.COLEGIOBILINGUENUEVAGALICIA.EDU.MX,ISSSTESON LUX,83260
44,01 Dictamen IFS,no,EL CONSEJERO S DE RL DE CV,1,51-100,Educación,Escuelas del sector privado que combinan diversos niveles de educación,JOSEMANUEL.BONLEON@GMAIL.COM,sí,,WWW.EMAUS-HERMOSILLO.COM,EL LLANO,83120
44,01 Dictamen IFS,no,COLEGIO LUX AC,1,51-100,Educación,Escuelas del sector privado que combinan diversos niveles de educación,INFO@COLEGIOLUX.EDU.COM,no,,WWW.COLEGIOLUX.EDU.MX,CENTENARIO,83260
44,01 Dictamen IFS,no,CENTRO REGIONAL DE FORMACION PROFESIONAL DOCENTE,1,51-100,Educación,Escuelas de educación superior del sector público,ENSH.DIRECCION@CRESON.EDU.MX,sí,,ENSH.CRESON.EDU.MX,CHOYAL,83136
44,01 Dictamen IFS,no,ESTANCIA INFANTIL KINDER EL PARAISO SC,1,51-100,Educación,Escuelas de educación preescolar del sector privado,GUARDERIAPARAISOHMO@GMAIL.COM,no,,,COUNTRY CLUB,83010
44,01 Dictamen IFS,no,FUNDACION PRESBITERO LUIS LOPEZ ROMO AC,1,51-100,Educación,Escuelas del sector privado que combinan diversos niveles de educación,CUEVAS_JUDITH@HOTMAIL.COM,sí,,,PALO VERDE,83280
44,01 Dictamen IFS,no,INSTITUTO DEL OCCIDENTE SC,1,51-100,Educación,Escuelas de educación superior del sector privado,DINA_RUIZ@IDEOCIDENTE.EDU.MX,sí,,WWW.INSTITUTODELOCCIDENTE.EDU.MX,CENTRO,83000
44,01 Dictamen IFS,no,EDUCACION TRILINGUE INTERNACIONAL AC,1,51-100,Educación,Escuelas del sector privado que combinan diversos niveles de educación,FACTURACION@KEYSTONE.EDU.MX,no,,WWW.KEYSTON.EDU.MX,SIENA RESIDENCIAL,83210
44,01 Dictamen IFS,no,INSTITUTO REGIONAL NORTE AC,1,51-100,Educación,Escuelas del sector privado que combinan diversos niveles de educación,VICTORM_59@HOTMAIL.COM,no,,,VALLE DORADO,83175
44,01 Dictamen IFS,no,SECUNDARIA 24 PROFESOR ALEJANDRO SOTELO BURRUEL,1,51-100,Educación,Escuelas de educación secundaria general del sector público,26EES0024G@ESCSONORA.EDU.MX,no,,,CENTRO,83000
44,01 Dictamen IFS,no,ESCUELA SECUNDARIA BICULTURAL THOMAS ALVA EDISON AC,1,51-100,Educación,Escuelas de educación secundaria general del sector privado,ECALDERON@HIHPOINTSCHOOL.MX,no,,WWW.HIGHPOINTSCHOOL.MX/SECUNDARIA-HERMOSILLO,NAZAREO RESIDENCIAL,83224
44,01 Dictamen IFS,no,UNIVERSIDAD DEL DESARROLLO PROFESIONAL SC,1,51-100,Educación,Escuelas de educación superior del sector privado,JOSUE.SALINASR@UNITED.EDU.MX,sí,,WWW.UNITEP.MX,LA VERBENA,83288
44,01 Dictamen IFS,no,FUNDACION TELETON MEXICO AC,1,51-100,Salud,Consultorios del sector privado de audiología y de terapia ocupacional,ROJO@TELETON-SON.ORG.MX,no,,,LAS QUINTAS HERMOSILLO,83240
44,01 Dictamen IFS,no,EDUCACION Y DESAROLLO INFANCIL AC,1,51-100,Salud,Guarderías del sector público,EDI_GUARDERIA@HOTMAIL.COM,sí,,,SAN BOSCO,83177
44,01 Dictamen IFS,no,DESARROLLO ACTIVO FARMACEUTICO SC,1,51-100,Salud,Guarderías del sector privado,LOS_PEQUES2010@HOTMAIL.COM,no,,,VALLE DEL MARQUES,83294
44,01 Dictamen IFS,no,ESTANCIA INFANTIL NUEVO DIA SC,1,51-100,Salud,Guarderías del sector privado,VICTORBONEO@YAHOO.COM,no,,,MÁRTIRES DE CANANEA,83110
44,01 Dictamen IFS,no,GUARDERIA DULCE DESPERTAR AC,1,51-100,Salud,Guarderías del sector privado,GDULCEDESPERTAR@GMAIL.COM,no,,,CASA BLANCA,83079
44,01 Dictamen IFS,no,GUARDERIA FUTURO MEJOR SC,1,51-100,Salud,Guarderías del sector privado,FUTUROMEJOR_@LIVE.COM,no,,,VILLA DEL PALMAR,83105
44,01 Dictamen IFS,no,GUARDERIA PEQUEÑOS GIGANTES SC,1,51-100,Salud,Guarderías del sector privado,PEQUENOS_G@HOTMAIL.COM,sí,,WWW.GUARDERIAPEQUENOSGIGANTES.COM/GUARDERIA,JACINTO LOPEZ,83105
44,01 Dictamen IFS,no,CENTRO DE ATENCIÓN DIAGNÓSTICO Y REHABILITACIÓN PRIVADO DE HERMOSILLO SC,1,51-100,Salud,Hospitales generales del sector privado,ADMIHOSPITALSANBENITO@HOTMAIL.COM,no,,WWW.HOSPITALSANBENITO.COM,SAN BENITO,83180
44,01 Dictamen IFS,no,SALUD POR IMAGEN DIGITAL SA DE CV,1,51-100,Salud,Laboratorios médicos y de diagnóstico del sector privado,RECEPCION@SALUDPORIMAGEN.COM,no,,WWW.SALUDPORIMAGEN.COM,CENTENARIO,83260
44,01 Dictamen IFS,no,SANATORIO SAN FRANCISCO DE HERMOSILLO SA DE CV,1,51-100,Salud,Hospitales generales del sector privado,RECURSOSHUMANOSSF79@GMAIL.COM,no,,,CENTRO,83000
44,01 Dictamen IFS,no,DEPORTIVO HMO SA DE CV,1,51-100,Esparcimiento,Equipos deportivos profesionales,ADMINISTRACION@CIMARRONESFC.COM.MX,no,,WWW.CIMARRONESFC.MX,EL LLANITO,83174
44,01 Dictamen IFS,no,COMPANIA OPERADORA AHIS SA DE CV,1,51-100,Esparcimiento,Otros juegos de azar,HOCANA@AHIS.COM.MX,no,,,REAL DEL ARCO,83255
44,01 Dictamen IFS,no,PROVEDORA Y COMERCIALIZADORA DE NEGOCIOS DE SONORA SA DE CV,1,51-100,Esparcimiento,Otros juegos de azar,MAVAGA_7406@HOTMAIL.COM,no,,WWW.FORTUNE.COM,SEMINARIO,83240
44,01 Dictamen IFS,no,POSADAS CANTABRIA SA,1,51-100,Hospedaje y alimentos,Hoteles con otros servicios integrados,RECEPCION@HIEXHERMOSILLO.MX,no,,,LA RIOJA RESIDENCIAL,83224
44,01 Dictamen IFS,no,OPERAHOTELES DE SONORA SA,1,51-100,Hospedaje y alimentos,Hoteles con otros servicios integrados,ARAIZAHERMOSILLO@ARAIZAHOTELES.MX,no,,WWW.ARAIZAHOTELES.COM,LOMAS PITIC,83010
44,01 Dictamen IFS,no,HOTELES COLONIAL SA DE CV,1,51-100,Hospedaje y alimentos,Hoteles con otros servicios integrados,AUXILIAR.MXL@HOTELESCOLONIAL.COM,sí,,WWW.HOTELESCOLONIAL.COM,VILLA DE SERIS,83280
44,01 Dictamen IFS,no,CH HERMOSILLO SA,1,51-100,Hospedaje y alimentos,Hoteles con otros servicios integrados,OLIVIA.LUNA@MARRIOTT.COM,sí,,WWW.MARRIOTT.COM,PERISUR,83294
44,01 Dictamen IFS,no,OPERAHOTELES TAVA AC,1,51-100,Hospedaje y alimentos,Hoteles con otros servicios integrados,GRH@HIKINO.COM.MX,no,,,CONTRY CLUB,83010
44,01 Dictamen IFS,no,HOTEL KINO SA DE CV,1,51-100,Hospedaje y alimentos,Hoteles con otros servicios integrados,CONTRALOR@HOTELSUITESKINO.COM,no,,WWW.HOTELSUITESKINO.COM,CENTRO,83000
44,01 Dictamen IFS,no,COMPAÑIA HOTELERA LUCERNA SA DE CV,1,51-100,Hospedaje y alimentos,Hoteles con otros servicios integrados,CONTADOR.HERMOSILLO@HOTELLUCERNA.COM.MX,sí,,WWW.HOTELESLUCERNAHERMOSILLO.COM,PROYECTO RIO SONORA,
44,01 Dictamen IFS,no,SERVICIOS TURÍSTICOS DE GALICIA SA DE CV,1,51-100,Hospedaje y alimentos,Hoteles con otros servicios integrados,FERMARBAR64@GMAIL.COM,no,,WWW.HOTELROYALPALACE.COM.MX,EL LLANO,83210
44,01 Dictamen IFS,no,PROMOCIONES TURÍSTICAS DE ASGAL SA DE CV,1,51-100,Hospedaje y alimentos,Hoteles con otros servicios integrados,CONTADOR@HOTELSANANGEL.COM,no,,WWW.HOTELSANANGEL.COM,EL LLANO,83210
44,01 Dictamen IFS,no,SERVICIOS TURISTICOS DE ASGASO SA DE CV,1,51-100,Hospedaje y alimentos,Hoteles con otros servicios integrados,RESERVACIONES@HOTELSANMARITN.NET,no,,WWW.HOTELSANMARTIN.NET,COLONIA SAN LUIS,83160
44,01 Dictamen IFS,no,SERVICIOS SONORENSES DE TURISMO SA DE CV,1,51-100,Hospedaje y alimentos,Hoteles con otros servicios integrados,RESERVACIONES@HOTELSANSEBASTIAN.COM,no,,WWW.HOTELSANSEBASTIAN.COM.MX,Y GRIEGA,83290
44,01 Dictamen IFS,no,LA SIESTA MOTEL SA,1,51-100,Hospedaje y alimentos,Hoteles con otros servicios integrados,SIESTAMOTEL.RH@GMAIL.COM,sí,,WWW.LASIESTA.MX,COUNTRY CLUB,83010
44,01 Dictamen IFS,no,RINCON AVELLANO SA,1,51-100,Hospedaje y alimentos,Restaurantes con servicio de preparación de alimentos a la carta o de ,RINCONAVELLANO@HOTMAIL.COM,no,,,RAQUET CLUB NORTE,83200
44,01 Dictamen IFS,no,SERVICIOS GRASTRONOMICOS MASI SA DE CV,1,51-100,Hospedaje y alimentos,Restaurantes con servicio de preparación de alimentos a la carta o de ,MARKITOSTARAZON@HOTMAIL.COM,no,,WWW.MOCHOMOS.MX,BACHOCO,83104
44,01 Dictamen IFS,no,ADMINISTRADORA DE SERVICIOS A MOTELES SA,1,51-100,Hospedaje y alimentos,Moteles,MOTEL.LANUIT2020@GMAIL.COM,no,,,LAS GRANJAS,83250
44,01 Dictamen IFS,no,OPERADORA TOPOLOBAMPO SA DE CV,1,51-100,Hospedaje y alimentos,Restaurantes con servicio de preparación de pescados y mariscos,NOMINAS@RESTAURANTEFARALLON.MX,no,,,LAS COLIONAS,83150
44,01 Dictamen IFS,no,INGENIERIA Y PROCESOS MINEROS ESPECIALIZADOS INPROMINE SA DE CV,1,51-100,Otros servicios,Reparación y mantenimiento de maquinaria y equipo industrial,INPROMINE@GMAIL.COM,no,,WWW.INPROMINE.COM,CENTENARIO,83260
44,01 Dictamen IFS,no,GUANATE SC DE RL,1,51-100,Otros servicios,Servicios funerarios,PLAZAHERMOSILLOPABS@GMAIL.COM,no,,WWW.PABS.COM,CENTRO,83000
44,01 Dictamen IFS,no,TECNOLOGIA DIESEL SA DE CV,1,51-100,Otros servicios,Reparación mecánica en general de automóviles y camiones,OBORBON@TPITIC.COM.MX,no,,,LOS NARANJOS,83060
43,03 Expediente Vivo,no,INMOBILIARIA GROEN SA DE CV,2,31-50,Construcción,Edificación de vivienda unifamiliar,OCASILLAS@GROEN.COM.MX,no,6623161165,WWW.GROEN.COM.MX,PROYECTO RIO SONORA,
43,03 Expediente Vivo,no,ALMADA URREA SA DE CV,2,31-50,Manufactura,Fabricación de tubos y bloques de cemento y concreto,CONTADOR@CAROLINABLOCK.COM.MX,no,6444108800,WWW.CAROLINABLOCK.MX,MESA DEL SERI,83303
43,03 Expediente Vivo,sí,ESPECIAS ARIES SA DE CV,2,31-50,Comercio menudeo,"Comercio al por menor de semillas y granos alimenticios, especias y ch",AVILESJESUS@HOTMAIL.COM,no,6622060008,WWW.ESPECIASARIES.MX,SAN PEDRO EL SAUCITO,
43,03 Expediente Vivo,sí,TODO EN SUSPENSION Y FRENOS MUVI SA DE CV,2,31-50,Comercio menudeo,"Comercio al por menor de partes y refacciones nuevas para automóviles,",CONTABILIDAD@FYSSON.COM.MX,no,6624363487,WWW.FYSSON.COM.MX,LUIS ENCINAS,83138
43,03 Expediente Vivo,no,INTEGRACION ADMINISTRATIVA DE SONORA AB S DE RL DE CV,2,31-50,Serv. profesionales,Servicios de consultoría en administración,INTEGRACIONABSONORA@GMAIL.COM,no,6623132308,WWW.INTEGRACIONADMINISTRATIVA.COM.MX,CENTRO,83000
43,03 Expediente Vivo,no,COLEGIO EDIA SC,2,31-50,Educación,Escuelas del sector privado que combinan diversos niveles de educación,EVAZQUEZ@EDIA.EDU.MX,no,6622567989,WWW.EDIA.EDU.MX,STAUS,83249
43,03 Expediente Vivo,sí,CARNES ASADAS DE HERMOSILLO SA DE CV,2,31-50,Hospedaje y alimentos,Restaurantes con servicio de preparación de tacos y tortas,JLRO8307@GMAIL.COM,no,6621462845,,CONSTITUCION,83150
42,03 Expediente Vivo,sí,GRUPO CALZAPATO SA DE CV,4,11-30,Comercio menudeo,Comercio al por menor de calzado,ADMINISTRACION@CALZZAPATO.COM,no,,WWW.CALZZAPATO.COM,SOLIDARIDAD,
42,03 Expediente Vivo,sí,COMERCIAL IAC SA DE CV,4,11-30,Comercio menudeo,"Comercio al por menor de ropa, excepto de bebé y lencería",GUADALUPE.CORONA@VERTICHE.COM.MX,sí,,WWW.VERTICHE.COM.MX,CENTRO NORTE,
40,03 Expediente Vivo,no,AGROFESA SA DE CV,2,31-50,Agro,Beneficio de productos agrícolas,COORDINADOR@AGROFESA.COM,no,,AGROFESA.COM,AGROFESA,83344
40,03 Expediente Vivo,no,SEÑALAMIENTOS Y SERVICIOS INTEGRALES DEL NOROESTE SA DE CV,2,31-50,Construcción,Instalación de señalamientos y protecciones en obras viales,SSINOSA38@HOTMAIL.COM,no,,,VILLA HERMOSA,83280
40,03 Expediente Vivo,no,ACEROS MEXICO SA DE CV,2,31-50,Manufactura,Fabricación de tubos y postes de hierro y acero,CONTABILIDAD@ACEROSMEXICO.COM,no,,WWW.ACEROSMEXICO.COM.MX,SAN PEDRO SAUCITO,
40,03 Expediente Vivo,no,AMPHENOL OPTIMIZE MEXICO SA DE CV,2,31-50,Manufactura,Fabricación de componentes electrónicos,APORTILLO@AMPHENOL-OPTIMIZE.COM,no,,,RIO SONORA,
40,03 Expediente Vivo,no,PROMEV S DE RL DE CV,2,31-50,Manufactura,Recubrimientos y terminados metálicos,CONTABILIDAD@PROMEV.MX,no,,WWW.PROMEV.MX,SOLIDARIDAD,83116
40,03 Expediente Vivo,no,ALFONSO R BOURS SA DE CV,2,31-50,Comercio mayoreo,"Comercio al por mayor de maquinaria y equipo agropecuario, forestal y ",MYRIAM.FLORES@ARBOURS.COM.MX,sí,,WWW.ARBOURS.COM,EL LLANO,
40,03 Expediente Vivo,no,DICONSA SA DE CV,2,31-50,Comercio mayoreo,Comercio al por mayor de abarrotes,MNDELGADO@DICOSA.GOB.MX,no,,WWW.GOB.MX/DICONSA,Y GRIEGA,83290
40,03 Expediente Vivo,no,EMPACADORA ROSARITO SA DE CV,2,31-50,Comercio mayoreo,Comercio al por mayor de embutidos,A.SOTO@PRODUCTOSROSARITO.COM,sí,,WWW.PRODUCTOSROSARITO.COM.MX,CENTRO,83000
40,03 Expediente Vivo,no,RODAMIENTOS Y ACCESORIOS SA DE CV,2,31-50,Comercio mayoreo,Comercio al por mayor de maquinaria y equipo para la industria manufac,JOEL.GOMEZ@RYASA.COM.MX,sí,,WWW.RYASA.COM.MX,CENTRO,83190
40,03 Expediente Vivo,sí,COMBUSTIBLES Y SERVICIOS HAV SA DE CV,2,31-50,Comercio menudeo,Comercio al por menor de gasolina y diesel,DLABRADA@GRUPOPERISUR.COM,no,,WWW.PERISUR.COM,COMPOSTELA,83224
40,03 Expediente Vivo,sí,GASERVICIO SA DE CV,2,31-50,Comercio menudeo,Comercio al por menor de gasolina y diesel,BVEGA@GASERVICIO.COM,no,,WWW.GASERVICIO.COM,REAL DEL ARCO,
40,03 Expediente Vivo,sí,GASERVICIO MORELOS SA DE CV,2,31-50,Comercio menudeo,Comercio al por menor de gasolina y diesel,LABRIL@GASERVICIO.COM,no,,WWW.GASERVICIO.COM,POBLADO MIGUEL ALEMAN,
40,03 Expediente Vivo,sí,GASERVICIO SANTA CLARA SA DE CV,2,31-50,Comercio menudeo,Comercio al por menor de gasolina y diesel,RGURROLA@GASERVICIO.COM,no,,WWW.GASERVICIO.COM,PARQUE INDUSTRIAL,
40,03 Expediente Vivo,sí,GASERVICIO ORIENTE SA DE CV,2,31-50,Comercio menudeo,Comercio al por menor de gasolina y diesel,BVEGA@GASERVICIO.COM,no,,WWW.GASERVICIO.COM,LAS AMAPOLAS,
40,03 Expediente Vivo,sí,PROVEEDORES DE LA CONSTRUCCION SA DE CV,2,31-50,Comercio menudeo,Comercio al por menor de materiales para la construcción en tiendas de,ARAMIREZ@E-PROCONSA.COM,no,,WWW.E-PROCONSA.COM,NUEVA PALMIRA RESIDENCIAL,
40,03 Expediente Vivo,sí,SERVICIOS A LA NAVEGACION EN EL ESPACIO AEREO MEXICANO,2,31-50,Transportes,Servicios a la navegación aérea,ENLACESENEAM@SCT.GOB.MX,no,,WWW.SENEAM.GOB.MX,IGNACIO PESQUEIRA GARCIA,83220
40,03 Expediente Vivo,sí,AUTOTRANSPORTES DE CARGA TRES GUERRAS SA DE CV,2,31-50,Transportes,Otro autotransporte foráneo de carga general,VDEALBA@TRESGUERRAS.COM.MX,no,,WWW.TRESGUERRAS.COM.MX,VILLA DE SERIS,83280
40,03 Expediente Vivo,sí,AUTOTRANSPORTES TUFESA SA DE CV,2,31-50,Transportes,Transporte colectivo foráneo de pasajeros de ruta fija,HERMOSILLO@TUFESA.COM.MX,no,,WWW.TUFESA,EL COLOSO BAJO,83040
40,03 Expediente Vivo,sí,ENLACES TURISTICOS DE SONORA  SA DE CV,2,31-50,Transportes,Alquiler de autobuses con chofer,COTIZACIONES.ETS@GMAIL.COM,sí,,WWW.ETSAUTOBUSES.COM,SAN BENITO,83190
40,03 Expediente Vivo,no,A TERCEROS VIVIENDA Y EQUIPAMIENTO SAPI DE CV,2,31-50,Inmobiliario,Alquiler sin intermediación de oficinas y locales comerciales,CONTABILIDAD@CASASATERCEROS.COM,no,,WWW.CASASATERCEROS.COM,CENTENARIO,83260
40,03 Expediente Vivo,no,INSPECTORATE DE MEXICO  SA DE CV,2,31-50,Serv. profesionales,Laboratorios de pruebas,SERGIO.DAVID@INSPECTORATE.COM,sí,,WWW.BUREAUVERITAS.COM,UNION DE LADRILLEROS,83179
40,03 Expediente Vivo,no,COLEGIO BICULTURAL CANANEA SC,2,31-50,Educación,Escuelas del sector privado que combinan diversos niveles de educación,RAMSESMARINCORRAL@HOTMAIL.COM,no,,WWW.CBC.EDU.MX,JESUS GARCIA,83140
40,03 Expediente Vivo,no,FOMENTO EDUCATIVO Y CULTURAL FRANCISCO DE IBARRA AC,2,31-50,Educación,Escuelas de educación superior del sector privado,AUX_CONTABILIDAD@UAD.MX,sí,,WWW.UAD.MX,CAFE COMBATE,83165
40,03 Expediente Vivo,sí,BOL SATELITE SA DE CV,2,31-50,Esparcimiento,Boliches,DUNIAE_MOLINA@HOTMAIL.COM,sí,,WWW.BOLSATELITEBOL300.COM,ZONA MILITAR CUARTEL XV,83145
40,03 Expediente Vivo,sí,SERVICIOS GASTRONOMICOS MASI SA DE CV,2,31-50,Hospedaje y alimentos,Restaurantes con servicio de preparación de alimentos a la carta o de ,ASISTENCIADIRECTIVA2MOCHOMOS@GMAIL.COM,no,,WWW.MOCHOMOS.MX,COLINAS DEL BACHOCO,83104
40,03 Expediente Vivo,sí,HCBBJ RESTAURANTES SA DE CV,2,31-50,Hospedaje y alimentos,Restaurantes con servicio de preparación de alimentos a la carta o de ,HOLYCOWCOLOSIO@GMAIL.COM,no,,WWW.HOLYCOW.COM.MX,VILLA SATELITE,83200
39,01 Dictamen IFS,no,ACUICOLA BELPA SA DE CV,1,51-100,Agro,Piscicultura en agua dulce,,no,6622750650,,NARCIZO MENDOZA,
39,01 Dictamen IFS,no,SCPP DE ALTURA EL CARDONAL SC DE RL DE CV,1,51-100,Agro,"Pesca y captura de peces, crustáceos, moluscos y otras especies",,no,6621954440,,EL CARDONAL,
39,01 Dictamen IFS,no,ASISTENCIA ADMINISTRATIVA DE SONORA SA DE CV,1,51-100,Construcción,Edificación de vivienda unifamiliar,,no,6622847375,,BANUS COSTA BRAVA,
39,01 Dictamen IFS,no,PROMOTORA DE INFRAESTRUCTURA MEXTO SA DE CV,1,51-100,Construcción,Edificación de vivienda unifamiliar,,no,6311161840,,CORCELES RESIDENCIAL,
39,01 Dictamen IFS,no,GRUPO ALIMENTARIO MAYIA SA DE CV,1,51-100,Manufactura,Elaboración de alimentos frescos para consumo inmediato,,no,6623423906,,BALDERRAMA,
39,01 Dictamen IFS,no,MOOSNI INTERNACIONAL SA DE CV,1,51-100,Manufactura,Fabricación de artículos deportivos,,no,6622159400,WWW.FITNESSLINE.COM.MM,AMAPOLAS,83020
39,03 Expediente Vivo,sí,ECONOLLANTAS SERVICIOS Y ACCESORIOS SA DE CV,3,11-30,Comercio menudeo,"Comercio al por menor de llantas y cámaras para automóviles, camioneta",CONTADOR@ECONOLLANTAS.COM,no,6622760460,WWW.ECONOLLANTAS.COM,FERROCARRILERA,
39,03 Expediente Vivo,no,PROAUTOMATION SA DE CV,3,11-30,Serv. profesionales,Servicios de ingeniería,CMENESES@PROAUTOMATION.COM.MX,no,6624790267,WWW.PROAUTOMATION.COM,PROYECTO RÍO SONORA,83270
39,01 Dictamen IFS,no,LICEO TECNOLOGICO DE SONORA SC,1,51-100,Educación,Escuelas del sector privado que combinan diversos niveles de educación,,no,6621406301,WWW.LICEOSONORA.EDU.MX,VILLAS DEL MEDITERRANEO,83220
39,01 Dictamen IFS,no,UNEMECA UNIDAD DE ESPECIALIDADEZ MEDICAS DE CIRUGIA AMBULATORIA,1,51-100,Salud,Otros centros del sector público para la atención de pacientes que no ,,no,6622516134,,PASEO RIO SONORA,83000
37,01 Dictamen IFS,no,ACUICOLA JAZMIN,1,31-50,Agro,Camaronicultura y acuicultura de otros crustáceos en agua salada,ACUICOLAJAZMIN@OUTLOOK.COM,no,6623258297,,PREDIO SAN NICOLAS,
37,01 Dictamen IFS,no,COROSIS,1,31-50,Agro,Otros servicios relacionados con la agricultura,OFICINA@COROSIS.COM.MX,no,6622140981,,SAN BENITO,83190
37,01 Dictamen IFS,no,APAK CONSTRUCCIONES Y MANTENIIENTO SA DE CV,1,31-50,Construcción,Construcción de obras de urbanización,JOSE_ADANV@HOTMAIL.COM,sí,6624514573,,BALDERRMA,
37,01 Dictamen IFS,no,URBANIZACIONES Y DESARROLLOS VULOSASA SA DE CV,1,31-50,Construcción,"Edificación de inmuebles comerciales y de servicios, excepto la superv",ADMINISTRACION@VULOSA.COM.MX,no,6622671180,,VALLE BONITO,
37,01 Dictamen IFS,no,CONSTRUCTORA ETRESON SA DE CV,1,31-50,Construcción,"Edificación de naves y plantas industriales, excepto la supervisión",ADMINISTRACION@ECRESON.MX,no,6624714403,WWW.ECRESO.MX,PERISUR,
37,01 Dictamen IFS,no,DESARROLLADORA PAGA-INMAE SA DE CV,1,31-50,Construcción,Edificación de vivienda multifamiliar,EGARCIA@OPESSA.NET,no,6624378520,INMAE.NET,CENTENARIO,
37,01 Dictamen IFS,no,JMF MOVIMIENTOS DE TIERRA SA DE CV,1,31-50,Construcción,Preparación de terrenos para la construcción,JMFMOVIMIENTODETIERRAS@GMAIL.COM,no,6621358023,,MONTEBELLO,
37,01 Dictamen IFS,no,MATERIADESARROLLOS SA DE CV,1,31-50,Construcción,Edificación de vivienda multifamiliar,HECTOR@MATERIADESARROLLOS.COM,no,6621862979,,PROYECTO RIO SONORA,
37,01 Dictamen IFS,no,NEVERIAS MOVILES SA DE CV,1,31-50,Manufactura,Elaboración de helados y paletas,CONTABILIDAD@HELADOSRICCO.COM.MX,no,6622120148,,CENTRO,83000
37,01 Dictamen IFS,no,BOPETNO SA DE CV,1,31-50,Manufactura,Fabricación de botellas de plástico,CONTRALORIA@DEMIZON.COM,no,6623171489,WWW.DEMIZON.COM,PRESA,83293
37,01 Dictamen IFS,no,FATUVISA SA,1,31-50,Manufactura,Fabricación de productos preesforzados de concreto,JOSE@FATUVISA.COM.MX,no,6622563864,WWW.FATUVISA.COM.MX,QUINTA EMILIA,
37,01 Dictamen IFS,no,THERVAL SA DE CV,1,31-50,Manufactura,Fabricación de otros productos de plástico de uso industrial sin refor,VENTAS@THERVAL.COM,no,6622848010,WWW.THERVAL.COM,LA VICTORIA,83304
37,01 Dictamen IFS,no,3GESTRUCTURAS Y MONTAJES SA DE CV,1,31-50,Manufactura,Fabricación de estructuras metálicas,GERMANG@3GESTRUCTURAS.COM,no,6621500994,WWW.3GESTRUCTURAS.COM,PARQUE INDUSTRIAL,83299
37,01 Dictamen IFS,no,CLIMOVIL SA DE CV,1,31-50,Manufactura,Fabricación de equipo de aire acondicionado y calefacción,HERMOSILLO@CLIMOVIL.COM,no,6624129827,WWW.CLIMOVILINDUSTRIAL.COM.MX,PIMENTEL,83188
37,01 Dictamen IFS,no,ENTRY MASTER BUILDRES SA DE CV,1,31-50,Manufactura,Fabricación de otra maquinaria y equipo para el comercio y los servici,ADMIN@ENTRYMB.COM,no,6621115029,ENTRYMB.COM,CENTRO,83000
37,01 Dictamen IFS,no,IRODI Y MAQUINADOS DE PRECISION SA DE CV,1,31-50,Manufactura,Maquinado de piezas metálicas para maquinaria y equipo en general,PGARCIA@IRODI.COM.MX,no,6622510447,WWW.IRODI.COM.MX,NUEVO HERMOSILLO,83296
37,01 Dictamen IFS,no,RAMYCO SA DE CV,1,31-50,Manufactura,Fabricación de equipo de refrigeración industrial y comercial,VENTAS@RAMYCO.COM.MX,no,6622150828,WWW.RAMYCO.COM.MX,SAN BENITO,83190
37,01 Dictamen IFS,no,SERVERA DEL NOROESTE SA DE CV,1,31-50,Manufactura,Fabricación de productos de herrería,CONTACTO@SERVER.COM.MX,no,6623430806,,VILLA HERMOSA,83280
37,01 Dictamen IFS,no,SUBMINISTRO Y SERVICIOS INDUSTRIALES DE HERMOSILLO SA DE CV,1,31-50,Manufactura,Fabricación de productos de herrería,DENGUZ63@HOTMAIL.COM,no,6623015674,,PALO VERDE,83280
37,01 Dictamen IFS,no,ENAEX MEXICO SA,1,31-50,Comercio mayoreo,Comercio al por mayor de productos químicos para la industria farmacéu,MARISSA.BELTRAN@ENAEX.COM,sí,6441735128,WWW.ENAEX.COM,PASEO DEL SOL,
37,01 Dictamen IFS,no,EXPLOSIVOS DEL PITIC SA DE CV,1,31-50,Comercio mayoreo,Comercio al por mayor de productos químicos para la industria farmacéu,OSCAR.CAMPOS@AUSTINPOWDER.COM,sí,8713537604,,SAN MARCOS,
37,01 Dictamen IFS,no,REFACCIONES EQUIPOS Y SERVICIOS INDUSTRIALES SA DE CV,1,31-50,Comercio mayoreo,Comercio al por mayor de otra maquinaria y equipo de uso general,RESISACONTAB2@RESISA.COM.MX,no,6624287354,WWW.RESISA.COM.MX,PARQUE INDUSTRIAL HERMOSILLO,
37,01 Dictamen IFS,no,LYM SERVICIOS MAR DE CORTEZ SA DE CV,1,31-50,Comercio mayoreo,Comercio al por mayor de otra maquinaria y equipo de uso general,CAPITALHUMANO@SWEM.MX,no,6621100300,WWW.AIRE.WS,Y GRIEGA,
37,01 Dictamen IFS,no,YARDA CASTELLANOS SA DE CV,1,31-50,Comercio mayoreo,Comercio al por mayor de desechos metálicos,CONTABILIDAD@YARDACASTELLANOS.COM.MX,no,6623456344,WWW.YARDACASTELLANOS.COM.MX,SOLIDARIDAD,
37,01 Dictamen IFS,no,DISTRIBUIDORA DE PRODUCTOS DE BELLEZA DON JUAN SC DE RL DE CV,1,31-50,Comercio menudeo,Comercio al por menor de artículos de perfumería y cosméticos,PEDIDOS@DONJUAN.MX,no,6622106166,WWW.DONJUAN.MX,JESUS GARCIA,83140
37,01 Dictamen IFS,no,CELULAR EXPRESS SA DE CV,1,31-50,Comercio menudeo,Comercio al por menor de teléfonos y otros aparatos de comunicación,CONTACTO@CELEX.COM,no,5578716500,WWW.CELEX.COM,SAHUARO,
37,01 Dictamen IFS,no,AUTOMOTORES GALOS DE HERMOSILLO SA,1,31-50,Comercio menudeo,Comercio al por menor de automóviles y camionetas nuevos,CARMEN.ESCARCEGA@GEMSOPROFESSIONAL.COM.MX,sí,6622898520,WWW.PEUGEOT.COM,SANTA FE,
37,01 Dictamen IFS,no,PIPESTONE INTERNATIONAL SA DE CV,1,31-50,Transportes,Otros servicios de intermediación para el transporte de carga,MARISA.ALMIRUDIES@PIPESTONE.COM,sí,6624707914,,SANTA FE,83240
37,01 Dictamen IFS,no,LA INDUSTRIA SOCIAL MX SA,1,31-50,Serv. profesionales,Diseño gráfico,MARTINRAMOS@INDUSTRIASOCIAL.COM.MX,no,6624760926,,CINCO DE MAYO,83010
37,01 Dictamen IFS,no,TRADECK EMPRESARIAL SC,1,31-50,Serv. profesionales,Servicios de consultoría en administración,TRADECKEMPRESARIAL@GMAIL.COM,no,6624298413,,EL CHOYAL,83136
37,01 Dictamen IFS,no,APPEL SOLITIONS CONTACT CENTER SA DE CV,1,31-50,Apoyo a negocios,Servicios de recepción de llamadas telefónicas y promoción por teléfon,ADMINITRACION@APPELCORP.MX,no,6624597904,,CENTRO,
37,01 Dictamen IFS,no,CENTRO DE DESARROLLO INFANTIL SNTESA SECCION 43,1,31-50,Educación,Escuelas de educación preescolar del sector público,CDISECCION43@HOTMAIL.COM,no,6622154895,,MISION DEL SOL,83100
37,03 Expediente Vivo,no,CENTRO DE ENSEÑANZA COREM AC,4,11-30,Educación,Escuelas de educación preescolar del sector privado,,no,6622181916,,UNION DE LADRILLEROS,83179
37,01 Dictamen IFS,no,ESCUELA DE COSMIATRIA MCC SA DE CV,1,31-50,Educación,Escuelas de educación superior del sector privado,ADMINISTRACION@UCMCC.EDU.MX,no,6623117297,WWW.UNIVERSIDADDECOSMETRIAMCC.COM,SAN BENITO,83190
37,01 Dictamen IFS,no,SECUNDARIA TECNICA 22 MARIA LILIA CEBALLOS CORRAL 26EST0022A,1,31-50,Educación,Escuelas de educación secundaria técnica del sector público,26EST0022A@ESCSONORA.EDU.MX,no,6623974881,,QUINTA ESMERALDA,83284
37,01 Dictamen IFS,no,INSTITUTO BICULTURAL WILLIAM SHAKESPEARE SC,1,31-50,Educación,Escuelas del sector privado que combinan diversos niveles de educación,PLAZA.JONATHAN@IBWS.EDU.MX,sí,6622113399,,LAS VISTAS,83147
37,01 Dictamen IFS,no,INSTITUTO REGIONAL DE GUAYMAS AC,1,31-50,Educación,Escuelas del sector privado que combinan diversos niveles de educación,ESCOLARIRGUA@OUTLOOK.COM,no,6622136062,WWW.IRG.COM.MX,ALTARES CIRIOS,83296
37,01 Dictamen IFS,no,UNIVERSIDAD PEDAGOGICA NACIONAL PLANTEL HERMOSILLO CRESON,1,31-50,Educación,Escuelas de educación superior del sector público,UPNH.DIRECCION@CRESON.EDU.MX,sí,6622153044,WWW.CRESON.SONORA.GOB.MX,LEY 57,83100
37,01 Dictamen IFS,no,SERVICIOS DE SLUD DE SONORA,1,31-50,Salud,Hospitales del sector público de otras especialidades médicas,CAPACITSHERMOSILLO@HOTMAIL.COM,no,6626384290,,OLIVARES,83180
37,01 Dictamen IFS,no,DIAZLAB LABORATORIO CLINICO SA DE CV,1,31-50,Salud,Laboratorios médicos y de diagnóstico del sector privado,ADMINISTRACION@DIAZLAB.COM,no,6623211262,WWW.DIAZLAB,CENTRO,83000
37,01 Dictamen IFS,no,RAQUEL FITNES CLUB SA DE CV,1,31-50,Esparcimiento,Centros de acondicionamiento físico del sector privado,FITMAIXMORELOS@FITMAX.COM.MX,no,6624110063,,COLINAS,83145
37,01 Dictamen IFS,no,JUCAN RESTAURANTES SA DE CV,1,31-50,Hospedaje y alimentos,Restaurantes con servicio de preparación de alimentos a la carta o de ,JUCANRESTAURANTES@GMAIL.COM,no,6621189899,,VERSALLES RESIDENCIAL,83240
37,01 Dictamen IFS,no,LAS ESPADAS HERMOSILLO SA DE CV,1,31-50,Hospedaje y alimentos,Restaurantes con servicio de preparación de alimentos a la carta o de ,PAGOSHMO@LASESPDAS.MX,no,6626885658,WWW.LASESPADASMEXICO.COM,PROYECTO RIO SONORA XXI,83270
37,01 Dictamen IFS,no,OPERADORA RESTAURANTERA LA CURA SA DE CV,1,31-50,Hospedaje y alimentos,Restaurantes con servicio de preparación de pescados y mariscos,MARISCOSLACURA@GMAIL.COM,no,6623107625,,CENTRO,83000
37,01 Dictamen IFS,no,GH HOTELERA Y ARRENDADORA PROGRESO SA DE CV,1,31-50,Hospedaje y alimentos,Moteles,GHHOTELERA@HOTMAIL.COM,no,6626889259,,SOLIDARIDAD,83116
37,01 Dictamen IFS,no,COMEDOR INDUSTRIAL SA DE CV,1,31-50,Hospedaje y alimentos,Servicios de comedor para empresas e instituciones,AUXILIAR.PROFOOD@GMAIL.COM,sí,6622603030,,COLEGIO MILITAR AEROPUERTO,83220
37,01 Dictamen IFS,no,PARQUE DE PELOTA HMO SA DE CV,1,31-50,Hospedaje y alimentos,Restaurantes con servicio de preparación de alimentos a la carta o de ,ADMINISTRACION@BALLPARK.MX,no,6621550682,,HACIENDA DEL SOL,83175
37,01 Dictamen IFS,no,OPERADORA DIQUI S SAPI DE CV,1,31-50,Hospedaje y alimentos,Restaurantes con servicio de preparación de alimentos a la carta o de ,LOURDES.CERNA@HISHERMOSILLO.COM,sí,6625004600,,QUINTA EMILIA,83176
37,01 Dictamen IFS,no,MANTENIMIENTO ELECTROMECANICO INDUSTRIAL DEL PACIFICO SA DE CV,1,31-50,Otros servicios,Reparación y mantenimiento de maquinaria y equipo industrial,TALLERESMEI@PRODIGY.NET.MX,no,6622162305,,OLIVARES,83180
36,01 Dictamen IFS,no,ACUICOLA ALCATRAZ SA DE CV,1,51-100,Agro,Camaronicultura y acuicultura de otros crustáceos en agua salada,,no,,,CASA BLANCA,
36,01 Dictamen IFS,no,AQUACULTIVOS DE KINO SA DE CV,1,51-100,Agro,Camaronicultura y acuicultura de otros crustáceos en agua salada,,no,,,CASABLANCA,
36,01 Dictamen IFS,no,DCTD CONSTRUCCION Y ACABADOS SA DE CV,1,51-100,Construcción,Edificación de vivienda unifamiliar,,no,,,SAN BENITO,83190
36,01 Dictamen IFS,no,DISEÑOS Y CONSTRUCCIONES DEL COBRE SA DE CV,1,51-100,Construcción,Construcción de obras de urbanización,,no,,,BACHOCO,
36,01 Dictamen IFS,no,RUBA DESARROLLOS SA DE CV SA DE CV,1,51-100,Construcción,Edificación de vivienda unifamiliar,,no,,,SANTA FE,83249
36,01 Dictamen IFS,no,SERVICIOS DE CONSTRUCCION E INGENIERIA DE PROYECTOS SA DE CV,1,51-100,Construcción,Edificación de vivienda unifamiliar,,no,,WWW.SECOIP.COM,SAN BENITO,
36,03 Expediente Vivo,no,SUSPIROS PASTELERIAS SA DE CV,3,11-30,Manufactura,Panificación tradicional,ATENCIONACLIENTES@SUSPIROSPASTELERIAS.COM,no,,WWW.SUSPIROSPASTELERIAS.COM,VILLA SATELITE,83200
36,01 Dictamen IFS,no,PRODUCTOS HOSPITALARIOS SA DE CV,1,51-100,Manufactura,Fabricación de preparaciones farmacéuticas,,no,,WWW.SAFEPH.COM.MX,MIRASOLES,83170
36,01 Dictamen IFS,no,LG AUTOMATION SA DE CV,1,51-100,Manufactura,Fabricación de otra maquinaria y equipo para la industria en general,,no,,LGAUTOMATION.COM.MX,PARQUE INDUSTRIAL,83297
36,01 Dictamen IFS,no,ELECTRICA AB SA DE CV,1,51-100,Comercio mayoreo,Comercio al por mayor de otra maquinaria y equipo de uso general,,no,,WWW.GRUPOABSA.COM,PROYECTO RIO SONORA,
36,01 Dictamen IFS,no,GAS NATURAL DEL NOROESTE SA DE CV,1,51-100,Comercio mayoreo,Comercio al por mayor de combustibles de uso industrial,,no,,,EL LLANO,83210
36,01 Dictamen IFS,no,GRAINGER SA DE CV,1,51-100,Comercio mayoreo,Comercio al por mayor de otra maquinaria y equipo de uso general,,no,,WWW.GRAINGER.COM.MX,PROYECTO RIO SONORA,83270
36,03 Expediente Vivo,sí,MILANO OPERADORA SA DE CV,3,11-30,Comercio menudeo,"Comercio al por menor de ropa, excepto de bebé y lencería",ATENCION.MILANO@MILANO.COM,sí,,WWW.MILANO.COM,CENTRO,
36,03 Expediente Vivo,sí,ITX RETAIL MEXICO SA DE CV,3,11-30,Comercio menudeo,"Comercio al por menor de ropa, excepto de bebé y lencería",DATOSPERSONALES@CORPORACIONDESERVICIOSXXI.MX,no,,WWW.PULLANDBEAR.COM/MX/,PROYECTO RIO SONORA,83280
36,03 Expediente Vivo,sí,CIRCULO LLANTERO SA DE CV,3,11-30,Comercio menudeo,"Comercio al por menor de llantas y cámaras para automóviles, camioneta",CP_JFREAL@CIRCULOLLANTERO.COM.MX,sí,,WWW.CIRCULOLLANTERO.COM,SAN BENITO,
36,03 Expediente Vivo,sí,COMERCIAL DPORTENIS SA DE CV,3,11-30,Comercio menudeo,Comercio al por menor de artículos y aparatos deportivos,SAUL.CRISTERNA@DPORTENIS.COM.MX,sí,,WWW.DPORTENIS.MX,CENTRO,83000
36,03 Expediente Vivo,sí,HOLA EL MANDADITO SA DE CV,3,11-30,Comercio menudeo,Comercio al por menor en minisupers,TESORERIA@ELMANDADITO.MX,no,,WWW.ELMANDADITO.COM.MX,LAS LOMAS,83293
36,01 Dictamen IFS,no,TRESS SOPORTE Y CONSULTORIA SC,1,51-100,Comercio menudeo,Comercio al por menor de bisutería y accesorios de vestir,,no,,,LOMALINDA,83150
36,01 Dictamen IFS,no,NIKE DE MEXICO S DE RL DE CV,1,51-100,Comercio menudeo,Comercio al por menor de artículos y aparatos deportivos,,no,,NIKE.COM,BUGAMBILIAS,
36,01 Dictamen IFS,no,SANBORNS HERMANOS SA DE CV,1,51-100,Comercio menudeo,Comercio al por menor en tiendas departamentales,,no,,WWW.SANBORNS.COM.MX,CENTRO,83000
36,03 Expediente Vivo,sí,SUPER MC DEL NOROESTE SA DE CV,3,11-30,Comercio menudeo,Comercio al por menor en minisupers,SILVIAGM730607@GMAIL.COM,no,,,PALO VERDE,83280
36,03 Expediente Vivo,sí,GRUPO PARISINA SA DE CV,3,11-30,Comercio menudeo,Comercio al por menor de telas,BKPLAZAA@LAPARISINA.COM.MX,no,,WWW.LAPARISINA.MX,CENTRO,
36,03 Expediente Vivo,sí,OPERADORA RIO COLORADO S DE RL DE CV,3,11-30,Comercio menudeo,Comercio al por menor de gasolina y diesel,KAREN.BAEZ@GRUPOCENTRA.MX,sí,,,CENTENARIO,
36,01 Dictamen IFS,no,T Y T LOGISTICA Y SERVICIOS SA DE CV,1,51-100,Transportes,Otro autotransporte foráneo de carga especializado,,no,,,CENTRO,83000
36,01 Dictamen IFS,no,PEMEX LOGISTICA,1,51-100,Transportes,Otros servicios de intermediación para el transporte de carga,,no,,WWW.PEMEX.COM,HERMOSILLO,83118
36,01 Dictamen IFS,no,TRANSPORTES LARMEX SA DE CV,1,51-100,Transportes,Autotransporte foráneo de materiales y residuos peligrosos,,no,,WWW.TRAYECTO.COM,PARQUE INDUSTRIAL,83297
36,01 Dictamen IFS,no,INSTITUTO DEL FONDO NACIONAL DE LA VIVIENDA PARA LOS TRABAJADORES  INFONAV,1,51-100,Financieros,Fondos y fideicomisos financieros,,no,,WWW.INFONAVIT.ORG.MX,PROYECTO RIO SONORA,83270
36,01 Dictamen IFS,no,GRUPO MEXICANO DE SEGUROS SA DE CV,1,51-100,Financieros,Compañías de seguros,,no,,,METROCENTRO,83250
36,01 Dictamen IFS,no,TERTIUS SAPI DE CV,1,51-100,Financieros,Sociedades financieras de objeto múltiple,,no,,WWW.TERTIUS.COM.MX,SAN BENITO,83180
36,03 Expediente Vivo,no,CORPORATIVO CABSA SA DE CV,3,11-30,Serv. profesionales,Otros servicios relacionados con la contabilidad,RECEPCION@GENSO.COM,no,,WWW.GEMSO.COM,COUNTRY CLUB,83010
36,01 Dictamen IFS,no,SERVICIOS DE SEGURIDAD PRIVADA Y LIMPIEZA DEL NORESTE SA DE CV,1,51-100,Apoyo a negocios,Servicios de protección y custodia mediante el monitoreo de sistemas d,,no,,,PITIC,83150
36,01 Dictamen IFS,no,COLEGIO DE BACHILLERE,1,51-100,Educación,Escuelas de educación media superior del sector público,,no,,COBACH.SONORA.EDU,CALIFORNIA RECIDENCIAL,83177
36,01 Dictamen IFS,no,COLEGIO DE ESTUDIOS CIENTIFICOS Y TECNOLOGICOS DEL ESTADO DE SONORA PLANTEL HERMOSILLO 3 26ETC0016P,1,51-100,Educación,Escuelas de educación media superior del sector público,,no,,,EL MARIACHI,83040
36,01 Dictamen IFS,no,INSTITUTO PARA LA CAPACITACION DE TRABAJO DEL ESTADO DE SONORA,1,51-100,Educación,Escuelas del sector público dedicadas a la enseñanza de oficios,,no,,ICATSON.SONORA.GOB.MX,PROYECTO RIO SONORA,83280
36,01 Dictamen IFS,no,CIDEN CENTRO INFANTIL PARA EL DESARROLLO NAUROCONDUCTUAL,1,51-100,Salud,Consultorios del sector público de audiología y de terapia ocupacional,,no,,,PASEO RIO SONORA,83000
36,01 Dictamen IFS,no,INSTITUTO DE SEGURIDAD SOCIAL DE LOS TRABAJADORES DEL ESTADO,1,51-100,Salud,Hospitales generales del sector público,,no,,WWW.ISSSTE.COM.MX.GOB,SACRAMENTO,83144
36,01 Dictamen IFS,no,INSTITUTO DE SEGURIDAD Y SERVICIOS SOCIALES DE LOS TRABAJADORES DEL ESTADO DE SONORA,1,51-100,Salud,Consultorios de medicina general del sector público,,no,,ISSSTESON.SONORA.GOB.MX,LAS ISABELES,83120
36,01 Dictamen IFS,no,OPERADORA MARICEL SA DE CV,1,51-100,Esparcimiento,Otros juegos de azar,,no,,,EL LLANO,83210
36,03 Expediente Vivo,sí,GRUPO LAS SOMBRILLAS SA DE CV,3,11-30,Hospedaje y alimentos,Restaurantes con servicio de preparación de alimentos a la carta o de ,ITZEL@TABUSUSHI.COM,no,,WWW.TABUSUSHI.COM,VALLE VERDE,83200
35,03 Expediente Vivo,sí,INSTITUTO MEXICANO DE SEGURIDAD SOCIAL,2,31-50,Salud,Servicios de orientación y trabajo social para la niñez y la juventud ,,no,6622156414,,CONSTITUCION,83150
34,01 Dictamen IFS,no,AGROPECUARIA SAN ALBERTO SA,1,31-50,Agro,Beneficio de productos agrícolas,AGROPSA84@HOTMAIL.COM,no,,,AMAPOLAS,83020
34,01 Dictamen IFS,no,NATURE SELECT SA DE CV,1,31-50,Agro,Beneficio de productos agrícolas,CONTABILIDAD@PCGROUP.COM.MX,no,,,CAMPO EL NAINARI,83324
34,01 Dictamen IFS,no,ESMERALDA NAVARRO NAVARRO SA DE CV,1,31-50,Minería,Otros servicios relacionados con la minería,GYEOMANS@IMDEX-CASCABEL.COM,no,,,BUGAMBILIAS,
34,01 Dictamen IFS,no,MEXITAL MINING SA DE CV,1,31-50,Minería,Minería de oro,PEDRO.OCHOA@MEXITALMINING.COM,sí,,,SAN BENITO,
34,01 Dictamen IFS,no,QUIRIEGO GOLD SA DE CV,1,31-50,Minería,Minería de oro,TANYA.MORALES@QUIRIEGOGD.COM,sí,,,SAHUARO,
34,01 Dictamen IFS,no,TORNADO DRILLING SA DE CV,1,31-50,Minería,Otros servicios relacionados con la minería,CONTABILIDAD@TORNADO-DRILLING.COM,no,,WWW.TORO-DRILLING.COM,PARQUE INDUSTRIAL,83299
34,01 Dictamen IFS,no,FUERZA Y ENERGIA DE HERMOSILLO SA DE CV,1,31-50,Energía y agua,Generación de electricidad a partir de combustibles fósiles,ARTURO.GONZALEZ@NATURGY.COM,sí,,,LA MANGA,83220
34,01 Dictamen IFS,no,AURUM ARQUITECTOS SC,1,31-50,Construcción,"Edificación de inmuebles comerciales y de servicios, excepto la superv",DIRECCION@AURUMARQUITECTOS.COM,no,,,SANTA FE,
34,01 Dictamen IFS,no,BEJIM PLANEA Y CONSTRUYE SA DE CV,1,31-50,Construcción,"Edificación de inmuebles comerciales y de servicios, excepto la superv",IRENE.OJEDA@GRUPO-IS.COM,sí,,,SAN LUIS,83190
34,01 Dictamen IFS,no,CONSTRUCCIONES Y PROYECTOS ZUMUACHUARI SA DE CV,1,31-50,Construcción,"Edificación de inmuebles comerciales y de servicios, excepto la superv",ZUMUACHUARI@HOTMAIL.COM,no,,,SAN BENITO,
34,01 Dictamen IFS,no,CONSTRUCTORA ANAMARK SA DE CV,1,31-50,Construcción,"Edificación de inmuebles comerciales y de servicios, excepto la superv",VENTASCOANAMARK@HOTMAIL.COM,no,,,COLONIA SAN BENITO,
34,01 Dictamen IFS,no,CONSTRUCTORA CAPUCCINO SA DE CV,1,31-50,Construcción,"Edificación de inmuebles comerciales y de servicios, excepto la superv",CAPUCCINO7A@HOTMAIL.COM,no,,,UNION DE LADRILLEROS,
34,01 Dictamen IFS,no,CONSTRUCTORA TERRA BMT SA DE CV,1,31-50,Construcción,Construcción de obras de generación y conducción de energía eléctrica,TERRABMT@GMAIL.COM,no,,,MODELO,
34,01 Dictamen IFS,no,CONSTRUCTORA XTRA SA DE CV,1,31-50,Construcción,Edificación de vivienda unifamiliar,CONSTRUCTORAXTRA@HOTMAIL.COM,no,,,CAPISTRANO,
34,01 Dictamen IFS,no,CONSTRUCCIONES QUINTO ESTUDIO SA DE CV,1,31-50,Construcción,Edificación de vivienda unifamiliar,FACTURAS@QUINTOESTUDIO.COM,no,,WWW.QUINTOESTUDIO.COM,LOMAS PITIC,
34,01 Dictamen IFS,no,CORSON COMERCIAL,1,31-50,Construcción,Construcción de obras de urbanización,CONTABILIDAD@CORONCOMERCIAL.COM,no,,,SAN BENITO,
34,01 Dictamen IFS,no,DESARROLLOS PROVIDA SA DE CV,1,31-50,Construcción,Edificación de vivienda unifamiliar,YFRANCO@DESARROLLOSPROVIDA.COM,no,,WWW.DESARROLLOSPROVIDA.COM,PROVINCIAS,
34,01 Dictamen IFS,no,DISEÑO Y MECANICA AGROINDUSTRIAL SA DE CV,1,31-50,Construcción,Construcción de sistemas de riego agrícola,DIMECSA.GRUPOMOLINA@HOTMAIL.COM,sí,,,SAN JOSE DE LAS MINITAS,83285
34,01 Dictamen IFS,no,DR 51 CONSTRURENTAS SA DE CV,1,31-50,Construcción,"Edificación de inmuebles comerciales y de servicios, excepto la superv",INFORMACION.DR51@GMAIL.COM,no,,,SAN BENITO,83190
34,01 Dictamen IFS,no,GACOY CONSTRUCTORES SA DE CV,1,31-50,Construcción,Colocación de muros falsos y aislamiento,CORELLA2016@OUTLOOK.COM,no,,,BALDERRAMA,83180
34,01 Dictamen IFS,no,GRUPO EMPRESARIAL BABASAC SA DE CV,1,31-50,Construcción,Construcción de obras de urbanización,CBABASAC@PRODIGY.NET.MX,no,,,SANTA FE,83249
34,01 Dictamen IFS,no,GRUPO NUEVO MILENIO SA DE CV,1,31-50,Construcción,"Construcción de carreteras, puentes y similares",G_NUEVOMILENIO@HOTMAIL.COM,sí,,,FRACCIONAMIENTO MISION,
34,01 Dictamen IFS,no,INTEGRACION EN VOZ DE MEXICO SA DE CV,1,31-50,Construcción,Instalaciones eléctricas en construcciones,RECEPCIONIVM@GMAIL.COM,no,,,OLIVARES,83180
34,01 Dictamen IFS,no,JIOS PROYECTOS Y DESARROLLOS SA DE CV,1,31-50,Construcción,Edificación de vivienda unifamiliar,D.MONTOYA@JIOS.COM.MX,sí,,,OLIVARES,
34,01 Dictamen IFS,no,MIGUEL RUIZ MORENO,1,31-50,Construcción,"Edificación de naves y plantas industriales, excepto la supervisión",KDA_64@HOTMAIL.COM,no,,,EMILIANO ZAPATA,83280
34,01 Dictamen IFS,no,PROYECTOS Y CONSULTORIA DEL DESIERTO SA DE CV,1,31-50,Construcción,Construcción de obras de generación y conducción de energía eléctrica,CARLOS.FLORES@PCDSA.COM.MX,sí,,WWW.PCDSA.COM.MX,VILLAS DEL CORTIJO,83106
34,01 Dictamen IFS,no,PROYECTOS Y EDIFICACIONES DE SONORA SA DE CV,1,31-50,Construcción,Edificación de vivienda unifamiliar,CONTACTO@PYESSA.COM,no,,WWW.PYESSA.COM,COLONIA CONSTITUCION,
34,01 Dictamen IFS,no,RESERVAS TERRITORIALES SA DE CV,1,31-50,Construcción,Edificación de vivienda unifamiliar,RESERVAS.TERRITORIARES99@GMAIL.COM,no,,,VALLE GRANDE,
34,01 Dictamen IFS,no,SERVICIOS Y ACABADOS PROFESIONALES PARA LA CONSTRUCCION SA DE CV,1,31-50,Construcción,Edificación de vivienda unifamiliar,SERVICIOSYACABADOSCONSTRUCCION@GMAIL.COM,no,,,PROYECTO RIO SONORA,
34,01 Dictamen IFS,no,SILUX CONSTRUCTORA SA DE CV,1,31-50,Construcción,Edificación de vivienda unifamiliar,DEPGERENCIA@SILUXCONSTRUCTORA.COM,no,,,LOS ARCOS,83250
34,01 Dictamen IFS,no,AGROPECUARIA MARTYA SA DE CV,1,31-50,Manufactura,Elaboración de alimentos para animales,CONTADORESMARTYA@HOTMAIL.COM,no,,,ZAMORA,
34,01 Dictamen IFS,no,PREMIER DEL NOROESTE SA,1,31-50,Manufactura,Purificación y embotellado de agua,PREMIER_DEL_NOROESTE@HOTMAIL.COM,no,,,EL LLANO,83210
34,01 Dictamen IFS,no,GRUPO DELICIAS SUSPIROS S DE RL DE CV,1,31-50,Manufactura,Panificación tradicional,CDELICIAS@SUSPIROSPASTELERIAS.COM,no,,WWW.SUSPIROSPASTELERIAS.COM,VILLAS DEL MEDITERRANEO,83220
34,01 Dictamen IFS,no,EMPAQUES MOLDEADOS DE AMERICA TECNOLOGIAS S DE RL DE CV,1,31-50,Manufactura,Fabricación de envases de cartón,DVEGA@EMATEC.COM.MX,no,,WWW.EMATEC.COM.MX,PARQUE INDUSTRIAL,83293
34,01 Dictamen IFS,no,IMAGEN DIGITAL DEL NOROESTE SA DE CV,1,31-50,Manufactura,Impresión de formas continuas y otros impresos,ZVALENZUELA@TERRA.COM.MX,no,,,COLONIA,83190
34,01 Dictamen IFS,no,NW LABELS SA DE CV,1,31-50,Manufactura,Impresión de formas continuas y otros impresos,RECEPCION@NORWORK.COM.MX,no,,,SAN BENITO,83190
34,01 Dictamen IFS,no,DISTRIBUIDORA GRAFICA DEL NOROESTE DGN SA DE CV,1,31-50,Manufactura,Impresión de formas continuas y otros impresos,RH@SIFRAIMPRESORES.COM,no,,WWW.SIFRAIMPRESORES.COM,EL CHOYAL,83136
34,01 Dictamen IFS,no,GRUPO AMIJIRA SA DE CV,1,31-50,Manufactura,Fabricación de maquinaria y equipo para levantar y trasladar,AMIJIRA@PRODIGY.NET.MX,no,,WWW.AMIJIRA.COM,PARQUE INDUSTRIAL,83299
34,01 Dictamen IFS,no,CARROCERIAS Y REMOLQUES KUZZY SA DE CV,1,31-50,Manufactura,Fabricación de carrocerías y remolques,KUZYSONORA@KUZY.COM,no,,WWW.KUZY.COM,LA MANGA,83220
34,01 Dictamen IFS,no,CIP CENTRO DE IINNOVACION Y PROTOTIPADO SA DE CV,1,31-50,Manufactura,Fabricación de maquinaria y equipo para la industria textil,CONTABILIDAD@CIPSONORA.COM,no,,,CENTRO,83000
34,01 Dictamen IFS,no,GRUPO EMC INDUSTRIAL SA DE CV,1,31-50,Manufactura,Maquinado de piezas metálicas para maquinaria y equipo en general,FACTURAS@EMCINDUSTRIAL.MX,no,,,VILLA HERMOSA,83280
34,01 Dictamen IFS,no,JARB INDUSTRIAL SA DE CV,1,31-50,Manufactura,Fabricación de maquinaria y equipo para la industria metalmecánica,FACTURACION.JARBINDUSTRIAL@GMAIL.COM,sí,,,LAS AMAPOLAS,83020
34,01 Dictamen IFS,no,METOKOTE DE MEXICO S DE RL DE CV,1,31-50,Manufactura,Recubrimientos y terminados metálicos,SGONZALEZ@PPG.COM,no,,WWW.PPG.COM,LUVA,83299
34,01 Dictamen IFS,no,SEMPREC SA DE CV,1,31-50,Manufactura,Maquinado de piezas metálicas para maquinaria y equipo en general,SEMPREC.CP@GMAIL.COM,sí,,,PARQUE INDUSTRIAL,83299
34,01 Dictamen IFS,no,AGENCIA CAMIONERA F HINOS S DE RL,1,31-50,Comercio mayoreo,Comercio al por mayor de camiones,C.HURTADO@HINOSONORA.COM.MX,sí,,WWW.HINOSONORA.COM,PARQUE INDUSTRIAL HERMOSILLO,83293
34,01 Dictamen IFS,no,SUKARNE SA DE CV,1,31-50,Comercio mayoreo,Comercio al por mayor de carnes rojas,JOSE.CARDENASAB@SUKARNE.COM,sí,,WWW.SUKARNE.COM,PARQUE INDUSTRIAL,
34,01 Dictamen IFS,no,AGROQUIMICOS JAM SA,1,31-50,Comercio mayoreo,"Comercio al por mayor de fertilizantes, plaguicidas y semillas para si",SARA.RUIZ@AGROJAM.COM.MX,sí,,WWW.AGROQUIMICOSJAM.COM,LA MANGA,
34,01 Dictamen IFS,no,AMBSIL SA DE CV,1,31-50,Comercio mayoreo,Comercio al por mayor de otra maquinaria y equipo de uso general,LPEREZ@AMBIENTESIL.COM,no,,WWW.AMBIENTESPRODUCTOSDELIMPIEZA.COM,VILLA HERMOSA,
34,01 Dictamen IFS,no,ARAS TRACTO PARTS SA DE CV,1,31-50,Comercio mayoreo,"Comercio al por mayor de maquinaria y equipo agropecuario, forestal y ",HERMOSILLO-GERENCIA@ARAS-TRACTOPARTS.COM.MX,no,,,COLEGIO MILITAR AEROPUERTO,83220
34,01 Dictamen IFS,no,BDH BATERIAS DISTRIBUCIONES DE HERMOSILLO SA DE CV,1,31-50,Comercio mayoreo,"Comercio al por mayor de partes y refacciones nuevas para automóviles,",ATENCIONACLIENTES@BDHBATERIAS.COM,no,,WWW.BDHBATERIAS.COM,SAN BENITO,83190
34,01 Dictamen IFS,no,BEAUTY ART SA DE CV,1,31-50,Comercio mayoreo,Comercio al por mayor de artículos de perfumería y cosméticos,CONTABILIDAD.GENERAL@BEAUTYART.COM.MX,sí,,WWW.BEAUTYART.COM,CENTRO,83000
34,01 Dictamen IFS,no,BREAKER SA,1,31-50,Comercio mayoreo,Comercio al por mayor de equipo y material eléctrico,WVAZQUEZ@BREAKERMEX.COM,no,,WWW.BREAKERMEX.COM,SIERRA VISTA,83147
34,01 Dictamen IFS,no,DISTRIBUIDORA MEGAMAK SA DE CV,1,31-50,Comercio mayoreo,Comercio al por mayor de maquinaria y equipo para la construcción y la,DMORENO@BEPENSA.COM,no,,WWW.BEPENSAMOTRIZ.COM.MX,EL LLANO,
34,01 Dictamen IFS,no,DEACERO SAPI DE CV,1,31-50,Comercio mayoreo,Comercio al por mayor de desechos metálicos,INFO@DEACERO.COM,no,,WWW.DEACERO.COM,PARQUE INDUSTRIAL,
34,01 Dictamen IFS,no,DISTRIBUIDORA DE MAQUINARIA DEL NORTE SA DE CV,1,31-50,Comercio mayoreo,"Comercio al por mayor de maquinaria y equipo agropecuario, forestal y ",JFLORES@DIMANONR.COM.MX,no,,WWW.DIMANORSOLUCIONES.COM,QUINTA EMILIA,83116
34,01 Dictamen IFS,no,DIVINE FLAVOR DE MEXICO SA DE CV,1,31-50,Comercio mayoreo,Comercio al por mayor de frutas y verduras frescas,HVALENCIA@GRUPOALTA.COM,no,,,LA MANGA,
34,01 Dictamen IFS,no,EXPLOSIVOS DE PITIC SA DE CV,1,31-50,Comercio mayoreo,Comercio al por mayor de productos químicos para la industria farmacéu,JOSE.CANETT@AUSTINPOWEER.COM,sí,,,JESUS GARCIA,83140
34,01 Dictamen IFS,no,FARMACOS NACIONALES SA DE CV,1,31-50,Comercio mayoreo,Comercio al por mayor de productos farmacéuticos,JUDUTH.LOPEZ@FANASA.COM,sí,,WWW.FANASA.COM,CENTRO,
34,01 Dictamen IFS,no,FETSON SA DE CV,1,31-50,Comercio mayoreo,Comercio al por mayor de materiales metálicos para la construcción y l,CONTADOR.HMO@FETASA.NET,sí,,,EL LLANO,83210
34,01 Dictamen IFS,no,PECUARIA PITIC SA DE CV,1,31-50,Comercio mayoreo,Comercio al por mayor de medicamentos veterinarios y alimentos para an,DAVID.FELIX@GRUPAC.CM.MX,sí,,WWW.GRUPAC.COM.MX,COUNTRY CLUB,83010
34,01 Dictamen IFS,no,HIDROSISTEMAS BAJA S DE RL DE CV,1,31-50,Comercio mayoreo,Comercio al por mayor de otra maquinaria y equipo de uso general,NOCHOA@HB.COM.MX,no,,WWW.HB.COM.MX,QUINTA EMILIA,
34,01 Dictamen IFS,no,HIDRAULICAS DEL PACIFICO SA,1,31-50,Comercio mayoreo,Comercio al por mayor de maquinaria y equipo para la industria manufac,CPACHECO@GRUPOHERGOSA.COM.MX,no,,WWW.GRUPOHERGOSA.COM,LAS FLORES,83137
34,01 Dictamen IFS,no,IDEAS CONSTRUCTIVAS DEL NOROESTE SA DE CV,1,31-50,Comercio mayoreo,Comercio al por mayor de maquinaria y equipo para la construcción y la,ADMINISTRACION@IDEASCONSTRUCTIVAS.COM,no,,WWW.IDEASCONTRUCTIVAS.COM,OLIVARES,83180
34,01 Dictamen IFS,no,INDUSTRIAS VERMONT SA DE CV,1,31-50,Comercio mayoreo,Comercio al por mayor de maquinaria y equipo para otros servicios y pa,ANDREA.AGUIRRE@VERMONT.COM.MX,sí,,WWW.VERMONT.COM.MX,OLIVAREZ,
34,01 Dictamen IFS,no,KALISCHATARRA S DE RL DE CV,1,31-50,Comercio mayoreo,Comercio al por mayor de desechos metálicos,NORMA.GARCIA@KCH.MX,sí,,WWW.KCH.MX,PARQUE INDUSTRIAL HERMOSILLO,
34,01 Dictamen IFS,no,MAQUINARIA FRONTERA SA DE CV,1,31-50,Comercio mayoreo,"Comercio al por mayor de maquinaria y equipo agropecuario, forestal y ",ROBERTO.DIAZ@TRACTORESVERDES.COM,sí,,,SAHUARO,
34,01 Dictamen IFS,no,MAQUINARIA INDUSTRIAL CABRERA SA DE CV,1,31-50,Comercio mayoreo,Comercio al por mayor de maquinaria y equipo para la industria manufac,GAMENDOZA@MAINCASA.COM,no,,,Y GRIEGA,
34,01 Dictamen IFS,no,BERNARDO ESCALANTE TAPIA SA DE CV,1,31-50,Comercio mayoreo,Comercio al por mayor de desechos metálicos,OFICINA@ENGRANEVERDE.COM,no,,WWW.ENGRANEVERDE.COM,SOLIDARIDAD,83116
34,01 Dictamen IFS,no,REPRESENTACIONES Y EQUIPAMIENTOS DE SONORA SA DE CV,1,31-50,Comercio mayoreo,Comercio al por mayor de otra maquinaria y equipo de uso general,EQUIPAMIENTOS1999@GMAIL.COM,no,,,PERISUR,83294
34,01 Dictamen IFS,no,AGLE SA DE CV,1,31-50,Comercio mayoreo,Comercio al por mayor de productos farmacéuticos,BERTILA_AGLE@HOTMAIL.COM,sí,,WWW.SANTEAGLE.COM,SAN BENITO,
34,01 Dictamen IFS,no,ACEROS Y TREFILADOS DEL NOROESTE S DE RL DE CV,1,31-50,Comercio mayoreo,Comercio al por mayor de materiales metálicos para la construcción y l,NADIA.LEON@SERDI.COM.MX,sí,,WWW.SERDIACEROS.COM,REAL DEL LLANO,
34,01 Dictamen IFS,no,SI SUPPLY SA DE CV,1,31-50,Comercio mayoreo,Comercio al por mayor de otra maquinaria y equipo de uso general,CLOPEZ@SOLUCIONESINTEGRALES.NET,no,,WWW.SOLUCIONESINDUSTRIALES.NET,SAHUARO,83170
34,01 Dictamen IFS,no,SONORA NATURALS SA DE CV,1,31-50,Comercio mayoreo,Comercio al por mayor de productos químicos para la industria farmacéu,MALCANTAR@SONNAT.COM.MX,no,,WWW.SONNAT.COM.MX,HERMOSILLO,83299
34,01 Dictamen IFS,no,ZPACIFIC NW SA DE CV,1,31-50,Comercio mayoreo,Comercio al por mayor de otra maquinaria y equipo de uso general,MSATARAIN@ZPACIFIC.COM,no,,WWW.ZPACIFIC.COM,SAN BENITO,83190
34,01 Dictamen IFS,no,SC AUTOMOTRIZ SA,1,31-50,Comercio menudeo,Comercio al por menor de automóviles y camionetas nuevos,JAGARCIA@SCAUTOMOTRIZ.COM,no,,WWW.BUICKGMCSONORA.COM,PROYECTO RIO SONORA,83270
34,01 Dictamen IFS,no,REFORMA GASOLINERA SA DE CV,1,31-50,Comercio menudeo,Comercio al por menor de gasolina y diesel,CONTARG@INFINITUMMAIL.COM,no,,,BALDERRAMA,83180
34,01 Dictamen IFS,no,FANTASIAS MIGUEL SA DE CV,1,31-50,Comercio menudeo,Comercio al por menor de otros artículos para la decoración de interio,LETICIA.CONTREAS@FANTASIASMIGUEL.ORG,sí,,WWW.FANTASIASMIGUEL.COM,CENTRO,
34,01 Dictamen IFS,no,MD INGENIERIA Y CONSTRUCCIONES SA DE CV,1,31-50,Comercio menudeo,Comercio al por menor en ferreterías y tlapalerías,INFO@GRUPONAYAR.COM,no,,WWW.GRUPONAYAR.COM,EL MIRADOR,83179
34,01 Dictamen IFS,no,GASERVICIO PUERTA REAL  SA DE CV,1,31-50,Comercio menudeo,Comercio al por menor de gasolina y diesel,GASERVICIOPUERTAREAL@GMAIL.COM,no,,WWW.GASOLINERASELCHAMIZAL.COM,SAN BOSCO,83177
34,01 Dictamen IFS,no,MASCOTAS Y COMPAÑIA SAPI DE CV,1,31-50,Comercio menudeo,Comercio al por menor de mascotas,MALBARRAN@PETCO.COM,no,,,PROYECTO RIO SONORA NORTE,83280
34,01 Dictamen IFS,no,MATERIALES ARQUITECTONICOS DE SONORA SA DE CV,1,31-50,Comercio menudeo,Comercio al por menor en ferreterías y tlapalerías,MASSA2ACE@HOTMAIL.COM,no,,WWW.MASSA.MX,VILLA SATELITE,
34,01 Dictamen IFS,no,PREMIER AUTOCOUNTRY SA DE CV,1,31-50,Comercio menudeo,Comercio al por menor de automóviles y camionetas nuevos,JURIBE@AUTOCOUNTRY.COM.MX,no,,,SACRAMENTO RESIDENCIAL,
34,01 Dictamen IFS,no,SC SOCIEDAD DE CAPITALES SC DE RL DE CV,1,31-50,Comercio menudeo,Comercio al por menor de automóviles y camionetas nuevos,RECEPCION@MG-HERMOSILLO.COM.MX,no,,,LOMA LINDA,83145
34,01 Dictamen IFS,no,REFACCIONES Y ACCESORIOS PORTILLO SA DE CV,1,31-50,Comercio menudeo,"Comercio al por menor de partes y refacciones nuevas para automóviles,",REFACCIONARIAPORTILLO@HOTMAIL.COM,no,,,LEY 57,83100
34,01 Dictamen IFS,no,SERVI GAS LA ESPIGA SA DE CV,1,31-50,Comercio menudeo,Comercio al por menor de gasolina y diesel,MARTINFELIX@GRUPOPERISUR.COM,no,,,CENTRO,
34,01 Dictamen IFS,no,SONEURO MOTORS SA DE CV,1,31-50,Comercio menudeo,Comercio al por menor de automóviles y camionetas nuevos,ADMINISTRACION@SONEUROMOTORS.COM.MX,no,,WWW.SONEUROMOTORS.COM,PROYECTO RIO SONORA,83270
34,01 Dictamen IFS,no,FRUTERIA SAN FRANCISCO DE LA COSTA DE HERMOSILLO SA DE CV,1,31-50,Comercio menudeo,Comercio al por menor en minisupers,GPOSALGADOCOSTA@HOTMAIL.COM,no,,,CENTRO,
34,01 Dictamen IFS,no,SURTIDORA MEXICANA DEL NOROESTE SA,1,31-50,Comercio menudeo,Comercio al por menor en ferreterías y tlapalerías,HLLO@SURTIMEX.COM,no,,WWW.SURTIMEX.COM,EL LLANO,
34,01 Dictamen IFS,no,AUTOS PITIC SA,1,31-50,Comercio menudeo,Comercio al por menor de automóviles y camionetas nuevos,GERENTE.ADMINISTRATIVO@SUZUKIHERMOSILLO.COM,sí,,WWW.SUZUKIHERMOSILLO.COM,PROYECTO RIO SONORA,83270
34,01 Dictamen IFS,no,TUBERIAS Y VALVULAS DEL NOROESTE SA,1,31-50,Comercio menudeo,Comercio al por menor en ferreterías y tlapalerías,VENTASHMO@TUVANOSA.COM,no,,WWW.TUVANOSA.COM,PARQUE INDUSTRIAL,
34,01 Dictamen IFS,no,AUTOTRANSPORTES ORBA SA DE CV,1,31-50,Transportes,Autotransporte foráneo de materiales y residuos peligrosos,AUTOTRANSPORTESORBA2@HOTMAIL.COM,no,,,LA VICTORIA,83304
34,01 Dictamen IFS,no,BULKMATIC DE MEXICO SA DE CV,1,31-50,Transportes,Otros servicios de intermediación para el transporte de carga,JRODRIGUEZ@BULKMATIC.COM.MX,no,,WWW.BULMATICK.COM.MX,LA VICTORIA,83304
34,01 Dictamen IFS,no,COMERCIALIZADORA DE BEBIDAS SA DE CV,1,31-50,Transportes,Otros servicios de intermediación para el transporte de carga,CYNDI.GARCIA@KDRP.COM,sí,,,QUINTA EMILIA,83214
34,01 Dictamen IFS,no,DISERSON SA DE CV,1,31-50,Transportes,Autotransporte local con refrigeración,CONTABILIDAD.DISERSON@MOLINAGROUP.COM,sí,,,SAN BENITO,83190
34,01 Dictamen IFS,no,FERRARIS TRANSPORTES SA DE CV,1,31-50,Transportes,Autotransporte foráneo con refrigeración,FACTURACIONFERRARIS@GMAIL.COM,no,,,Y GRIEGA,83290
34,01 Dictamen IFS,no,AGUILAS DEL DESIERTO DE BAJA CALIFORNIA SA DE CV,1,31-50,Transportes,Otros servicios de intermediación para el transporte de carga,MARIA.LEYVA@MEXLOG.COM,sí,,WWW.MEXLOG.COM,PARQUE INDUSTRIAL,83299
34,01 Dictamen IFS,no,OPERADORA DE TRANSPORTES INTERNACIONAL SA DE CV,1,31-50,Transportes,Otro autotransporte foráneo de carga general,RH@OTITRANSPORT.COM,no,,,PARQUE INDUSTRIAL,83299
34,01 Dictamen IFS,no,GASOLINERA LOS DOS POTRILLOS SC,1,31-50,Transportes,Otros servicios de intermediación para el transporte de carga,CONTACTO@SECOMEX.COM.MX,no,,WWW.SECOMEXLOGISTIKOS.COM,PARQUE INDUSTRIAL,83297
34,01 Dictamen IFS,no,SHENOA DISTRIBUIDORA Y SERVICIOS SA DE CV,1,31-50,Transportes,Otro autotransporte local de carga general,NORUEGO39@HOTMAIL.COM,no,,,SAN BENITO,83000
34,01 Dictamen IFS,no,THG TRANSPORTES SA DE CV,1,31-50,Transportes,Autotransporte foráneo con refrigeración,MARCELASAUCEDA@THGTRANSPORTES.MX,no,,,ALTARES,83129
34,01 Dictamen IFS,no,TRANSERVICIOS TERRESTRES 2PJ SA DE CV,1,31-50,Transportes,Otro autotransporte foráneo de carga general,TRANSEVICIOST2PJ@HOTMAIL.COM,no,,,SAN LUIS,83160
34,01 Dictamen IFS,no,TRANSPORTES AMA SA DE CV,1,31-50,Transportes,Autotransporte foráneo de productos agrícolas sin refrigeración,TRANSPORTESAMA95@GMAIL.COM,no,,,DUNAS,83170
34,01 Dictamen IFS,no,TRANSPORTES FERMO  SA DE CV,1,31-50,Transportes,Transporte colectivo urbano y suburbano de pasajeros en autobuses de r,TRANSPORTES.FERMO@HOTMAIL.COM,sí,,,AGUAYO PORCHAS,83125
34,01 Dictamen IFS,no,TRANSPORTES PASTOR TREJO SA DE CV,1,31-50,Transportes,Transporte escolar y de personal,TPT1953@HOTMAIL.COM,no,,,PALO VERDE,83280
34,01 Dictamen IFS,no,VALORES AGREGADOS EN APLICACIONES LOGISTICAS SAPI DE CV,1,31-50,Transportes,Otro autotransporte foráneo de carga general,CONTACTANOS@VALOG.MX,no,,WWW.VALOG.MX,LA MANGA,83220
34,01 Dictamen IFS,no,STRATEGA SOLUCIONES DE MERCADO SA DE CV,1,31-50,Transportes,Servicios de mensajería y paquetería local,INFO@STRATEGASOLUCIONES.COM,no,,,LOS ROSALES,83140
34,01 Dictamen IFS,no,FINANCIERA PARA EL BIENESTAR,1,31-50,Información,Operadores de servicios de telecomunicaciones alámbricas,JORGE.BUSTAMANTE@TELECOMM.GOB.MX,sí,,HTTPS://WWW.TELECOMM.GOB.MX/,CENTRO,83000
34,01 Dictamen IFS,no,AVEDD CONSULTORES S.C. SC DE RL DE CV,1,31-50,Financieros,"Agentes, ajustadores y gestores de seguros y fianzas",AVEDDGERENCIA@GMAIL.COM,no,,,LOMA LINDA,83145
34,01 Dictamen IFS,no,PROMOTORA DE HOGARES SA DE CV,1,31-50,Inmobiliario,Inmobiliarias y corredores de bienes raíces,CONTABILIDAD@PROMOTORADEHOGARES.COM,no,,WWW.PROMOTORADEHOGARES.COM,LOMA LINDA,83150
34,01 Dictamen IFS,no,7 CERROS   SA DE CV,1,31-50,Serv. profesionales,Servicios de ingeniería,SIETE-CERROS@HOTMAIL.COM,no,,,OLIVARES,83180
34,01 Dictamen IFS,no,ANALITICA DEL NOROESTE SA DE CV,1,31-50,Serv. profesionales,Laboratorios de pruebas,SERVICIOS@ANALITICADELNOROESTE.COM,no,,WWW.ANALITICADELNOROESTE.COM,LAS QUINTAS,83240
34,01 Dictamen IFS,no,CORPORATIVO OPERADOR DE EMPRESAS SC,1,31-50,Serv. profesionales,Servicios de contabilidad y auditoría,FCALLES@OPESSA.NET,no,,WWW.OPESSA.NET,PROYECTO RIO SONORA,83270
34,01 Dictamen IFS,no,GM CONSULTORIA Y PROYECTOS DE INGENIERIA AMBIENTAL SA DE CV,1,31-50,Serv. profesionales,Servicios de consultoría en medio ambiente,GMCONSULTORIA.ADMON@GMAIL.COM,sí,,WWW.GMCONSULTORIAAMBIENTAL.COM,EL LLANO,83210
34,01 Dictamen IFS,no,PRODENSA SERVICIOS DE CONSULTORIA SAPI DE CV,1,31-50,Serv. profesionales,Servicios de consultoría en administración,GCORTES@PRODENSA.COM.MX,no,,WWW.PRODENSA.COM.MX,EL LLANO,
34,01 Dictamen IFS,no,INGENIERIA BENESTO SA DE CV,1,31-50,Serv. profesionales,Servicios de ingeniería,DULCE.MARTINEZ@BENESTO.COM.MX,sí,,WWW.BENESTO.COM,CENTRO,83000
34,01 Dictamen IFS,no,INGENIERIA GEOMEX SA DE CV,1,31-50,Serv. profesionales,Servicios de inspección de edificios,AMURRIETA.GEOMEX@GMAIL.COM,sí,,,VILLA SATELITE,83200
34,01 Dictamen IFS,no,MAUREGUI Y ASOCIADOS SC,1,31-50,Serv. profesionales,Notarías públicas,CONTACTO@GMAIL.COM,no,,NOTARIA63.COM,CENTENARIO,83260
34,01 Dictamen IFS,no,ROBLES VENTURE PARNETRS,1,31-50,Serv. profesionales,Servicios de diseño de sistemas de cómputo y servicios relacionados,JALVARADO@TCA-SS.COM,no,,WWW.TCA.COM,TORRE II,83145
34,01 Dictamen IFS,no,SOTOMAYOR ELIAS SC,1,31-50,Serv. profesionales,Servicios de contabilidad y auditoría,SESC@SOTOMAYORELIAS.COM.MX,no,,WWW.SOTOMAYORELIAS.COM.MX,VALLE ESCONDIDO,83207
34,01 Dictamen IFS,no,TECNIAL INGENIEROS ESPECIALIZADOS SA DE CV,1,31-50,Serv. profesionales,Servicios de diseño de sistemas de cómputo y servicios relacionados,SOLICITUDES@TECNIAL.MX,no,,,SAN BENITO,83190
34,01 Dictamen IFS,no,WALSH & BROWM GROUPS SA DE CV,1,31-50,Serv. profesionales,Servicios de contabilidad y auditoría,WALSHYBOWM@GMAIL.COM,no,,,CENTRO,83000
34,01 Dictamen IFS,no,COPPER MINE INDUSTRIAL SA DE CV,1,31-50,Apoyo a negocios,"Servicios de investigación y de protección y custodia, excepto mediant",ANTENCION@ALSASEGURIDAD.MX,no,,WWW.ALSASEGURIDAD.MX,MODELO,83190
34,01 Dictamen IFS,no,CALL CENTERED MX S DE RL DE CV,1,31-50,Apoyo a negocios,Servicios de recepción de llamadas telefónicas y promoción por teléfon,RODRIGO.MUNOZM@CALLCENTERED.COM,sí,,CALLCENTERED.MX,CENTRO,83000
34,01 Dictamen IFS,no,CORPORATIVO DE SERVICIOS ADMINISTRATIVOS SC,1,31-50,Apoyo a negocios,Suministro de personal permanente,RMEXIA@GRUPOPERISUR.COM,no,,,PERISUR,83294
34,01 Dictamen IFS,no,DESIERTO ASESORIAS SC,1,31-50,Apoyo a negocios,Suministro de personal permanente,DESIERTOASES97@GMAIL.COM,no,,,SAN LUIS,83160
34,01 Dictamen IFS,no,SERVICIOS DE EVIDENCIAS Y PROTECCION SA DE CV,1,31-50,Apoyo a negocios,"Servicios de investigación y de protección y custodia, excepto mediant",MARYP@GRUPOSIESA.COM,no,,,VALLE ESCONDIDO,83207
34,01 Dictamen IFS,no,GRUPO TORMENZ SC,1,31-50,Apoyo a negocios,Agencias de cobranza,RECEPCION@TORSACORP.COM.MX,no,,,VALLE GRANDE,83205
34,01 Dictamen IFS,no,PRO ONE SECURITY SA DE CV,1,31-50,Apoyo a negocios,"Servicios de investigación y de protección y custodia, excepto mediant",RECURSOSHUMANOS@PROONESECURITY.COM.MX,no,,WWW.PROONESECURITY.COM.MX,LOMAS PITIC,83010
34,01 Dictamen IFS,no,PROACTIVO LEGAL MEXICO SC,1,31-50,Apoyo a negocios,Agencias de cobranza,BNAVARRETE@PROLEGAL.COM.MX,no,,WWW.PROLEGAL.COM.MX,PITIC,83150
34,01 Dictamen IFS,no,SEILSIN PROVELIM SA DE CV,1,31-50,Apoyo a negocios,Servicios de limpieza de inmuebles,ADMINISTRACION@PROVELIM.COM.MX,no,,,AEROPUERTO HERMOSILLO,83220
34,01 Dictamen IFS,no,SEGURITECH PRIVADA SA DE CV,1,31-50,Apoyo a negocios,Servicios de protección y custodia mediante el monitoreo de sistemas d,ARIVERA@SEGURITECH.COM,no,,WWW.SEGURITECH.COM,CHOYAL,83130
34,01 Dictamen IFS,no,SONORA IMPORTA SA DE CV,1,31-50,Apoyo a negocios,Servicios de protección y custodia mediante el monitoreo de sistemas d,SEGURIDADPRIVAD.MASTERGUARD@GMAIL.COM,sí,,WWW.MASTERGUARD.COM,CENTRO,83000
34,01 Dictamen IFS,no,SPD SEGURIDAD PRIVADA DEL DESIERTO SA DE CV,1,31-50,Apoyo a negocios,"Servicios de investigación y de protección y custodia, excepto mediant",SPDSEGURIDADPRIVADA@GMAIO.COM,no,,,SAN BENITO,83190
34,01 Dictamen IFS,no,SYTEC COMUNICACIONES SA DE CV,1,31-50,Apoyo a negocios,Agencias de cobranza,SYTECERVICIOS@HOTMAIL.COM,no,,WWW.CORPORATIVOSYTEC.COM,CENTRO,83000
34,01 Dictamen IFS,no,TECMED TECNICAS MEDIOAMBIENTALES DE MEXICO SA DE CV,1,31-50,Apoyo a negocios,Tratamiento y disposición final de residuos no peligrosos por el secto,CONTACTO@TECMEDMX.COM,no,,,LAS MINITAS,83177
34,01 Dictamen IFS,no,ASOCIACION NACIONAL PROSUPERACION PERSONAL AC,1,31-50,Educación,Otros servicios educativos proporcionados por el sector privado,HERMOSILLO@ANSPAC.ORG.MX,no,,WWW.ANSPAC.ORG.MX,PITIC,83150
34,01 Dictamen IFS,no,CENTRO DE ATENCIO INFANTIL NO 2 SEC,1,31-50,Educación,Escuelas de educación preescolar del sector público,SENDI2SEC@HOTMAIL.COM,no,,,COLINAS,83145
34,01 Dictamen IFS,no,CENTRO DE EDUCACION BILINGUE LIDEEL SC,1,31-50,Educación,Escuelas del sector privado que combinan diversos niveles de educación,LIDEEL@HOTMAIL.COM,no,,,MONTEBELLO,83249
34,01 Dictamen IFS,no,HARVARD BEC SC,1,31-50,Educación,Escuelas del sector privado que combinan diversos niveles de educación,INFORMACION@COLEGIOHBEC.EDU.MX,no,,WWW.COLEGIOHBEC.EDU.MX,LA CIMA,83105
34,01 Dictamen IFS,no,ESCUELA SECUNDARIA GENERAL NO 8 NETZAHUALCOYOTL,1,31-50,Educación,Escuelas de educación secundaria general del sector público,GRAL8_26DES0042X@HOTMAIL.COM,no,,,MISION DEL SOL,83100
34,01 Dictamen IFS,no,INSTITUTO ALEMAN MULTICULTURAL SC,1,31-50,Educación,Escuelas del sector privado que combinan diversos niveles de educación,IALEMAN.MUTLICULTIRAL@GMAIL.COM,sí,,,MURANO RESIDENCIAL,83175
34,01 Dictamen IFS,no,INSTITUTO ANGEL DE LA GUARDA,1,31-50,Educación,Escuelas del sector privado que combinan diversos niveles de educación,IANGELDELAGUARDA@HOTMAIL.COM,no,,,LOS ROSALES,83140
34,01 Dictamen IFS,no,FUNDACION DE BECAS PARA EL DESARROLLO MEXICANO AC,1,31-50,Educación,Escuelas de idiomas del sector privado,ADMON.HMOSOL@LINGUATEC.COM.MX,sí,,WWW.LINGUATEC.COM.MX,VALLE VERDE,83200
34,01 Dictamen IFS,no,INSTITUTO ORLANDO SC,1,31-50,Educación,Escuelas del sector privado que combinan diversos niveles de educación,ADMINISTRACION@IBO.EDU.MX,no,,WWW.IBO.EDU.MX,BALDERRAMA,83180
34,01 Dictamen IFS,no,PATRONATO DIRECTIVO CEUNO AC,1,31-50,Educación,Escuelas de educación media superior del sector privado,JAIRCEUNO@GMAIL.COM,no,,,RAQUETCLUB,83200
34,01 Dictamen IFS,no,UNIVERSIDAD UNILIDER SC,1,31-50,Educación,Escuelas de educación superior del sector privado,FACTURAS@UNILIDER.EDU.MX,no,,WWW.UNILIDER.EDU.MX,CAFE COMBATE,83165
34,01 Dictamen IFS,no,CENTRO DE ALTA ESPECIALIDAD EN ONCOLOGIA SAN JOSE DE SONORA SA DE CV,1,31-50,Salud,Hospitales del sector privado de otras especialidades médicas,MCARMENE@GRUPOMEDICOSANJOSE.COM,no,,,COLINAS,83145
34,01 Dictamen IFS,no,INSTITUTO DE SEGURIDAD Y SERVICIOS SOCIALES PARA LOS TRABAJADORES DEL ESTADO,1,31-50,Salud,Guarderías del sector público,EBDI068@GMAIL.COM,no,,WWW.ISSSTE.GOB.MX,SAN BENITO,83190
34,01 Dictamen IFS,no,GUARDERIA CAMINANDO CONTIGO  SC,1,31-50,Salud,Guarderías del sector privado,CAMINANDO_CONTIGO@HOTMAIL.COM,sí,,,SAN BENITO,83190
34,01 Dictamen IFS,no,SERVICIOS ESPECIALIZADOS GNO SONORA SC,1,31-50,Salud,Guarderías del sector privado,GCARRUSEL@GNO.COM.MX,no,,,SOLIDARIDAD,83116
34,01 Dictamen IFS,no,GUARDERIA DEL CENTRO SC,1,31-50,Salud,Guarderías del sector privado,LADELCENROGUAREERIA@GMAIL.COM,no,,,CENTRO,83000
34,01 Dictamen IFS,no,GUARDERIA DEL RIO SC,1,31-50,Salud,Guarderías del sector privado,GRIA.DELRIO@HOTMAIL.COM,sí,,,CENTENARIO,83260
34,01 Dictamen IFS,no,ESTANCIA DE DESARROLLO INFANTIL SC,1,31-50,Salud,Guarderías del sector privado,ESTANCIAEDDI@HOTMAIL.COM,no,,,CENTRO,83000
34,01 Dictamen IFS,no,PASITOS ADELANTE  SC,1,31-50,Salud,Guarderías del sector privado,PASITOS_ADELANTE@HOTMAIL.COM,sí,,,JARDINES DE MONACO,83288
34,01 Dictamen IFS,no,MC HERMOSILLO SA DE CV,1,31-50,Salud,Hospitales del sector privado de otras especialidades médicas,ADMON.HMO@MEDICADELACIUDAD.COM,sí,,,PROYECTO EIO SONORA,83270
34,01 Dictamen IFS,no,INTERNADO CORONEL J CRUZ GALVEZ,1,31-50,Salud,Orfanatos y otras residencias de asistencia social del sector público,INTERNADOCRUZGALVEZ7@HOTMAIL.COM,no,,,5 E MAYO,83010
34,01 Dictamen IFS,no,APUESTAS INTERNACIONALES SA DE CV,1,31-50,Esparcimiento,Otros juegos de azar,EFIGUEROAS@TELEVISA.COM.MX,no,,WWW.PLAYCITY.COM,SACRAMENTO,83145
34,01 Dictamen IFS,no,OPERADORA Y ADMINISTRADORA SW SA DE CV,1,31-50,Esparcimiento,Centros de acondicionamiento físico del sector privado,SERVICIOALCLIENTE@SPORTSWORLD.COM,no,,WWW.SPORTSWORLD.COM.MX,BACHOCO,83148
34,01 Dictamen IFS,no,ADMINISTRADORA MEXICANA DE HIPODROMO SA DE CV,1,31-50,Esparcimiento,Otros juegos de azar,LUIS.SOLANO@CODERE.COM,sí,,,EL SAHUARO,
34,01 Dictamen IFS,no,APPLEMEX SA DE CV,1,31-50,Hospedaje y alimentos,Restaurantes con servicio de preparación de alimentos a la carta o de ,MRIVAS@APPLEMEX.COM,no,,,REAL DEL ARCO,83200
34,01 Dictamen IFS,no,IMPULSO PARA EL DESARROLLO EMPRESARIAL APLICADO IDEA SA DE CV,1,31-50,Hospedaje y alimentos,Restaurantes con servicio de preparación de alimentos a la carta o de ,AD.BROBON@GMAIL.COM,sí,,,LOS IGUALADOS,83010
34,01 Dictamen IFS,no,CAFE 57 SA DE CV,1,31-50,Hospedaje y alimentos,Restaurantes con servicio de preparación de alimentos a la carta o de ,C57PITIC@ICR.MX,no,,,PITIC,83150
34,01 Dictamen IFS,no,LA BAJA NORTE ES LA 22 SA DE CV,1,31-50,Hospedaje y alimentos,"Bares, cantinas y similares",CERVECERIALA22HERMOSILLO@CERVECERIALA22.COM,no,,,LOMAS PITIC,83010
34,01 Dictamen IFS,no,OPERADORA DEL CONQUISTADOR SA DE CV,1,31-50,Hospedaje y alimentos,Servicios de comedor para empresas e instituciones,CONTABILIDAD@CIM-MEX.COM,no,,WWW.CIM-MEX.COM,DINA TECHS,83299
34,01 Dictamen IFS,no,EL LEÑADOR DEL PACIFICO SA DE CV,1,31-50,Hospedaje y alimentos,Restaurantes con servicio de preparación de alimentos a la carta o de ,LENADORCOLOSIO@HOTMAIL.COM,no,,,CENTENARIO,83260
34,01 Dictamen IFS,no,GIRASOLE HERMOSILLO SA DE CV,1,31-50,Hospedaje y alimentos,Restaurantes con servicio de preparación de alimentos a la carta o de ,CAJAGIRASOLE@GMAIL.COM,no,,WWW.GIRASOLERISTORANTE.COM,CENTENARIO,83260
34,01 Dictamen IFS,no,OPERADORA EL DORADO HERMOSILLO ODH SA DE CV,1,31-50,Hospedaje y alimentos,Hoteles con otros servicios integrados,GERENCIA@ELDORADOHERMOSILLO.COM.MX,no,,WWW.ELDORADOHERMOSILLO.COM.MX,EL LLANO,83210
34,01 Dictamen IFS,no,GANDARA HERMANOS SA,1,31-50,Hospedaje y alimentos,Hoteles con otros servicios integrados,HOTELGANDARA@PRODIGY.NET.MX,no,,WWW.HOETELESGANDARA.COM,PITIC,83150
34,01 Dictamen IFS,no,SERVICIOS TURISTICOS ARCADIA SA,1,31-50,Hospedaje y alimentos,Hoteles con otros servicios integrados,RESERVACIONES@HOTELPREMIER.COM.MX,no,,WWW.HOTELPREMIER.COM.MX,SAN LUIS,83160
34,01 Dictamen IFS,no,HOTEL SAN ANDRES SA DE CV,1,31-50,Hospedaje y alimentos,Hoteles con otros servicios integrados,INFO@HOTELSANANDRESHERMOSILLO.COM,no,,WWW.HOTELSANDRES.COM,CENTRO,83000
34,01 Dictamen IFS,no,COES 9 SA DE CV,1,31-50,Hospedaje y alimentos,Hoteles con otros servicios integrados,GERENCIA@SLEEPINNHERMOSILLO.COM,no,,WWW.SLEEPHERMOSILLO.COM,LAS LOMAS,83293
34,01 Dictamen IFS,no,GRUPO COMERCIAL DELCACE S DE RL DE CV,1,31-50,Hospedaje y alimentos,"Restaurantes con servicio de preparación de pizzas, hamburguesas, hot ",ADMIN1@DELCACE.COM,no,,,CONSTITUCION,83150
34,01 Dictamen IFS,no,HOTELERA RODEIRO SA DE CV,1,31-50,Hospedaje y alimentos,Moteles,MOTELAUTOPARADOR@GMAIL.COM,no,,,LAS AMAPOLAS,83020
34,01 Dictamen IFS,no,PROMOCIONES TURISTICAS DE SONORA SA DE CV,1,31-50,Hospedaje y alimentos,Moteles,MOTEL_CARIBE@HOTMAIL.COM,sí,,,QUINTA EMILIA,83176
34,01 Dictamen IFS,no,ASESORIA DE MOTELES DE HERMOSILLO SA DE CV,1,31-50,Hospedaje y alimentos,Moteles,AMALIAMOTELGLMOUR@GMAIL.COM,no,,WWW.MOTELGLAMOUR.COM,MONTEBELLO,83174
34,01 Dictamen IFS,no,STP SERVICIOS TURISTICOS PERIFERICO SA DE CV,1,31-50,Hospedaje y alimentos,Moteles,STPERIFERICO@HOTMAIL.COM,no,,,LOMAS PITIC,83010
34,01 Dictamen IFS,no,SERVICIOS HOTELEROS LA SUBASTA SA,1,31-50,Hospedaje y alimentos,Moteles,SERVICIOSHOTELEROSLASUBASTA@HOTMAIL.COM,no,,,PARQUE INDUSTRIAL,83297
34,01 Dictamen IFS,no,MARTZON RESTAURANTES SA DE CV,1,31-50,Hospedaje y alimentos,Restaurantes con servicio de preparación de alimentos a la carta o de ,NECTARADMIR@MARTZON.MX,no,,WWW.NECTARGM.MX,CENTENARIO,83260
34,01 Dictamen IFS,no,PANADERIA HONORE SA DE CV,1,31-50,Hospedaje y alimentos,"Cafeterías, fuentes de sodas, neverías, refresquerías y similares",HONOREPANADERIA@GMAIL.COM,no,,,SANTA FE,83240
34,01 Dictamen IFS,no,COMERCIALIZADORA LMLA KINO SA DE CV,1,31-50,Hospedaje y alimentos,Restaurantes con servicio de preparación de pescados y mariscos,COMERCIALIZADORA.LMLAKINO@HOTMAIL.COM,sí,,,LA CRUZ,83340
34,01 Dictamen IFS,no,GASTROSON SA DE CV,1,31-50,Hospedaje y alimentos,Restaurantes con servicio de preparación de alimentos a la carta o de ,FACTURACION@PALOMINOSHERMOSILLO.COM,no,,,PROYECTO RIO SONORA,83270
34,01 Dictamen IFS,no,JARDINES MIYAKO SA DE CV,1,31-50,Hospedaje y alimentos,Restaurantes con servicio de preparación de alimentos a la carta o de ,GERENCIASERVICIOS_MIYAKO@HOTMAIL.COM,sí,,,OLIVARES,83180
34,01 Dictamen IFS,no,GASTROTITLAN SA DE CV,1,31-50,Hospedaje y alimentos,Restaurantes con servicio de preparación de alimentos a la carta o de ,GERENCIAKINO@PALOMINOSHERMOSILLO.COM,no,,WWW.RESTAURANTEPALOMINOS.MX,PITIC,83150
34,01 Dictamen IFS,no,GASTRONOMICA SONORA SAA SAPI DE CV,1,31-50,Hospedaje y alimentos,Restaurantes con servicio de preparación de alimentos a la carta o de ,LAGERENCIAENTENARIO@GMAIL.COM,no,,WWW.SANTOSGRILL.COM,CENTENARIO,83260
34,01 Dictamen IFS,no,COMERCIALIZADORA Y SERVICIOS NAMBAWAN S DE RL DE CV,1,31-50,Hospedaje y alimentos,Restaurantes de autoservicio,RYOKANSUSHI.01@GMAIL.COM,no,,,LA ENCANTADA RESIDENCIAL,83243
34,01 Dictamen IFS,no,AGENCIAS FUNERARIAS DEL NOROESTE SA,1,31-50,Otros servicios,Servicios funerarios,FACTURACION@CORPORATIVORECO.COM,no,,WWW.FUNERARIASANMARTIN.COM.MX,CENTRO,83000
34,01 Dictamen IFS,no,MC AUTO DETAIL SA DE CV,1,31-50,Otros servicios,Lavado y lubricado de automóviles y camiones,GLORIA@MCAUTOCENTER.COM,no,,WWW.MCAUTODETAIL.COM,VALLE ESCONDIDO,83207
34,01 Dictamen IFS,no,NETSET AMERICAS CENTRO SERVICIO SA,1,31-50,Otros servicios,Reparación y mantenimiento de otro equipo electrónico y de equipo de p,LTOBIN@EQUINOX.PAYNENTS.COM,no,,,EMILIANO ZAPATA,83280
34,01 Dictamen IFS,no,SEI METALMECANICA SA DE CV,1,31-50,Otros servicios,Reparación y mantenimiento de maquinaria y equipo industrial,COORDINACION@SEIMETALMECANICA.COM,no,,WWW.SEMETALMECANICA.COM,PARQUE INDUSTRIAL HERMOSILLO,83299
34,01 Dictamen IFS,no,SINDICATO NUNICO DE TRABAJADORES AL SERVICIO DE LOS PODERES DEL ESTADO DE SONORA E INSTITUCIONES DESCENTRALIZADAS,1,31-50,Otros servicios,Asociaciones y organizaciones laborales y sindicales,JESUSCASTROSAUCEDO81@GMAIL.COM,no,,WWW.SUTSPES.COM.MX,CENTENARIO,83260
34,01 Dictamen IFS,no,VIDA EN ABUNDANCIA AR,1,31-50,Otros servicios,Asociaciones y organizaciones religiosas,VIDAENAABUNDANCIAHMO@GMAIL.COM,no,,,SAHUARO,83178
33,03 Expediente Vivo,no,GIEP SERVICIOS MEXICO S DE RL DE CV S DE RL DE CV,2,11-30,Construcción,Instalaciones eléctricas en construcciones,ADMON@GIEPSM.COM.MX,no,6621108094,,PARQUE INDUSTRIAL,83297
33,03 Expediente Vivo,no,MAZTRO DISTRIBUCIONES SA DE CV,2,11-30,Comercio mayoreo,Comercio al por mayor de combustibles de uso industrial,ADMINISTARCION@MAZTRO.COM.MX,no,6624709101,WWW.MAZTRO.COM.MX,LA VICTORIA,
33,03 Expediente Vivo,sí,DESARROLLO COMERCIAL DEL NOROESTE SA,2,11-30,Comercio menudeo,Comercio al por menor de materiales para la construcción en tiendas de,OTAPIA@GRUPOSAGO.COM,no,6621400737,WWW.DECONO.MX,VILLA SATELITE,83200
33,03 Expediente Vivo,sí,GD COMERCIALIZADORA DEL BAJIO SA DE CV,2,11-30,Comercio menudeo,Comercio al por menor de muebles para el hogar,DICOGIRASOLES@GRUPODICO.COM.MX,no,6624361353,WWW.DICO.COM.MX,SAHUARO,
33,03 Expediente Vivo,sí,FRUTERIA SALGADO DE HERMOSILLO SA DE CV,2,11-30,Comercio menudeo,Comercio al por menor en minisupers,CUQUISSALGADO1@HOTMAIL.COM,no,6621140507,SUPER SALGADO,SAHUARO MIUNICIPAL,83178
33,03 Expediente Vivo,sí,PANCAKE FACTORY,2,11-30,Hospedaje y alimentos,Restaurantes con servicio de preparación de alimentos a la carta o de ,PFNAVARRETE@PANCAKEFACTORY.COM.MX,no,6624200050,PANCAKEFACTORY.OLA.CLICK,CAPISTRANO,83249
33,03 Expediente Vivo,sí,RACOMH RADIADORES Y CONSTRUCCION METALICA DE HERMOSILLO SA DE CV,2,11-30,Otros servicios,Otras reparaciones mecánicas de automóviles y camiones,SOLDADURAS.ESPECIALES2017@HOTMAIL.COM,no,6622969181,WWW.RACOHRADIADORES.COM,ADOLFO LOPEZ MATEOS,83284
32,03 Expediente Vivo,no,CFE GENERACION I EPS,2,31-50,Energía y agua,Distribución de energía eléctrica,,no,,WWW.CFE.MX,LAS QUINTAS,83240
32,03 Expediente Vivo,sí,ESTAFETA MEXICANA SA DE CV,2,31-50,Transportes,Servicios de mensajería y paquetería foránea,,no,,WWW.ESTAFETA.COM,LA MANGA,83220
32,03 Expediente Vivo,no,PATRONATO DEL INSTITUTO CJF AC,2,31-50,Educación,Escuelas de educación superior del sector privado,,no,,,RAQUET CLUB,83200
32,03 Expediente Vivo,sí,MARISCOS EL CHARCO SA DE CV,2,31-50,Hospedaje y alimentos,Restaurantes con servicio de preparación de pescados y mariscos,,no,,,LA RIOJA RESIDENCIAL,83224
30,03 Expediente Vivo,no,VIÑEDOS COSTA S DE RL DE CV,2,11-30,Agro,Beneficio de productos agrícolas,PTF.FACTURAS@GMAIL.COM,sí,,,VALLE GRANDE,83205
30,03 Expediente Vivo,no,MAQUINARIA Y AGREGADOS GALA SA DE CV,2,11-30,Minería,Minería de arena y grava para la construcción,JAVIER.GALLEGOS@MAQGALA.COM,sí,,,SANTA CECILIA,
30,03 Expediente Vivo,no,INCOS CONSTRUCTORES SA DE CV,2,11-30,Construcción,"Edificación de naves y plantas industriales, excepto la supervisión",INCOS@PRODIGY.NET.COM,no,,WWW.INCOS.COM.MX,Y GRIEGA,
30,03 Expediente Vivo,no,MEZQUITE CONSTRUCCIONES SA DE CV,2,11-30,Construcción,"Construcción de obras para el tratamiento, distribución y suministro d",MEZQUITECONSTRUCCIONES@HOTMAIL.COM,no,,WWW.MEZQUITECONSTRUCCIONES.MX,SAN BENITO,83190
30,03 Expediente Vivo,no,PLASTICOS DEL DESIERTO SA DE CV,2,11-30,Manufactura,Fabricación de bolsas y películas de plástico flexible,PLASTICOSDELDESIERTO1@HOTMAIL.COM,no,,WWW.PLASTICOSDELDESIERTO.COM.MX,PARQUE INDUSTRIAL HERMOSILLO,83299
30,03 Expediente Vivo,no,RIEGO MODERNO SA DE CV,2,11-30,Comercio mayoreo,"Comercio al por mayor de maquinaria y equipo agropecuario, forestal y ",FPRADO@KURODA.COM,no,,WWW.BOMBASYTUBOS.COM,CENTRO,
30,03 Expediente Vivo,no,ABASTECEDORA DE FIERRO Y ACERO SA DE CV,2,11-30,Comercio mayoreo,Comercio al por mayor de materiales metálicos para la construcción y l,AZUCENASAENZ@COFIASA.COM.MX,no,,WWW.COFIASA.COM.MX,SOLIDARIDAD,83116
30,03 Expediente Vivo,no,COMERCIAL QUIMICA DEL NOROESTE SA DE CV,2,11-30,Comercio mayoreo,"Comercio al por mayor de mobiliario, equipo e instrumental médico y de",RH@COMERCIAL-QUIMICA.COM,no,,,BALDERRAMA,83180
30,03 Expediente Vivo,no,FERRETERIA Y MADERERIA SAN BENITO SA DE CV,2,11-30,Comercio mayoreo,"Comercio al por mayor de cemento, tabique y grava",ELENA.PADILLA@SANBENITO.COM.MX,sí,,WWW.SANBENITO.COM.MX,SAN BENITO,83190
30,03 Expediente Vivo,no,FERTILIZANTES TEPEYAC SA DE CV,2,11-30,Comercio mayoreo,"Comercio al por mayor de fertilizantes, plaguicidas y semillas para si",CONSOLIDACION@FTEPEYAC.COM.MX,no,,WWW.FTEPEYAC.COM.MX,NUEVA ESPERANZA,
30,03 Expediente Vivo,sí,SUSPENSION Y DIRECCION SA DE CV,2,11-30,Comercio menudeo,"Comercio al por menor de partes y refacciones nuevas para automóviles,",JCSANTIAGO@SYD.COM.MX,no,,WWW.SYD.COM.MX,DINATECH,83299
30,03 Expediente Vivo,sí,INNOVA SPORT SA DE CV,2,11-30,Comercio menudeo,Comercio al por menor de artículos y aparatos deportivos,REYNOLD.VAZQUEZ@INNOVASPORT.COM,sí,,WWW.INNOVASPORT.COM,PROYECTO RIO SONORA,
30,03 Expediente Vivo,sí,LIBRERIAS GANDHI SA DE CV,2,11-30,Comercio menudeo,Comercio al por menor de libros,RICARDO.AGUILERA@GANDHI.COM.MX,sí,,WWW.GANDHI.COM.MX,CRUZ GALVEZ CENTRO,
30,03 Expediente Vivo,sí,NUTRIGO SA DE CV,2,11-30,Comercio menudeo,Comercio al por menor de artículos desechables,HERMOSILLO@INIX.COM.MX,no,,WWW.INIX.COM,PRIVADAS DEL BOSQUE,83114
30,03 Expediente Vivo,sí,OPERADORA OMX SA DE CV,2,11-30,Comercio menudeo,Comercio al por menor de artículos de papelería,SARAH.LOZADA@OFFICEMAX.COM.MX,sí,,WWW.OFFICEMAX.COM.MX,BACHOCO,83148
30,03 Expediente Vivo,sí,PESCADERIA ALVAREZ SA DE CV,2,11-30,Comercio menudeo,Comercio al por menor de pescados y mariscos,PESCADERIAALVAREZ@PRODIGY.NT.MX,no,,,ROMANZA,83117
30,03 Expediente Vivo,sí,AUTOBUSES MIXTOS DE HERMOSILLO SA DE CV,2,11-30,Transportes,Otro transporte terrestre de pasajeros,AUTOBUSESMIXTOS@GMAIL.COM,no,,,CENTRO,83000
30,03 Expediente Vivo,sí,FLETES MINEROS K SA DE CV,2,11-30,Transportes,Otro autotransporte foráneo de carga especializado,FLETESMINEROSK@HOTMAIL.COM,no,,,PARQUE INDUSTRIAL,83299
30,03 Expediente Vivo,sí,TRANSPORTES DE LA COSTA DE HERMOSILLO SA DE CV,2,11-30,Transportes,Transporte colectivo urbano y suburbano de pasajeros en autobuses de r,TRANSPORTESDELACOSTA@GMAIL.COM,no,,,CENTRO,83000
30,03 Expediente Vivo,no,ENI NETWORKS SAPI DE CV SAPI DE CV,2,11-30,Información,Operadores de servicios de telecomunicaciones inalámbricas,CONTACTO@ENINETWORKS.COM,no,,WWW.ENINETWORKS.COM,CUMBRES RESIDENCIAL,83147
30,03 Expediente Vivo,no,FINANCIERA INDEPENDENCIA,2,11-30,Financieros,Sociedades financieras de objeto múltiple,ASIMONG@INDEPENDENCIA.COM.MX,no,,,HERMOSILLO CENTRO,83000
30,03 Expediente Vivo,no,AUTOTURISMO NAVER SA DE CV,2,11-30,Inmobiliario,Alquiler de automóviles sin chofer,MATRIZ_CONTABILIDAD2@HOTMAIL.COM,no,,WWW.NAVERCARRENTALS.COM,EL LLANO,83210
30,03 Expediente Vivo,no,TURISMO PALO VERDE SA DE CV,2,11-30,Apoyo a negocios,Agencias de viajes,TURISMOPALOVERDE@GMAIL.COM,no,,WWW.TURISMOPALOVERDE.COM,CENTRO,83000
30,03 Expediente Vivo,no,CENTRO EDUCACION PREESCOLAR PITIC SC,2,11-30,Educación,Escuelas del sector privado que combinan diversos niveles de educación,PRIMARIANH@GMAIL.COM,no,,WWW.NUEVOSHORIZONTES.EDU.MX,LOS ACOS,83255
30,03 Expediente Vivo,sí,CERVECERIA ARTESANAL DE SONORA SA DE CV,2,11-30,Hospedaje y alimentos,"Bares, cantinas y similares",CASAADMON@BUQUIBICHI.COM,no,,WWW.BUQUIBICHI.COM,SAN LUIS,83160
30,03 Expediente Vivo,sí,AEROCOMIDAS SA DE CV,2,11-30,Hospedaje y alimentos,Restaurantes de autoservicio,IVONE.ROSALES@AEREAS.COM,sí,,WWW.LATAM.AEREAS.COM,LA MANGA,83220
30,03 Expediente Vivo,sí,POSADAS DE SONORA SA DE CV,2,11-30,Hospedaje y alimentos,Hoteles con otros servicios integrados,POSADASDESONORA@HOTMAIL.COM,no,,WWW.HOTELPLAZALASQUINTAS.COM,Y GRIEGA,83290
30,03 Expediente Vivo,sí,GRUPO GLOBARX SA DE CV,2,11-30,Otros servicios,Estacionamientos y pensiones para vehículos automotores,SOLUCIONES@GLOBARX.COM,no,,WWW.GLOBARX.COM,PIMENTEL,83188
29,01 Dictamen IFS,no,ADRIAN BRAMBILA GONZALEZ  S DE RL DE CV,1,31-50,Agro,"Pesca y captura de peces, crustáceos, moluscos y otras especies",,no,6622877475,,EL SAHUIMERO,
29,01 Dictamen IFS,no,CONSTRUCCIONES RPLATT SA DE CV,1,31-50,Construcción,Edificación de vivienda unifamiliar,,no,6624476451,,SAHUARO FINAL,
29,01 Dictamen IFS,no,FRACCIONADORA GIRON SA DE CV,1,31-50,Construcción,Edificación de vivienda unifamiliar,,no,6622111168,,SIERRA VISTA,
29,01 Dictamen IFS,no,GM SUPER PAVE SA DE CV,1,31-50,Construcción,Construcción de obras de urbanización,,no,6621840884,,INTERNACIONAL,
29,01 Dictamen IFS,no,COLOR DOTS SA DE CV,1,31-50,Manufactura,Impresión de formas continuas y otros impresos,,no,6621147372,WWW.COLORDOTSPRINT.COM.MX,JESUS GARCIA,83140
29,01 Dictamen IFS,no,JAVIER CORRAL CALDERON SA DE CV,1,31-50,Comercio mayoreo,"Comercio al por mayor de semillas y granos alimenticios, especias y ch",,no,6622104300,,AKIWIKI,83293
29,01 Dictamen IFS,no,INSUL THERM SA DE CV,1,31-50,Comercio mayoreo,Comercio al por mayor de pintura,,no,6622608617,,OLIVARES,83180
29,01 Dictamen IFS,no,VIDRIO TEMPLADO DE HERMOSILLO S DE RL DE CV,1,31-50,Comercio menudeo,Comercio al por menor de vidrios y espejos,,no,6623549536,,UNION DE LADRILLEROS,83179
29,01 Dictamen IFS,no,SERVICIOS INTEGRALES DE CALIDAD E INSPECCION SA DE CV,1,31-50,Serv. profesionales,Servicios de ingeniería,,no,6629489506,WWW.SICAIN.ORG,PARQUE INDUSTRIAL,83297
29,01 Dictamen IFS,no,DESARROLLO E INFRAESTRUCTURA CONTAR SA DE CV,1,31-50,Apoyo a negocios,Servicios de recepción de llamadas telefónicas y promoción por teléfon,,no,6624486067,,CENTRO,83000
29,01 Dictamen IFS,no,COCOS LITROS BY LA 22 SA DE CV,1,31-50,Hospedaje y alimentos,Restaurantes con servicio de preparación de alimentos a la carta o de ,,no,6623741540,,VILLA SATELITE,83200
29,01 Dictamen IFS,no,AUTO SERVICIO PEINADOR DE VIGO SA DE CV,1,31-50,Hospedaje y alimentos,Moteles,,no,6621180178,,LA CARIDAD,83120
29,01 Dictamen IFS,no,INMOBILIARIA MARBACO SA DE CV,1,31-50,Hospedaje y alimentos,Moteles,,no,6623192381,,EL ENCANTO,83117
28,03 Expediente Vivo,sí,AUTOBUSES ESTRELLA BLANCA SA DE CV,3,11-30,Transportes,Transporte colectivo foráneo de pasajeros de ruta fija,,no,,WWW.ENVIAGEB.COM.MX,LOS NARANJOS,83060
27,01 Dictamen IFS,no,PATRONATO DEL CENTRO DE INVESTIGACION PECUARIAS DEL ESTADO DE SONORA AC,1,11-30,Agro,Servicios relacionados con la cría y explotación de animales,JESUSMONTES@PATROCIPES.ORG.MX,no,6624717451,WWW.PATROCIPES.ORG.MX,PARQUE INDUSTRIAL,83224
27,01 Dictamen IFS,no,ALLIANCE GRAPHITE VICTORY S DE RL DE CV,1,11-30,Minería,Minería de grafito,IMONTANO@AMCOMINERALS.COM,no,6629489089,,LA COLORADA,
27,01 Dictamen IFS,no,MINERA CASCABEL SA DE CV,1,11-30,Minería,Otros servicios relacionados con la minería,GYOMANS@IMDEX-CASCABEL.COM,no,6622563508,,BUGAMBILIAS,
27,01 Dictamen IFS,no,AISCOR INGENIEROS SA DE CV,1,11-30,Construcción,"Construcción de carreteras, puentes y similares",CONTACTO@ASICORINGENIEROS.COM.MX,no,6623683274,,LIBERTAD,
27,01 Dictamen IFS,no,TURISTICA LOS ALGODONES SA DE CV,1,11-30,Construcción,"Construcción de carreteras, puentes y similares",PRODESA200@HOTMAIL.COM,no,6622514067,,PARQUE INDUSTRIAL,
27,01 Dictamen IFS,no,COMERCIALIZADORA INDUSTRIAL DEL NOROESTE SA DE CV,1,11-30,Construcción,Edificación de vivienda unifamiliar,CINO@PRODIGY.NET.MX,no,6622448504,,PARQUE INDUSTRIAL,
27,01 Dictamen IFS,no,CONSTRUHABITAT GCQ SA DE CV,1,11-30,Construcción,Edificación de vivienda unifamiliar,VALCARAZ@GCQUATRO.COM,no,6621100707,,PALO VERDE,
27,01 Dictamen IFS,no,CONTRUCCIONES FEEMAN SA DE CV,1,11-30,Construcción,"Edificación de inmuebles comerciales y de servicios, excepto la superv",CFDIFEEMAN@FCQUATRO.COM,no,6623420405,WWW.GCQUATRO.COM,PALO VERDE,
27,01 Dictamen IFS,no,DACO EAD SA DE CV,1,11-30,Construcción,Instalaciones eléctricas en construcciones,DACODESARROLLOS@GMAIL.COM,no,6622974999,WWW.DACOAUTOMAION.COM,NUEVA ILUSION,83285
27,01 Dictamen IFS,no,DESARROLLOS E INFRAESTRUCTURA CONTAR SA DE CV,1,11-30,Construcción,"Edificación de inmuebles comerciales y de servicios, excepto la superv",CONTARDESARROLLOS@HOTMAIL.COM,no,6622165680,,SAN BENITO,
27,01 Dictamen IFS,no,DICA ELECTRICA SA DE CV,1,11-30,Construcción,Instalaciones eléctricas en construcciones,OBRAS@DINGENIERIA.COM.MX,no,6622671507,WWW.DINGENIERIA.COM.MX,SAN BENITO,83190
27,01 Dictamen IFS,no,DISEÑOS Y CONSTRUCCION DEL NORESTE SA DE CV,1,11-30,Construcción,"Edificación de inmuebles comerciales y de servicios, excepto la superv",INFORMACION.DCN@GMAIL.COM,sí,6622449613,,CENTENARIO,
27,01 Dictamen IFS,no,ECLIPCE DEL NOROESTE SA DE CV,1,11-30,Construcción,Construcción de obras de urbanización,ECLIPSENO@HOTMAIL.COM,no,6622060783,,LUIS ENNCINAS,
27,01 Dictamen IFS,no,EDIFICACIONES DOUR SA DE CV,1,11-30,Construcción,Edificación de vivienda unifamiliar,ALMAMERAZ@HOTMAIL.COM,no,6621423887,,LAS PLACITAS,
27,01 Dictamen IFS,no,FLORES SWAIN CONSTRUCCIONES SA DE CV,1,11-30,Construcción,"Edificación de naves y plantas industriales, excepto la supervisión",CONTABILIDAD@ALSO.COM,no,6621490332,WWW.ALSOCONSTRUCCIONES.COM,AMAPOLAS,
27,01 Dictamen IFS,no,FELIX SANDIL MANTENIMIENTO SA DE CV,1,11-30,Construcción,Instalaciones eléctricas en construcciones,PROYECTOS@FSGLOBAL.COM.MX,no,6621848843,,SAHUARO,83178
27,01 Dictamen IFS,no,ICRED IDEAS CREATIVAS EN EDIFICACION SA DE CV,1,11-30,Construcción,Construcción de obras de urbanización,ICREDSA@YAHOO.COM.MX,no,6622447337,,CENTRO,
27,01 Dictamen IFS,no,JOPADA EDIFICACIONES SA DE CV,1,11-30,Construcción,"Edificación de inmuebles comerciales y de servicios, excepto la superv",JOPADA.EDIFICACIONES@HOTMAIL.COM,sí,6622563124,,ADOLFO LOPEZ MATEOS,
27,01 Dictamen IFS,no,MERCI & BENEZRA SA DE CV,1,11-30,Construcción,Instalaciones eléctricas en construcciones,MERCI_SC@HOTMAIL.COM,sí,6622602537,WWW.MERCIBENEZRA.COM,PIMENTEL,83188
27,01 Dictamen IFS,no,OBRAS Y MANTENIMIENTO ROMA SA DE CV,1,11-30,Construcción,Edificación de vivienda multifamiliar,ROMACONSTRUCCIONES731@GMAIL.COM,no,6626881307,,BALDERRAMA,
27,01 Dictamen IFS,no,ORUBUS DESARROLLOS SA DE CV,1,11-30,Construcción,Construcción de sistemas de distribución de petróleo y gas,ORUBUS2013@HOTMAIL.COM,no,6626885376,,OLIVARES,
27,01 Dictamen IFS,no,PROYECTOS Y ESTRUCTURAS DE ACERO DEL NOROESTE PEAN SA DE CV,1,11-30,Construcción,"Edificación de inmuebles comerciales y de servicios, excepto la superv",ADMINISTRACION@PEAN.MX,no,6623125180,,LAS QUINTAS,
27,01 Dictamen IFS,no,REVAL DESARROLLOS Y MATERIALES SA DE CV,1,11-30,Construcción,"Construcción de carreteras, puentes y similares",REVALDESARROLLOS@GMAIL.COM,no,6622608329,,CENTENARIO,
27,01 Dictamen IFS,no,TALWIWI CONSTRUCCIONES SA DE CV,1,11-30,Construcción,Edificación de vivienda multifamiliar,TALWIWI@HOTMAIL.COM,no,6622449951,,OLIVARES,
27,01 Dictamen IFS,no,VIEW OF THE COAST SA DE CV,1,11-30,Construcción,Edificación de vivienda unifamiliar,PROVEEDORESCFD@GMAIL.COM,no,6621711734,,CENTRO,
27,01 Dictamen IFS,no,VILLAESCUZA CONSTRUCCIONES Y MANTENIMIENTO SA DE CV,1,11-30,Construcción,"Edificación de inmuebles comerciales y de servicios, excepto la superv",VICOMMA1990@PRODIGY.NET.MX,no,6623160654,,PALMAR DEL SOL,
27,01 Dictamen IFS,no,TORTIMAIZ LA OAXAQUITA SA DE CV,1,11-30,Manufactura,Elaboración de tortillas de maíz y molienda de nixtamal,VENTAS@LAOAXAQUITA.COM,no,6622019971,WWW.TORTIMAIZ.COM.MX,MARIACHI,83324
27,01 Dictamen IFS,no,AMCO RENOVADOS SA DE CV,1,11-30,Manufactura,Revitalización de llantas,AMCORENOVADOS@GMAIL.COM,no,6622511030,,PARQUE INDUSTRIAL,83297
27,01 Dictamen IFS,no,RECUBRIMIENTO BLINDOTEX S DE RL DE CV,1,11-30,Manufactura,Fabricación de otros productos de cemento y concreto,ADMIN@BLINDOTEX.COM,no,6621353781,,ZONA INDUSTRIAL,83117
27,01 Dictamen IFS,no,CERATO CARPINTERIA SA DE CV,1,11-30,Manufactura,Fabricación de productos de madera para la construcción,CONTACTO@CERATO.MX,no,6621447128,,ADOLFO LOPEZ MATEOS,83284
27,01 Dictamen IFS,no,EDITORIAL EL AUTENTICO SA DE CV,1,11-30,Manufactura,"Impresión de libros, periódicos y revistas",AALICIA6608@HOTMAIL.COM,no,6622969743,,CENTRO,
27,01 Dictamen IFS,no,INDUSTRIAS URKAM SA DE CV,1,11-30,Manufactura,Fabricación de envases y contenedores de plástico para embalaje con y ,INDISTRIAS.URKAM@GMAIL.COM,sí,6623654528,,SAN LUIS,83160
27,01 Dictamen IFS,no,IDEAS PROFESIONALES SA DE CV,1,11-30,Manufactura,Impresión de formas continuas y otros impresos,CONTABILIDAD@PROIMAGENMEXICO.COM,no,6222101675,WWW.PROIMAGENMEXICO.COM,SAN BENITO,83190
27,01 Dictamen IFS,no,VITALIZADORA RODRIGUEZ GUERRA SA DE CV,1,11-30,Manufactura,Revitalización de llantas,FACTURACIONHMO.VRG@RGTIRES.COM.MX,sí,6623190414,WWW.RGTIRES.COM.MX,SOLIDARIDAD,83116
27,01 Dictamen IFS,no,COMERCIALIZADORA SALSOB SA DE CV,1,11-30,Manufactura,Fabricación de estructuras metálicas,KARLARAMOSCOMERCIALIADORA@OUTLOOK.COM,no,6621607951,,PIMENTEL,83188
27,01 Dictamen IFS,no,COMPUENLACES SA DE CV,1,11-30,Manufactura,Fabricación de otra maquinaria y equipo para el comercio y los servici,MIRIAMCONCEPTOFISCAL@GMAIL.COM,no,6623260295,WWW.ENLACES.COM.MX,SAN BENITO,
27,01 Dictamen IFS,no,CREAZIONE DYA SA DE CV,1,11-30,Manufactura,Fabricación de cocinas integrales y muebles modulares de baño,SAC.CREAZIONE@GMAIL.COM,sí,6622260118,,SONOMEX,83138
27,01 Dictamen IFS,no,DINAMICA VIAL SA DE CV,1,11-30,Manufactura,Fabricación de anuncios y señalamientos,DINAMICAVIAL@HOTMAIL.COM,no,6621514496,WWW.DINAMICAVIAL.COM,SAHUARO,83178
27,01 Dictamen IFS,no,DUCTOS Y ACEROS SA DE CV,1,11-30,Manufactura,"Fabricación de muebles, excepto cocinas integrales, muebles modulares ",ADMINISTRACION@DUSTOSYACERO.COM,no,6622505742,WWW.DUCTOSYACEROS.COM,PIEDRA BOLA,83290
27,01 Dictamen IFS,no,ELEVADORES Y PLATAFORMAS DEL NOROESTE,1,11-30,Manufactura,Fabricación de maquinaria y equipo para levantar y trasladar,ADMINISTRACIO@ELEVEX.MX,no,6621132895,WWW.ELEVEX.MX,LEY 57,83100
27,01 Dictamen IFS,no,GALAZ AUTOMATIZACION INDUSTRIAL SC,1,11-30,Manufactura,Fabricación de otra maquinaria y equipo para la industria en general,JURRREA@GALAZINDUSTRIAS.COM,no,6622979470,WWW.GALAZINDUSTRIAS.COM,EL LLANITO,83220
27,01 Dictamen IFS,no,MARCOS Y MOLDURAS CESARETTI SA DE CV,1,11-30,Manufactura,Otras industrias manufactureras,GALERIASCESARETTI@HOTMAIL.COM,no,6624761143,WWW.GALERIACERARETTI.COM,CENTENARIO,83260
27,01 Dictamen IFS,no,TALLER DE TORNO BRISAAV SA DE CV,1,11-30,Manufactura,Maquinado de piezas metálicas para maquinaria y equipo en general,LBRITO@BRISAAV.COM,no,6622689079,WWW.BRISAAV.COM,SOLIDARIDAD,83116
27,01 Dictamen IFS,no,TECNOLOGIAS ACUICOLAS Y MARITIMAS DEL PACIFICO SA DE CV,1,11-30,Manufactura,Fabricación de maquinaria y equipo agrícola,ADMINISTRACION@SEINMEX.COM,no,6623732173,,OLIVARES,83180
27,01 Dictamen IFS,no,TECNO INGENIERIA INTEGRACION V3 SA DE CV,1,11-30,Manufactura,Fabricación de maquinaria y equipo para la industria metalmecánica,ABRAHAM.VEGAV3@GMAIL.COM,no,6622104252,,OLIVARES,83180
27,01 Dictamen IFS,no,3J COMERCIALIZADORA INDUSTRIAL DEL NOROESTE SA DE CV,1,11-30,Comercio mayoreo,Comercio al por mayor de otra maquinaria y equipo de uso general,ADMINISTRACION@3JMINNING.COM,no,6624360801,WWW.3JINDUSTRIAL.COM,QUINTA EMILIA,83214
27,01 Dictamen IFS,no,AGROPECUARIA JAM SA,1,11-30,Comercio mayoreo,Comercio al por mayor de frutas y verduras frescas,ANTONY.AMARILLAS@AGROJAM.COM,sí,6621872365,,LA MANGA,
27,01 Dictamen IFS,no,PROVEEDOR DE LA ESTETICA SA DE CV,1,11-30,Comercio mayoreo,Comercio al por mayor de artículos de perfumería y cosméticos,PROVEDORDELAESTETICA@GMAIL.COM,no,6621130019,,CENTRO,83000
27,01 Dictamen IFS,no,ALIMENTOS SOLES SA DE CV,1,11-30,Comercio mayoreo,Comercio al por mayor de carnes rojas,A.LEYVA@SOLES.COM.MX,sí,6441037979,,LA MANGA,
27,01 Dictamen IFS,no,OPERADORA COMERCIAL INTEGRAL,1,11-30,Comercio mayoreo,"Comercio al por mayor de mobiliario, equipo e instrumental médico y de",COORDINACION.SONORA@BIOMEDICAENLINEA.COM,sí,3336328590,WWW.BIOMEDICAENLINEA.COM,CENTRO,83000
27,01 Dictamen IFS,no,H&D HERMO PLASTIC SA DE CV,1,11-30,Comercio mayoreo,Comercio al por mayor de artículos desechables,VENTAS@HETMOPLASTIC.COM,no,6624291545,HERMOPLASTIC.COM,LIBERTAD,83130
27,01 Dictamen IFS,no,DISTRIBUCIONES JOJOS SA DE CV,1,11-30,Comercio mayoreo,Comercio al por mayor de abarrotes,JOJOSHERMOSILLO@HOTMAIL.COM,no,6624707382,,PARQUE INDUSTRIAL,83299
27,01 Dictamen IFS,no,DIST ELECT COMERCIAL SA DE CV,1,11-30,Comercio mayoreo,Comercio al por mayor de equipo y material eléctrico,VENTASDECOMSA@HOTMAIL.COM,no,6621441300,WWW.DECOMSA.NET,SAN BENITO,83190
27,01 Dictamen IFS,no,DISTRIBUIDORA MOLURI SA DE CV,1,11-30,Comercio mayoreo,Comercio al por mayor de otros materiales de desecho,DISTRIBUIDORA.MOLURI@HOTMAIL.COM,sí,6623160726,,LAS AMAPOLAS,83020
27,01 Dictamen IFS,no,DITECOSA SA DE CV,1,11-30,Comercio mayoreo,"Comercio al por mayor de fertilizantes, plaguicidas y semillas para si",ADMINISTRACION@DITECOSA.COM.MX,no,6622164816,,OLIVARES,83180
27,01 Dictamen IFS,no,ALIMENTOS CONSERVADOS DEL NORTE SA DE CV,1,11-30,Comercio mayoreo,Comercio al por mayor de abarrotes,CONTABILIDADOFERTON@GMAIL.COM,no,6623547030,,CHULA VISTA,83296
27,01 Dictamen IFS,no,ELCTRO INSUMOS GMBH SA DE CV,1,11-30,Comercio mayoreo,Comercio al por mayor de equipo y material eléctrico,ADMINISTRACION@ELECTROINSUMOS.COM,no,6622103926,WWW.ELECTROINSUMOS.COM,OLIVARES,83180
27,01 Dictamen IFS,no,FERTILIZANTE SA DE CV,1,11-30,Comercio mayoreo,"Comercio al por mayor de fertilizantes, plaguicidas y semillas para si",HDAVILA@FERTIBALANCE.MX,no,6622110421,,LA MANGA,83220
27,01 Dictamen IFS,no,JUAN CARLOS GUITIMEA QUIWUIS SA DE CV,1,11-30,Comercio mayoreo,Comercio al por mayor de maquinaria y equipo para la construcción y la,VENTAS.MX@GLOISER.COM,sí,6621086362,,AKIWIKI,83293
27,01 Dictamen IFS,no,GR2 DEL NOROESTE SA DE CV,1,11-30,Comercio mayoreo,Comercio al por mayor de equipo y material eléctrico,AUXILIARHMO@GR2.COM.MX,no,6623109030,,OLIVARES,83180
27,01 Dictamen IFS,no,KALISH FIERRO Y ACERO SA DE CV,1,11-30,Comercio mayoreo,Comercio al por mayor de materiales metálicos para la construcción y l,PERISUR@KALISHACERO.COM,no,6622339805,WWW.KALISHACERO.COM,PERISUR,83294
27,01 Dictamen IFS,no,LITE PLUS ILUMINACION SA DE CV,1,11-30,Comercio mayoreo,Comercio al por mayor de equipo y material eléctrico,COBRANZA@PLUSILUMINA.COM,no,6621975121,,SAN BENITO,
27,01 Dictamen IFS,no,LOSEC MEXICO SA DE CV,1,11-30,Comercio mayoreo,Comercio al por mayor de desechos de plástico,ADMINISTRACION.HERMOSILLO@LOSECMEXICO.COM,sí,6621065708,,QUINTA EMILIA,83214
27,01 Dictamen IFS,no,MJ INTERNATIONAL MARKETING SA DE CV,1,11-30,Comercio mayoreo,Comercio al por mayor de frutas y verduras frescas,CONTABILIDAD@FRESHFARMS.COM.MX,no,6621282296,,SAN BENITO,
27,01 Dictamen IFS,no,PRECISION GPS SA DE CV,1,11-30,Comercio mayoreo,Comercio al por mayor de otra maquinaria y equipo de uso general,CARLOSCANEZ@PRESICIONGPS.MX,no,6624618488,WWW.PRESICIONGPS.MX,SAN BENITO,
27,01 Dictamen IFS,no,PROVEDORA HOSPITALARIA DEL NOROESTE SA DE CV,1,11-30,Comercio mayoreo,Comercio al por mayor de productos farmacéuticos,ADMINISTRCIONPROHNOSA@HOTMAIL.COM,no,6622607480,,ALVARO OBREGON,83170
27,01 Dictamen IFS,no,SEGURICENTRO SA DE CV,1,11-30,Comercio mayoreo,Comercio al por mayor de otra maquinaria y equipo de uso general,SEGURICENTER@HOTMAIL.COM,no,6622546600,,PERISUR,83294
27,01 Dictamen IFS,no,SOLDADURAS ESPECIALIZADAS DE SONORA SA DE CV,1,11-30,Comercio mayoreo,Comercio al por mayor de materiales metálicos para la construcción y l,SES.UTP@HOTMAIL.COM,sí,6623128291,WWW.SOLDADURASES.COM,LOPEZ MATEOS NORTE,
27,01 Dictamen IFS,no,SIEBEN ADVANCE MATERIALS SAPI DE CV,1,11-30,Comercio mayoreo,Comercio al por mayor de otra maquinaria y equipo de uso general,DULCE.CONTRERAS@SIEBEN.COM.MX,sí,6621910361,WWW.SIEBEN.COM.MX,LA MANGA,83220
27,01 Dictamen IFS,no,SOLUCIONES EN TABLEROS Y CONTROL SA DE CV,1,11-30,Comercio mayoreo,Comercio al por mayor de equipo y material eléctrico,TABLEROSHERMOSILLO@YAHOO.COM.MX,no,6621098727,WWW.SOLUCIONESSIEMENS.COM.MX,LUIS ENCINAS,83138
27,01 Dictamen IFS,no,TECNOLOGIAS GPG DE MEXICO SA DE CV,1,11-30,Comercio mayoreo,Comercio al por mayor de combustibles de uso industrial,OOSUNA@GRUPOSARU.COM,no,6441220000,,LA VICTORIA,
27,01 Dictamen IFS,no,DISTRIBUIDORA JUGUETRON SA DE CV,1,11-30,Comercio menudeo,Comercio al por menor de juguetes,DTREJO@JUGUETRON.MX,no,5555643777,WWW.JUGUETRON.MX,PROYECTO RIO SONORA,
27,01 Dictamen IFS,no,ALE MAR REFACCIONARIAS SA DE CV,1,11-30,Comercio menudeo,"Comercio al por menor de partes y refacciones nuevas para automóviles,",GPOALEMAR@GMAIL.COM,no,6622607171,ALEMARREFACCIONARIAS.COM,CUARTA ZONA,83137
27,01 Dictamen IFS,no,CAMINO REAL GASOLINERA SA DE CV,1,11-30,Comercio menudeo,Comercio al por menor de gasolina y diesel,SUP8760@GRUPOPERISUR.COM,no,6621713663,,LA COYOTA(LA COYOTITA),
27,01 Dictamen IFS,no,SONORA ROOFING,1,11-30,Comercio menudeo,Comercio al por menor en ferreterías y tlapalerías,VENTAS@FESTERHERMOSILLO.COM,no,6622332200,WWW.FESTER.COM.MX,SAN BENITO,83190
27,01 Dictamen IFS,no,BG EL CHOCOLATE,1,11-30,Comercio menudeo,Comercio al por menor en minisupers,FACTURASSUPERCHOCILATE@GMAIL.COM,no,6623478077,,LAS GRANJAS,83250
27,01 Dictamen IFS,no,CLIMA 3 DEL PACIFICO SA DE CV,1,11-30,Comercio menudeo,Comercio al por menor de electrodomésticos menores y aparatos de línea,RNS@CLIMA3.MX,no,6621200777,WWW.CLIMA3.MX,LOMA LINDA,
27,01 Dictamen IFS,no,COMERCIAL PROVEEDORA DEL NOROESTE SA DE CV,1,11-30,Comercio menudeo,Comercio al por menor en ferreterías y tlapalerías,GONZALODVEGA@PRODIGY.NET.MX,no,6622603186,,LUIS ENCINAS,
27,01 Dictamen IFS,no,COMERCIALIZADORA DE VALOR AGREGADO SA DE CV,1,11-30,Comercio menudeo,"Comercio al por menor de mobiliario, equipo y accesorios de cómputo",RRASCON@GRUPOCVA.COM,no,3317582619,WWW.GRUPOCVA.COM,PIMENTEL,
27,01 Dictamen IFS,no,CARNES CARRANZA SA DE CV,1,11-30,Comercio menudeo,Comercio al por menor de carnes rojas,CARNESCARRANZA@HOTMAIL.COM,no,6622150823,,BALDERRAMA,83180
27,01 Dictamen IFS,no,ESTACION DE SERVICIO DEL DESIERTO SA DE CV,1,11-30,Comercio menudeo,Comercio al por menor de gasolina y diesel,SUP9956@GRUPOPERISUR.COM,no,6624966473,,EL TIJERITO,
27,01 Dictamen IFS,no,COMBUSTIBLES Y LUBRICANTES CF SA,1,11-30,Comercio menudeo,Comercio al por menor de gasolina y diesel,COMBUSTIBLESYLUBRICANTES@HOTMAIL.COM,no,6621710034,,LAS MINITAS,
27,01 Dictamen IFS,no,FERRETERA DE ABASTOS DE HERMOSILLO SA,1,11-30,Comercio menudeo,Comercio al por menor en ferreterías y tlapalerías,FERRETDEABASTOS@HOTMAIL.COM,no,6622500372,WWW.FERRETERADEABASTOS.COM.MX,EMILIANO ZAPATA,
27,01 Dictamen IFS,no,FLORERIA Y REGALOS MARTHA SA DE CV,1,11-30,Comercio menudeo,Comercio al por menor de plantas y flores naturales,INFO@FLORERIAMARTHA.COM,no,6622158139,WWW.MARHA.COM,SAN BENITO,83190
27,01 Dictamen IFS,no,FLUIDOS MAYANSTAR SA DE CV,1,11-30,Comercio menudeo,"Comercio al por menor de aceites y grasas lubricantes, aditivos y simi",GTRUJILLO@MAYANSTAR.COM,no,6624386108,,PARQUE INDUSTRIAL,
27,01 Dictamen IFS,no,FRUTTI CELE SA DE CV,1,11-30,Comercio menudeo,Comercio al por menor en supermercados,FRUTTICELE@GMAIL.COM,no,6624337211,,MIGUEL ALEMAN LA DOCE,
27,01 Dictamen IFS,no,GASERVICIO EL LLANITO QUIROGA SA DE CV,1,11-30,Comercio menudeo,Comercio al por menor de gasolina y diesel,GERENCIA.LLANITO@GASERVICIO.COM,sí,6624431014,WWW.GASERVICIO.COM,EL LLANITO,
27,01 Dictamen IFS,no,SERVICIO EL FARO SA,1,11-30,Comercio menudeo,Comercio al por menor de gasolina y diesel,CLIENTES@SERVICIOELFARO.COM,no,6622758108,WWW.SERVICIOELFARO.COM,PITIC,
27,01 Dictamen IFS,no,GASOLINERA SAN JAVIER SA DE CV,1,11-30,Comercio menudeo,Comercio al por menor de gasolina y diesel,SANJAVIER_GAS@HOTMAIL.COM,sí,6621186600,WWW.GASOLINERASAJAVIER.COM,4 DE MARZO,
27,01 Dictamen IFS,no,INNOVACIONES PITIC SA DE CV,1,11-30,Comercio menudeo,Comercio al por menor de muebles para el hogar,CONTACTOINNOVACIONES@GMAIL.COM,no,6622102900,WWW.INNOVACIONESINTERIORES.MX,PITIC,83160
27,01 Dictamen IFS,no,LA CUBIELLA SA DE CV,1,11-30,Comercio menudeo,Comercio al por menor de vinos y licores,VERONICAMUNOZ@LACUBIELLA.COM,no,6629344556,WWW.LACUBIELLA.COM,CENTRO,
27,01 Dictamen IFS,no,JOSE MANUEL PEREZ MARIN S DE RL DE CV,1,11-30,Comercio menudeo,"Comercio al por menor de productos naturistas, medicamentos homeopátic",LAS_MIELESDESONORA@HOTMAIL.COM,sí,6623436099,WWW.LASMIELESDESONORA.COM.MX,PIMENTEL,83188
27,01 Dictamen IFS,no,MINISUPER VENTURA SA DE CV,1,11-30,Comercio menudeo,Comercio al por menor en minisupers,MINISUPERVENTURA@GMAIL.COM,no,6622315872,,IGNACIO HERNANDEZ,83180
27,01 Dictamen IFS,no,MOTOS Y ACCESORIOS DEL NOROESTE SA DE CV,1,11-30,Comercio menudeo,Comercio al por menor de motocicletas,CONTABILIDAD@MOTOSYACCESORIOS.COM,no,6623176547,WWW.MOTOSYACCESORIOS.COM,CENTRO,83000
27,01 Dictamen IFS,no,N ROUTE FOOD SA DE CV,1,11-30,Comercio menudeo,"Comercio al por menor en tiendas de abarrotes, ultramarinos y miscelán",GERENCIA@NROUTE.MX,no,6623670097,,PITIC,83150
27,01 Dictamen IFS,no,PETROPLAZAS SA,1,11-30,Comercio menudeo,Comercio al por menor de gasolina y diesel,RYERA@PETRIOL.COM.MX,no,6699949094,,NUEVO HERMOSILLO,
27,01 Dictamen IFS,no,PIEDRAS Y ESPACIOS SA DE CV,1,11-30,Comercio menudeo,Comercio al por menor de pisos y recubrimientos cerámicos,CONTADOR@PIEDASYESPACIOS.COM.MX,no,6623430104,,ISSTESON CENTENARIO,83260
27,01 Dictamen IFS,no,PINTURAS MARTINEZ INDA SA DE CV,1,11-30,Comercio menudeo,Comercio al por menor de pintura,ADMON.HMO@PMIRECUBRIMIENTOS.COM,sí,6624040258,WWW.PMIRECUBRIMIENTOS.COM,CHOYAL,83136
27,01 Dictamen IFS,no,CONSTRUCCIONES Y ACABADOS FELIX SA DE CV,1,11-30,Comercio menudeo,Comercio al por menor de pintura,PINTURAS_SW@HOTMAIL.COM,sí,6622101143,,ISSSTESON NORTE,83157
27,01 Dictamen IFS,no,PROVEEDORA DE FUNDENTES Y MINERALES SA DE CV,1,11-30,Comercio menudeo,Comercio al por menor en ferreterías y tlapalerías,CONTABILIDAD@PROFUMISA.COM,no,6622104604,WWW.PROFUMISA.COM,SAN BENITO,83190
27,01 Dictamen IFS,no,ENERGIA PUEBLO SOLAR SA DE CV,1,11-30,Comercio menudeo,Comercio al por menor de artículos para albercas y otros artículos,ADMINISTRACION@PUEBLOSOLAR.MX,no,6621544422,WWW.PUEBLOSOLAR.MX,PROYECTO RIO SONORA,83270
27,01 Dictamen IFS,no,REFACCIONES Y SERVICIO ALMA SA SA DE CV,1,11-30,Comercio menudeo,Comercio al por menor de electrodomésticos menores y aparatos de línea,REFACCIONES.ALMA@HOTMAIL.COM,sí,6621893196,,CENTRO,83000
27,01 Dictamen IFS,no,TIENDAS NATURISTAS JUNG SA DE CV,1,11-30,Comercio menudeo,"Comercio al por menor de productos naturistas, medicamentos homeopátic",CONTABILIDAD@JUNG.COM.MX,no,6623687368,WWW.JUNG.COM.MX,CENTRO,83000
27,01 Dictamen IFS,no,VITROCERAMICA DE MEXICO SA DE CV,1,11-30,Comercio menudeo,Comercio al por menor de pisos y recubrimientos cerámicos,ISAMANIEGO@KURODA.COM,no,6624701856,DELAZULEJO81KURODA.COM,STAUS,83249
27,01 Dictamen IFS,no,GLS FORWARDING GROP SA DE CV,1,11-30,Transportes,Otros servicios de intermediación para el transporte de carga,INFO@GLSGROUP.MX,no,6622592324,WWW.GLSGROUP.MX,SANTA FE,83249
27,01 Dictamen IFS,no,GRUAS BUSTAMANTE SA DE CV,1,11-30,Transportes,Servicios de grúa,GRUASBUSTAMANTE@HOTMAIL.COM,no,6622855860,,LA VICTORIA,83304
27,01 Dictamen IFS,no,GRUAS FIGUEROA MUNGARRO SA DE CV,1,11-30,Transportes,Servicios de grúa,GRUASFIGUEROAMUNGARRO@PRODIGY.NET.MX,no,6621059277,WWW.GRUASFIGUEROAMUNGARRO.COM.MX,CENTRO,83000
27,01 Dictamen IFS,no,TRANSPORTES ESPECIALIZADOS SEGUTAL SA DE CV,1,11-30,Transportes,Autotransporte foráneo de materiales y residuos peligrosos,DAVID.LOPEZ@SEGUTALMEXICO.COM,sí,5641618260,,PARQUE INDUSTRIAL,83297
27,01 Dictamen IFS,no,TRANSPORTES Y EQUIPOS ASAMAZ SA DE CV,1,11-30,Transportes,Autotransporte foráneo de materiales y residuos peligrosos,GTORRES@ASAMAZ.COM.MX,no,6692907628,WWW.PETROIL.COM,PARQUE INDUSTRIAL,83299
27,01 Dictamen IFS,no,ENTREGAS OPORTUNAS DE OCCIDENTE SA DE CV,1,11-30,Transportes,Servicios de mensajería y paquetería foránea,EOOHERMOSILLO@GMAIL.COM,no,6622605105,WWW.EOO.COM.MX,SAN BENITO,83190
27,01 Dictamen IFS,no,TRANSMEX SA DE CV,1,11-30,Transportes,Servicios de mensajería y paquetería foránea,RH.ZONANORTE.TRANSMEX@GMAIL.COM,no,6333347562,,OLIVARES,
27,01 Dictamen IFS,no,KONECTA SONORA SA DE CV,1,11-30,Información,Operadores de servicios de telecomunicaciones inalámbricas,SERVICIO.SONORA@KONECTA.MX,sí,6621085454,WWW.SONIRAKONECTA.COM,VILLA SATELITE,83200
27,01 Dictamen IFS,no,U&A AGENTE DE SEGUROS Y DE FIANZAS SA DE CV,1,11-30,Financieros,"Agentes, ajustadores y gestores de seguros y fianzas",HFULLOAV@GMAIL.COM,no,6621570493,WWW.DUOASESORES.COM,VILLA SATELITE,83200
27,01 Dictamen IFS,no,GRUPO REGIONAL DE NEGOCIOS SA DE CV SOFOM ENR,1,11-30,Financieros,Sociedades financieras de objeto múltiple,GVALENCIAMC@HOTMAIL.COM,no,6622108255,,SAN BENITO,83190
27,01 Dictamen IFS,no,UNION DE INTRODUCTORES Y VENDEDORES DE FRUTAS VERDURAS Y SIMILARES DEL MERCADO DE ABASTOS FRANCISCO I MADERO DE HERMOSILLO AC,1,11-30,Inmobiliario,Servicios de administración de bienes raíces,ADMINISTRACION@CENTRALDEABASTOSFIM.COM,no,6622999218,,LIBERTAD,83130
27,01 Dictamen IFS,no,ADMINISTRADORA DE INMUEBLES URBANOS SA,1,11-30,Inmobiliario,Servicios de administración de bienes raíces,GCORPUS@DINISA.COM,no,6622142088,,SAN BENITO,83190
27,01 Dictamen IFS,no,BEACH PARADISE INVESTMENTS SA DE CV,1,11-30,Inmobiliario,Inmobiliarias y corredores de bienes raíces,CONCTACTOINFO@C21BEACHPARADISE.COM,no,6625880435,,BALDERRAMA,83180
27,01 Dictamen IFS,no,CONSTRUNAVES Y NAVES INDUSTRIALES SA DE CV,1,11-30,Inmobiliario,Alquiler sin intermediación de edificios industriales dentro de un par,GCORPUS@DINISA.COM,no,6622142088,,SAN BENITO,83190
27,01 Dictamen IFS,no,INTEGRADORAS DE ESPACIOS,1,11-30,Inmobiliario,Alquiler sin intermediación de oficinas y locales comerciales,FRIDA.AVILA@KOLAB.MX,sí,6621918260,,MODELO,83190
27,01 Dictamen IFS,no,RETI SAPI DE CV,1,11-30,Inmobiliario,Inmobiliarias y corredores de bienes raíces,MIHOGAR@EVAMAR.MX,no,6624617993,WWW.EVAMAR.MX,LA ENCANTADA RESIDENCIAL,83243
27,01 Dictamen IFS,no,EVENTO Y RENTAS EYR S DE RL DE CV,1,11-30,Inmobiliario,"Alquiler de mesas, sillas, vajillas y similares",INFO@EVENTOSELITE.MX,no,6624633554,WWW.EVENTOSELITE.MX,CHOYAL,83136
27,01 Dictamen IFS,no,HERMONTCARGAS SA SA DE CV,1,11-30,Inmobiliario,"Alquiler de maquinaria y equipo para mover, levantar y acomodar materi",SERVICIOHERMONTCARGAS@GMAIL.COM,no,6623420049,,PARQUE INDUSTRIAL,83299
27,01 Dictamen IFS,no,PROMOCION NAYAR SA DE CV,1,11-30,Inmobiliario,Inmobiliarias y corredores de bienes raíces,KARLA.RUIZ@CORPORATIVOQ.MX,sí,6624601176,WWW.REALDELCATORCE.COM.MX,VILLA SATELITE,83200
27,01 Dictamen IFS,no,A-GEOMMINING SA DE CV,1,11-30,Serv. profesionales,Servicios de levantamiento geofísico,JP.SESMA@GEOMMINING.COM,sí,6321050511,WWW.AGEOMMINING.COM,CENTRO,83000
27,01 Dictamen IFS,no,MUNGUIA PALOMINOS Y ASOCIADOS SA DE CV,1,11-30,Serv. profesionales,Servicios de consultoría en administración,MUNGUIAPALOMINOYSOCIADOS@GMAIL.COM,no,6621612990,,SAN XAVIER,83128
27,01 Dictamen IFS,no,BRABA TECH SC,1,11-30,Serv. profesionales,Servicios de ingeniería,CONTACTO@BRABATECH.COM,no,6623394448,WWW.BRABATECH.COM,CENTRO,83000
27,01 Dictamen IFS,no,CAMPA CAMPA CONTADORES PUBLICOS SC,1,11-30,Serv. profesionales,Servicios de contabilidad y auditoría,JULIO@CAMPACAMPA.COM,no,6622135132,,CENTRO,83000
27,01 Dictamen IFS,no,CORONA DAVILA Y ASOCIADOS SC,1,11-30,Serv. profesionales,Servicios de contabilidad y auditoría,CORONA_CESAR_A@HOTMAIL.COM,no,6621420664,CORNADAVILA.COM,BALDERRAMA,83180
27,01 Dictamen IFS,no,DAE DESARROLLO ACTIVO EMPRESARIAL SC,1,11-30,Serv. profesionales,Servicios de contabilidad y auditoría,DAEHILLO@HOTMAIL.COM,no,6622111880,,COUNTRY CLUB,83010
27,01 Dictamen IFS,no,DESPACHO CONTABLES SUMAGROUP,1,11-30,Serv. profesionales,Servicios de contabilidad y auditoría,SUMAGROUPMEX@GMAIL.COM,no,6622805397,SUMAGROUP.OFICINAWEB.MX,CENTENARIO,83260
27,01 Dictamen IFS,no,EBANO CONSULTORES EN INGENIERIA SA DE CV,1,11-30,Serv. profesionales,Servicios de ingeniería,EBANO@EBANOCONSULTORES.COM.MX,no,6622315092,,UNION DE COLONOS,83120
27,01 Dictamen IFS,no,FINRI ASESORIA INTEGRAL SC,1,11-30,Serv. profesionales,Servicios de consultoría en administración,INFO@FINRI.MX,no,6623023136,,CONSTITUCION,83150
27,01 Dictamen IFS,no,GENIUS CODE SC,1,11-30,Serv. profesionales,Servicios de diseño de sistemas de cómputo y servicios relacionados,CONTACTO@GENIUSCODE.MX,no,6624792844,WWW.GENIUSCODE.MX,OLIVARES,83180
27,01 Dictamen IFS,no,GP 13 SA DE CV,1,11-30,Serv. profesionales,Servicios de ingeniería,GP13ADMON@GMAIL.COM,no,6622989984,,CONSTITUCION,83150
27,01 Dictamen IFS,no,GRUMINEX SOLUCIONES PARA MINERIA SAPI DE CV,1,11-30,Serv. profesionales,Servicios de ingeniería,CONTACTO@GRUMINEX.COM.MX,no,6621115029,WWW.GRUMINEX.COM.MX,CENTRO,83000
27,01 Dictamen IFS,no,INGENIERIA ELECTRICA DEL DESIERTO SAS,1,11-30,Serv. profesionales,Servicios de ingeniería,LUISCORONADO@GRUPIIED.COM,no,6623269984,,LOPEZ PORTILLO,83104
27,01 Dictamen IFS,no,INICIATIVA DE DESARROLLO EMPRESARIAL Y GESTION DE CALIDAD PYME AC,1,11-30,Serv. profesionales,Servicios de consultoría en administración,IDEPYMEAC@GMAIL.COM,no,6621487440,,EL CHOYAL,83136
27,01 Dictamen IFS,no,CONSULTORIA Y PROYECTOS SASA SC,1,11-30,Serv. profesionales,Servicios de consultoría en administración,DANIELRAMIREZM.IDT@GMAIL.COM,sí,6621604667,,EL MALECON,83270
27,01 Dictamen IFS,no,IES DE SONORA DISEÑO Y CONSTRUCCION SA DE CV,1,11-30,Serv. profesionales,Servicios de arquitectura,IESDESONORA@GMAIL.COM,no,6621881461,,MARIACHI,83040
27,01 Dictamen IFS,no,G3 INNOVACIONES SAPI DE CV,1,11-30,Serv. profesionales,Servicios de diseño de sistemas de cómputo y servicios relacionados,RH@G3INGENIERIA.COM,no,6626888606,WWW.G3INGENIERIA.COM,CUATRO OLIVOS,83146
27,01 Dictamen IFS,no,LECOSY SAPI DE CV,1,11-30,Serv. profesionales,Servicios de diseño de sistemas de cómputo y servicios relacionados,CONTACTO@LECOSY.COM.MX,no,6626189191,WWW.LECOSY.COM.MX,SAN BENITO,83190
27,01 Dictamen IFS,no,LEGRAFICA DESARROLLO Y DISEÑO DIGITAL SAS,1,11-30,Serv. profesionales,Agencias de publicidad,INFO@LEGRAFICA.MX,no,6623962754,WWW.LEGRAFICA.MX,SAN BENITO,83190
27,01 Dictamen IFS,no,MAPPAS SYSTEMS SA DE CV,1,11-30,Serv. profesionales,Servicios de diseño de sistemas de cómputo y servicios relacionados,MARGARITA.BALDENEGRO@MAPPAS.COM,sí,6623005475,WWW.MAPPAS.COM.MX,STAUS,83249
27,01 Dictamen IFS,no,LUIS FERNANDO RUIBAL COKER SC,1,11-30,Serv. profesionales,Notarías públicas,LFRUIBAL@NOTARIA68.NET,no,6622127882,,PRADO DEL CENTENARIO,83260
27,01 Dictamen IFS,no,PRESCOTT COLLEGE AC,1,11-30,Serv. profesionales,Servicios de consultoría en medio ambiente,KINO_BAY@PRESCOTT.EDU,sí,6622420024,KINO.PRESCOTT.EDU.MX,BAHIA DE KINO NUEVO,83340
27,01 Dictamen IFS,no,SCOUT SOLAR MEXICO SA DE CV,1,11-30,Serv. profesionales,Servicios de ingeniería,LGALVEZ@SCOUTSOLAR.COM,no,6621910388,WWW.SCOUTSOLAR.COM,CENTRO,83000
27,01 Dictamen IFS,no,SEND INSPECCION Y PRUEBAS MATERIALES SA DE CV,1,11-30,Serv. profesionales,Laboratorios de pruebas,ADMINISTACION@SEND-NDT.COM.MX,no,6621020826,WWW.SEND-NDT.COM,SAN BENITO,83190
27,01 Dictamen IFS,no,SISTEMAS TICSON SA DE CV,1,11-30,Serv. profesionales,Servicios de diseño de sistemas de cómputo y servicios relacionados,CONTACTO@TICSON.COM.MX,no,6622164653,WWW.TICSON.COM.MX,STAUS,83249
27,01 Dictamen IFS,no,SVA CONTADORES PUBLICOS SC,1,11-30,Serv. profesionales,Servicios de contabilidad y auditoría,DESPACHO_SVACONTSDORES@HOTMAIL.COM,sí,6621050558,,VALLE HERMOSO,83209
27,01 Dictamen IFS,no,VIANET TECNOLOGIA SA DE CV,1,11-30,Serv. profesionales,Servicios de diseño de sistemas de cómputo y servicios relacionados,ADMONGERENCIAL@VIANETMEXICO.COM,no,6622880021,WWW.VIANETMEXICO.COM,LA HUERTA,83208
27,01 Dictamen IFS,no,IMPULSA SEGURIDAD PATRIMONIAL S DE RL DE CV,1,11-30,Apoyo a negocios,Servicios de protección y custodia mediante el monitoreo de sistemas d,IMPULSASAGURIDAD@HOTMAIL.COM,no,6621240643,WWW.IMPULSASEGURIDAD.COM,EL CHOYAL,83136
27,01 Dictamen IFS,no,SERVICIO TECNICODE CONTROL DE PLAGAS SA DE CV,1,11-30,Apoyo a negocios,Servicios de control y exterminación de plagas,INFO@CPLAGAS.COM.MX,no,6622338159,WWW.CPLAGAS.COM.MX,CENTRO,83000
27,01 Dictamen IFS,no,TRAVESIAS MUNDIALES DE MEXICO SA DE CV,1,11-30,Apoyo a negocios,Organización de excursiones y paquetes turísticos para agencias de via,INFO@TRAVESIAS.COM,no,6622363508,WWW.TRAVESIAS.COM,SANTA FE,83249
27,01 Dictamen IFS,no,VASTUS SEGURIDAD PRIVADA S DE RL DE CV,1,11-30,Apoyo a negocios,Servicios de protección y custodia mediante el monitoreo de sistemas d,ADMINISTRACION@VASTUSSEGURIDAD.COM,no,6624210275,WWW.VASTUSSEGURIDAD.COM,SAN BENITO,83190
27,01 Dictamen IFS,no,BAMBU MONTESSORI SONORA SC,1,11-30,Educación,Escuelas del sector privado que combinan diversos niveles de educación,BAMBU_MONTESSORI@HOTMAIL.COM,sí,6622162255,,LAS QUINTAS,83240
27,01 Dictamen IFS,no,CENTRO DE ATENCION MULTIPLE 62,1,11-30,Educación,Escuelas del sector público de educación para necesidades especiales,CAM62PMA@GMAIL.COM,no,6621882655,,JESUS GARCIA,83344
27,01 Dictamen IFS,no,CENTRO DE ESTUDIOS DE BACHILLERATO SONORA SC,1,11-30,Educación,Escuelas de educación media superior del sector privado,CEBACHSON@HOTMAIL.COM,no,6624448903,WWW.CEBACH.COM,SAN BENITO,83190
27,01 Dictamen IFS,no,CENTRO DE FORMACION PARA LA MUJER,1,11-30,Educación,Escuelas del sector privado dedicadas a la enseñanza de oficios,CEFORMAINF@GMAIL.COM,no,6621142498,WWW.CEFORMA.ORG.MX,CENTRO,83000
27,01 Dictamen IFS,no,LOPBAL Y ASOCIADOS SA DE CV,1,11-30,Educación,Escuelas de educación primaria del sector privado,ELPRINCIPITOTERRA2@HOTMAIL.COM,no,6622520094,,TERRANOVA,83296
27,01 Dictamen IFS,no,ARCE HERMANOS SC,1,11-30,Educación,Escuelas de educación media superior del sector privado,PREPA.ARCE@GMAIL.COM,sí,6622210326,WWW.COLEGIOARCE.COM.MX,CENTRO,83000
27,01 Dictamen IFS,no,COLEGIO VIDA HERMOSILLO AC,1,11-30,Educación,Escuelas del sector privado que combinan diversos niveles de educación,ADM.COLEGIOVIDA@GMAIL.COM,sí,6621077061,,EL LLANO,83210
27,01 Dictamen IFS,no,COLEGIO ZAYESS SC,1,11-30,Educación,Escuelas del sector privado que combinan diversos niveles de educación,AGROARROYO@HOTMAIL.COM,no,6621120197,,22 DE SEPTIEMBRE,83170
27,01 Dictamen IFS,no,NUEVA AURORA AC,1,11-30,Educación,Escuelas del sector privado que combinan diversos niveles de educación,PRIMARIAURORA@GMAIL.COM,no,6626902878,,JESUS GARCIA,83140
27,01 Dictamen IFS,no,ESCUELA PROMARIA DR JAIME TORRES BODET,1,11-30,Educación,Escuelas de educación primaria del sector público,26EPR0077S@ESCSONORA.EDU.MX,no,6622162929,,OLIVARES,83180
27,01 Dictamen IFS,no,ESCUELA PRIMARIA HERIBERTO AJA,1,11-30,Educación,Escuelas de educación primaria del sector público,PRIMARIAHERIBERTOAJA@HOTMAIL.COM,no,6622143142,,CENTRO,83000
27,01 Dictamen IFS,no,ESCUELA PRIMARIA IGNACIA FIMBRES,1,11-30,Educación,Escuelas de educación primaria del sector público,26EPR0104Z@ESCSONORA.EDU.MX,no,6622161503,,OLIVARES,83180
27,01 Dictamen IFS,no,ESCUELA PRIMARIA PROF. JOSE LAFONTAINE,1,11-30,Educación,Escuelas de educación primaria del sector público,26EPR0101B@ESCSONORA.EDU.MX,no,6622120490,,CENTENARIO,83260
27,01 Dictamen IFS,no,CENTRO COMUNITARIO INTEGRAL CCI AC,1,11-30,Educación,Escuelas de educación media superior del sector privado,COORDINACION@PREPALASALLE.EDU.MX,no,6621430747,WWW.REGISLASALLE.EDU.MX,FLORESTA,83179
27,01 Dictamen IFS,no,PRIMARIA Y PREESCOLAR ARRIZON SC,1,11-30,Educación,Escuelas del sector privado que combinan diversos niveles de educación,IARRIZON15@HOTMAIL.COM,no,6622195146,WWW.COLEGIOARRIZON.COM,MISION DEL ARCO,83120
27,01 Dictamen IFS,no,INSTITUTO CULTURAL SAN PATRICIO SC,1,11-30,Educación,Escuelas de arte del sector privado,INFO@INSTITUTOSANPATRICIO.COM,no,6621444709,WWW.INSTITUTOSANPATRICIO.COM,CONQUISTADORES,83126
27,01 Dictamen IFS,no,INSTITUTO DE MEDIACION DE MEXICO SC,1,11-30,Educación,Escuelas de educación superior del sector privado,ESTELA.SANCHEZ@INSTITUTODEMEDIACION.EDU.MX,sí,6625938706,WWW.INSTITUTODEMEDIACION.EDU.MX,SAN BENITO,83190
27,01 Dictamen IFS,no,COORDINACION DE ZONA HERMOSILLO NORTE,1,11-30,Educación,Escuelas del sector público que combinan diversos niveles de educación,CZHERMOSILLON@INEA.GOB.MX,no,6622106313,,MODELO,83190
27,01 Dictamen IFS,no,JARDIN DE NIÑOS GABRIELA MISTRAL,1,11-30,Educación,Escuelas de educación preescolar del sector público,26DJN0123Y@ESCSONORA.EDU.MX,no,6622500084,,PALO VERDE,83280
27,01 Dictamen IFS,no,JUGANDO CENTRO DE ATENCION INFANTIL SC,1,11-30,Educación,Escuelas de educación preescolar del sector privado,JUGANDO_EBDI289@HOTMAIL.COM,no,6622174946,,CENTRO,83000
27,01 Dictamen IFS,no,LEC LANGUAGES AND EDUCATION CONSULTING SC,1,11-30,Educación,Escuelas de idiomas del sector privado,FACTURAS@LEC.MX,no,6623117230,WWW.LEC.COM.MX,SAN BENITO,83190
27,01 Dictamen IFS,no,PREESCOLAR CREATIVO AC,1,11-30,Educación,Escuelas de educación preescolar del sector privado,PREESCOLARCREATIVO@HOTMAIL.COM,no,6624093973,,VALLE ESCONDIDO,83207
27,01 Dictamen IFS,no,INSTITUTO EDUCATIVO LOZANO CLARK SC,1,11-30,Educación,Escuelas de educación media superior del sector privado,PREPACLARK@PREPACLARK.COM,no,6622374457,,VALLE DEL MARQUEZ,83294
27,01 Dictamen IFS,no,GRUPO EDUCATIVO REVI SC,1,11-30,Educación,Escuelas de educación superior del sector privado,INFORMES@CUDIEM.COM,no,6621158844,WWW.CUDIEM.COM,OLIVARES,83180
27,01 Dictamen IFS,no,INSTITUTO DE CIENCIAS Y EDUCACION SUPERIOR AC,1,11-30,Educación,Escuelas de educación superior del sector privado,ICES@ICES.EDU.MX,no,6621280721,WWW.ICES.EDU.MX,CENTRO,83000
27,01 Dictamen IFS,no,COLINAS CASA DE DESCANSO PARA ADULTOS MAYORES AC,1,11-30,Salud,Asilos y otras residencias del sector privado para el cuidado de ancia,CASACOLINASHMO@GMAIL.COM,no,6621138435,,COLINAS,83145
27,01 Dictamen IFS,no,CASA ESPERANZA PARA NIÑOS,1,11-30,Salud,Orfanatos y otras residencias de asistencia social del sector privado,CONTACTO@CASAESPERANZAMEXICO.COM,no,6624192744,,SAN PEDRO EL SAUCITO,83305
27,01 Dictamen IFS,no,CASA GUADALUPE LIBRE,1,11-30,Salud,Orfanatos y otras residencias de asistencia social del sector privado,CASAGPELIBRE@GMAIL.COM,no,6622446792,,QUINTA EMILIA,83220
27,01 Dictamen IFS,no,CLINICA PACIFICA SA DE CV,1,11-30,Salud,Hospitales generales del sector privado,INFO@CASAPACIFICA.MX,no,6621230214,WWW.CASAPACIFICA.MX,LOS ANGELES,83106
27,01 Dictamen IFS,no,CENTRO DE EDUCACION AUDITIVA Y DE LENGUAJE SA DE CV,1,11-30,Salud,Consultorios del sector privado de audiología y de terapia ocupacional,CEALSONOR@HOTMAIL.COM,no,6623699634,,VALLE VERDE,83200
27,01 Dictamen IFS,no,CLINICA DENTAL MY DENT SC,1,11-30,Salud,Consultorios dentales del sector privado,CONTACTOMYDENT@GMAIL.COM,no,6621869819,,LAS LOMAS,83293
27,01 Dictamen IFS,no,CENTRO EDUCATIVO DE SONORA SC,1,11-30,Salud,Consultorios del sector privado de audiología y de terapia ocupacional,KINDERGYM.HMO@GMAIL.COM,sí,6621744988,WWW.KINDERGYM.COM.MX,PRADOS DEL CENTENARIO,83260
27,01 Dictamen IFS,no,GINECORE & SPA SC,1,11-30,Salud,Consultorios de medicina especializada del sector privado,GYNECORE.CFDI@GMAIL.COM,sí,6621565596,WWW.GYNECORESPA.COM,CENTENARIO,83260
27,01 Dictamen IFS,no,IMAGENOLOGIA INTEGRAL DEL NOROESTE SC,1,11-30,Salud,Laboratorios médicos y de diagnóstico del sector privado,MARICELAJAIMERIVERA@HOTMAIL.COM,no,6622175387,WWW.GRUPOIMAGINN.COM.MX,SAN BENITO,83190
27,01 Dictamen IFS,no,INSTITUTO FRANCISCO JAVIER SAETA,1,11-30,Salud,Servicios de capacitación para el trabajo prestados por el sector priv,DIRECCION@IFJSAETA.ORG.MX,no,6624752076,WWW.IFJSAETA.ORG.MX,JESUS GARCIA,83140
27,01 Dictamen IFS,no,INSTITUTO OFTAVISION HERMOSILLO SC,1,11-30,Salud,Consultorios de optometría,INFOHERMOSILLO@OFTAVISION.COM,no,6623541156,,JESUS GARCIA,83140
27,01 Dictamen IFS,no,LIBERY CENTRO DE ESPECIALIDADES PEDIATRICAS DE SONORA SA DE CV,1,11-30,Salud,Consultorios de medicina especializada del sector privado,LIBERY.CLINICAHMO@GMAIL.COM,sí,6625113948,WWW.LIBERYPEDIATRIC.COM,PRADOS DEL CENTENARIO,83260
27,01 Dictamen IFS,no,SANCHEZ GONZALEZ Y ASOCIADOS QUIMICOS BIOLOGOS SC,1,11-30,Salud,Laboratorios médicos y de diagnóstico del sector privado,DIRECCION.SGLAB@GMAIL.COM,sí,6622244882,WWW.SGLAB.COM.MX,CENTRO,83000
27,01 Dictamen IFS,no,SWANN OFTAMOLOGIA Y LASER HERMOSILLO MARK ANTHONY SWANSON MORENO SC,1,11-30,Salud,Consultorios de medicina especializada del sector privado,CLINICASWANNHILLO@HOTMAIL.COM,no,6622851542,WWW.CLINICASWANN.COM,CONSTITUCION,83150
27,01 Dictamen IFS,no,BIG LEAGUE DREAMS MEXICO SA DE CV,1,11-30,Esparcimiento,Centros de acondicionamiento físico del sector privado,OFICINASBLD@GMAIL.COM,no,6623644794,,MONTEBELLO,83249
27,01 Dictamen IFS,no,ANDAMIOS TEATRO GRUPO INDEPENDIENTE DE SONORA AC,1,11-30,Esparcimiento,Compañías de teatro del sector privado,ANDAMIOSTEATRO@GMAIL.COM,no,6621691010,WWW.ANDAMIOSTEATRO.COM,CERRO DE LA CAMPANA,83079
27,01 Dictamen IFS,no,COMPAÑIA TEATRAL DEL NORTE AC,1,11-30,Esparcimiento,Compañías de teatro del sector privado,ENLACE@ELMENTIDERO.COM.MX,no,6621724625,WWW.ELMENTIDERO.MX,CERRO DE LA CAMPANA,83079
27,01 Dictamen IFS,no,OPERADORA DEPORTIVA SEQUI SAPI DE CV,1,11-30,Esparcimiento,Centros de acondicionamiento físico del sector privado,FAIRPLAYHMO@GMAIL.COM,no,6623002414,WWW.FAIRPLAY.MX,QUINTA EMILIA,83214
27,01 Dictamen IFS,no,HAZE FITNESS INTERPRICES SA DE CV,1,11-30,Esparcimiento,Centros de acondicionamiento físico del sector privado,HAZECOMPOUND@GMAIL.COM,no,6629480521,,VILLAS DEL MEDITERRANEO,83220
27,01 Dictamen IFS,no,CASA DEL PADEL HERMOSILLO SA DE CV,1,11-30,Esparcimiento,Centros de acondicionamiento físico del sector privado,CASADELPADEL22@GMAIL.COM,no,6621808757,,QUIROGA SECCION MADRIGAL,83224
27,01 Dictamen IFS,no,METRO SPORT SA DE CV,1,11-30,Esparcimiento,Centros de acondicionamiento físico del sector privado,METROSPORTGINMASIO@GMAIL.COM,no,6624326131,WWW.METRO-SPORT.COM.MX,STAUS,83249
27,01 Dictamen IFS,no,AMANTE DE CERVEZAS DEL NOROESTE SA DE CV,1,11-30,Hospedaje y alimentos,Restaurantes con servicio de preparación de alimentos a la carta o de ,FRAN@AMANTEPREW.COM,no,6622273984,WWW.AMANTEPREW.COM,CENTENARIO,83260
27,01 Dictamen IFS,no,GIARDINO RESTAURANT HMO SA DE CV,1,11-30,Hospedaje y alimentos,"Cafeterías, fuentes de sodas, neverías, refresquerías y similares",FACTURASMONACAFE@GMAIL.COM,no,6622257472,,CENTRO,83000
27,01 Dictamen IFS,no,SOLE SERVICIOS Y TECNOLOGIA DE ALIMENTOS SAPI DE CV,1,11-30,Hospedaje y alimentos,"Cafeterías, fuentes de sodas, neverías, refresquerías y similares",HOLA@TURQUESSACOFFEE.COM,no,6624666626,WWW.TURQUESACOFFEE.COM,EL LLANO,83210
27,01 Dictamen IFS,no,LOPEZ PORTILLO 2018 S DE RL DE CV,1,11-30,Hospedaje y alimentos,Restaurantes con servicio de preparación de alimentos a la carta o de ,CHILTEPINOSPORTILLO@HOTMAIL.COM,no,6621835320,WWW.CHILTEPINOS.COM.MX,MISION DEL SOL,83100
27,01 Dictamen IFS,no,ROYAS RESTAURANTES SA DE CV,1,11-30,Hospedaje y alimentos,Restaurantes con servicio de preparación de alimentos a la carta o de ,GERENCIACHILTEPINOSPABELLON@GMAIL.COM,no,6621231241,,PROYECTO RIO SONORA,83270
27,01 Dictamen IFS,no,SOLUCIONES FADI KALO SAPI DE CV,1,11-30,Hospedaje y alimentos,Hoteles con otros servicios integrados,CLOPEZ@KADIFA.COM.MX,no,6621315526,,CENTRO,
27,01 Dictamen IFS,no,GRUPO KAITEN RESTAURANTES SA DE CV,1,11-30,Hospedaje y alimentos,Restaurantes con servicio de preparación de alimentos a la carta o de ,CONTACTO.JAPPENGO@GMAIL.COM,sí,6629376399,,SANTA FE,83249
27,01 Dictamen IFS,no,MARISCOS ALFREDITOS SA DE CV,1,11-30,Hospedaje y alimentos,Restaurantes con servicio de preparación de pescados y mariscos,COMPRAS@MARISCOSALFREDITOS.COM,no,6623973600,WWW.MARISCOSALFREDITOS.COM,CONSTITUCION,83150
27,01 Dictamen IFS,no,HELSINKI SA DE CV,1,11-30,Hospedaje y alimentos,Moteles,MOTEL-HELSINKY@HOTMAIL.COM,no,6622611154,,COLEGIO MILITAR AEROPUERTO,83220
27,01 Dictamen IFS,no,GASTROS SERVICIOS SA DE CV,1,11-30,Hospedaje y alimentos,Restaurantes con servicio de preparación de alimentos a la carta o de ,CONTABILIDAD@SDH.COM.MX,no,6622144045,WWW.STEAKDELHERRADERO.COM,LA HUERTA,83208
27,01 Dictamen IFS,no,AUTOCARROCERIA DEL CASTILLO SA DE CV,1,11-30,Otros servicios,Hojalatería y pintura de automóviles y camiones,GERENCIA@AUTOCARROCERIACASTILLO.COM,no,6622166348,,OLIVARES,83180
27,01 Dictamen IFS,no,AUTODETALLADO AUTOMOTRIZ CONTRARES SA DE CV,1,11-30,Otros servicios,Hojalatería y pintura de automóviles y camiones,ISMAEL.CONTRERAS@AACONTRERAS.COM,sí,6622146428,WWW.AACONTRERAS.COM.MX,SAN BENITO,83190
27,01 Dictamen IFS,no,REHABILITACION AUTOMOTRIZ DE HERMOSILLO S DE RL DE CV,1,11-30,Otros servicios,Hojalatería y pintura de automóviles y camiones,FERNANDACAMPOS@BESTSERVICIOS.COM.MX,no,6624645518,,CENTRO,83000
27,01 Dictamen IFS,no,C Y W INGENERIA METALMECANICA SA DE CV,1,11-30,Otros servicios,Reparación y mantenimiento de maquinaria y equipo industrial,JCABALLERO@CWIMM.MX,no,6621288122,WWW.CWIMM.MX,COUNTRY CLUB,83010
27,01 Dictamen IFS,no,ENERGIA NEUMATICA DEL PACIFICO NP SA DE CV,1,11-30,Otros servicios,Reparación y mantenimiento de maquinaria y equipo industrial,ENERGIANEUMATICA@HOTMAIL.COM,no,6621567559,WWW.ENERGIANEUMATICA.COM,LUIS ENCINAS,83138
27,01 Dictamen IFS,no,FACILIDADES Y MANTENIMIENTO INDUSTRIAL FMI SA DE CV,1,11-30,Otros servicios,Reparación y mantenimiento de maquinaria y equipo industrial,FMI.OLEA@GMAIL.COM,sí,6623118534,,Y GRIEGA,83290
27,01 Dictamen IFS,no,GRUAS Y BOMBEO SA DE CV,1,11-30,Otros servicios,Reparación y mantenimiento de maquinaria y equipo industrial,GRUASYBOMBEO84@YAHOO.COM.MX,no,6622147383,,SAN BENITO,83190
27,01 Dictamen IFS,no,IGLESIA ADVENTISTA DEL SEPTOMO DIA AR,1,11-30,Otros servicios,Asociaciones y organizaciones religiosas,RECEPCION_SONORA@ADVENTISTASSUMN.ORG,sí,6625080064,,BALDERRAMA,83180
27,01 Dictamen IFS,no,LLANOSA SA DE CV,1,11-30,Otros servicios,Reparación mecánica en general de automóviles y camiones,ONENNINGER@LLANOSA.COM,no,6622186101,WWW.LLNOSA.COM.MX,EL CHOYAL,83136
27,01 Dictamen IFS,no,CARLOS MOLINA CALDERON S DE RL,1,11-30,Otros servicios,Rectificación de partes de motor de automóviles y camiones,MOLINAMAHUARI@HOTMAIL.COM,no,6623406804,,BENITO JUAREZ,83110
27,01 Dictamen IFS,no,VG SUPLY SERVICE SA DE CV,1,11-30,Otros servicios,Reparación y mantenimiento de maquinaria y equipo industrial,GERENCIA@VGSUPLY.MX,no,6621395975,,APOLO,
27,01 Dictamen IFS,no,JOSE RAMON GUTIERREZ NEGRETE SA DE CV,1,11-30,Otros servicios,Reparación y mantenimiento de maquinaria y equipo industrial,RTELOR@HOTMAIL.COM,no,6621710755,,VILLA DE SERIS,83280
27,01 Dictamen IFS,no,SIN EST DE TRAB DE LA LAS RAMAS AGRIC GANADERA IND ACUICOLA AGROIND Y DE SERV DE SON SALVADOR ALVARADO CNC AC,1,11-30,Otros servicios,Asociaciones y organizaciones laborales y sindicales,SINDICATOSACNC@HOTMAIL.COM,no,6622131606,,CENTRO,83000
27,01 Dictamen IFS,no,SONORA TRUCK SERVICE SA DE CV,1,11-30,Otros servicios,Reparación mecánica en general de automóviles y camiones,SONORATRUCK@GMAIL.COM,no,6623539086,,PIMENTEL,83188
27,01 Dictamen IFS,no,TALLER AELLO SA DE CV,1,11-30,Otros servicios,Rectificación de partes de motor de automóviles y camiones,TALLERAELLO@HOTMAIL.COM,no,6622165825,TALLERAELLO.COM,OLIVARES,83180
27,01 Dictamen IFS,no,JOSE RICARDO TONA GASTELUM SA DE CV,1,11-30,Otros servicios,Rectificación de partes de motor de automóviles y camiones,MLBONEO@MESTECH.COM.MX,no,6623111369,WWW.MESTECH.COM.MX,EL LLANO,83210
27,01 Dictamen IFS,no,MONTAJES Y MAUINADOS TORAGUICO SA DE CV,1,11-30,Otros servicios,Reparación y mantenimiento de maquinaria y equipo industrial,IVAN.TORAGUICO@PRODOGI.NET.MX,sí,6622292832,WWW.TORAGUICO.COM,NUEVA ILUSION,83285
27,01 Dictamen IFS,no,TUCSON RADIADORES Y MOFLES SA DE CV,1,11-30,Otros servicios,Otras reparaciones mecánicas de automóviles y camiones,TUCSONRADIADORES@GMAIL.COM,no,6622544157,WWW.TUCSONRADIADORES.COM,PALO VERDE,83280
26,01 Dictamen IFS,no,COMERCIALIZADORA SAN FERNANDO DEPRESAS SA DE CV,1,31-50,Agro,"Pesca y captura de peces, crustáceos, moluscos y otras especies",,no,,,KINO VIEJO,
26,01 Dictamen IFS,no,JUAN MANUEL BRANBILA GONZALEZ  S DE RL DE CV,1,31-50,Agro,"Pesca y captura de peces, crustáceos, moluscos y otras especies",,no,,,SAHUIMARO,
26,01 Dictamen IFS,no,SCPP Y A FAM LEON ESQUIVEL SC DE RL,1,31-50,Agro,"Pesca y captura de peces, crustáceos, moluscos y otras especies",,no,,,CARNAVALITO,
26,01 Dictamen IFS,no,CONSTRUCTORA SANTA ROSA SA DE CV,1,31-50,Construcción,"Edificación de inmuebles comerciales y de servicios, excepto la superv",,no,,,PRADOS DEL SOL,
26,01 Dictamen IFS,no,CORPORATIVO MORCON SA DE CV,1,31-50,Construcción,Construcción de obras de urbanización,,no,,,CARMEN SERDAN,
26,01 Dictamen IFS,no,ESPACIO CTU SA DE CV,1,31-50,Construcción,Edificación de vivienda unifamiliar,,no,,WWW.ESPACIOCTU.COM.MX,CENTENARIO,
26,01 Dictamen IFS,no,PRODUCTOS LACTEOS ORO PURO S DE RL DE CV,1,31-50,Manufactura,Elaboración de derivados y fermentos lácteos,,no,,WWW.OROPURO.COM.MX,SIERRA VISTA,83147
26,01 Dictamen IFS,no,DEGER SA DE CV,1,31-50,Manufactura,Fabricación de cocinas integrales y muebles modulares de baño,,no,,HMO.COM.MX,PIEDRA BOLA,83290
26,01 Dictamen IFS,no,ESTRUCTURAS FERROTEK SAPI DE CV,1,31-50,Manufactura,Fabricación de otros productos de hierro y acero,,no,,WWW.FERROTEKMX.COM,PARQUE INDUSTRIAL,83299
26,01 Dictamen IFS,no,NIGECOR SA DE CV,1,31-50,Manufactura,"Fabricación de muebles, excepto cocinas integrales, muebles modulares ",,no,,,LAS AMAPOLAS,83020
26,01 Dictamen IFS,no,SIGMA FOODSERVICE COMERCIAL S DE RL DE CV,1,31-50,Comercio mayoreo,Comercio al por mayor de carnes rojas,,no,,,PARQUE INDUSTRIAL,83299
26,01 Dictamen IFS,no,AO SOLUCIONES ORTOPEDICAS SA DE CV,1,31-50,Comercio menudeo,Comercio al por menor de artículos ortopédicos,,no,,,SAN BENITO,83190
26,01 Dictamen IFS,no,INSTITUTO DE SEGURIDAD Y SERVICIO SOCIAL DE LOS TRABAJADORES DEL ESTADO DE SONORA,1,31-50,Comercio menudeo,Farmacias sin minisúper,,no,,,MODELO,83190
26,01 Dictamen IFS,no,IVICEVIC SA DE CV,1,31-50,Comercio menudeo,Comercio al por menor de pisos y recubrimientos cerámicos,,no,,,SAN LUIS,83160
26,01 Dictamen IFS,no,SUPER EL ROSAL SA DE CV,1,31-50,Comercio menudeo,Comercio al por menor en minisupers,,no,,,JESUS GARCIA,83140
26,01 Dictamen IFS,no,BACK AND FORTH TRUCKS SA DE CV,1,31-50,Transportes,Autotransporte local de productos agrícolas sin refrigeración,,no,,,VALLE GRANDE,83205
26,01 Dictamen IFS,no,UNIDOS TRANSPORT LOGISTIC MEXICO SA DE CV,1,31-50,Transportes,Otro autotransporte local de carga general,,no,,,CENTRAL DE ABASTOS,83293
26,01 Dictamen IFS,no,FEDERAL EXPRESS HOLDINGS,1,31-50,Transportes,Servicios de mensajería y paquetería foránea,,no,,,EL LLANO,83210
26,01 Dictamen IFS,no,SONHOFRUT SA DE CV,1,31-50,Transportes,Almacenamiento con refrigeración,,no,,,BAHIA DE KINO,83344
26,01 Dictamen IFS,no,RADIODIFUSORA XEHOS SA DE CV,1,31-50,Información,Estaciones de transmisión de programas de radio,,no,,WWW.UNIRADIONOTICIAS.COM,VALLE HERMOSO,83209
26,01 Dictamen IFS,no,RED NACIONAL ULTIMA MILLA SAPI DE CV,1,31-50,Información,Operadores de servicios de telecomunicaciones alámbricas,,no,,,SAN BENITO,83190
26,01 Dictamen IFS,no,ALLIANZ MEXICO COMPANIA DE SEGUROS SA,1,31-50,Financieros,Compañías de seguros,,no,,,MEGACENTRO,83200
26,01 Dictamen IFS,no,INSTITUTO DEL FONDO NACIONAL PARA EL CONSUMO DE LOS TRABAJADORES  INFONACOT,1,31-50,Financieros,Fondos y fideicomisos financieros,,no,,,VALLE GRANDE,83205
26,01 Dictamen IFS,no,AFORE INVERCAP SA DE CV,1,31-50,Financieros,Administración de cajas de pensión y de seguros independientes,,no,,WWW.IVERCAP.COM.MX,RAQUET CLUB,83200
26,01 Dictamen IFS,no,MONTACARGAS Y EQUIPAMENTO INDUSTRIAL FIVI SA DE CV,1,31-50,Inmobiliario,"Alquiler de maquinaria y equipo para mover, levantar y acomodar materi",,no,,,QUINTA EMILIA,83210
26,01 Dictamen IFS,no,DIRECT ACCESO SA DE CV,1,31-50,Serv. profesionales,Servicios de consultoría en administración,,no,,,CASA GRANDE 1,83246
26,01 Dictamen IFS,no,ONTOR SERVICES SA DE CV,1,31-50,Serv. profesionales,Otros servicios de consultoría científica y técnica,,no,,,MONTEBELLO,83249
26,01 Dictamen IFS,no,POLAR CONSTRUCTORA SA DE CV,1,31-50,Serv. profesionales,Servicios de contabilidad y auditoría,,no,,,CENTENARIO,
26,01 Dictamen IFS,no,ALLIACE BPO SA DE CV,1,31-50,Apoyo a negocios,Servicios de recepción de llamadas telefónicas y promoción por teléfon,,no,,,RAQUET CLUB,83200
26,01 Dictamen IFS,no,SEGURIDAD PUBLICA MUNICIPAL,1,31-50,Apoyo a negocios,Servicios de protección y custodia mediante el monitoreo de sistemas d,,no,,,CUARTA ZONA,83137
26,01 Dictamen IFS,no,CORPORATIVO HARINAS DE NOROESTE SA DE CV,1,31-50,Apoyo a negocios,Servicios de administración de negocios,,no,,,COUNTRY CLUB,83810
26,01 Dictamen IFS,no,IC IMPULSORA SA DE CV,1,31-50,Apoyo a negocios,Servicios de protección y custodia mediante el monitoreo de sistemas d,,no,,,PITIC,83150
26,01 Dictamen IFS,no,PROFESIONALES EN PREVENCION ELECTRONICA SA DE CV,1,31-50,Apoyo a negocios,Servicios de protección y custodia mediante el monitoreo de sistemas d,,no,,MASTERGUARDS.MX,CENTRO,83000
26,01 Dictamen IFS,no,MULTISISTEMA DE SEGURIDAD DEL NOROESTE SA DE CV,1,31-50,Apoyo a negocios,"Servicios de investigación y de protección y custodia, excepto mediant",,no,,,5 DE MAYO,83010
26,01 Dictamen IFS,no,MINEXSON SA,1,31-50,Apoyo a negocios,Servicios de administración de negocios,,no,,WWW.ARGONAUTGOLD.COM,PUERTA GRANDE RESIDENCIAL,83230
26,01 Dictamen IFS,no,SERVICIOS ADMINISTRATIVOS INTEGRALES S4N SC,1,31-50,Apoyo a negocios,Servicios de administración de negocios,,no,,,PERISUR,83294
26,01 Dictamen IFS,no,SIS GLOSON SA DE CV,1,31-50,Apoyo a negocios,Servicios de protección y custodia mediante el monitoreo de sistemas d,,no,,WWW.SGSMEXICO.COM,VILLA DE SERIS,83280
26,01 Dictamen IFS,no,OFICILIA MAYOR,1,31-50,Educación,Escuelas del sector público que combinan diversos niveles de educación,,no,,,LAS PALMAS,83270
26,01 Dictamen IFS,no,BEAUNIT BEAUTY SPECIALIST CENTER,1,31-50,Salud,Consultorios de nutriólogos y dietistas del sector privado,,no,,,PITIC,83150
26,01 Dictamen IFS,no,CLINICA DEL NOROESTE SA DE CV,1,31-50,Salud,Laboratorios médicos y de diagnóstico del sector privado,,no,,WWW.CLINICADELNOROESTE.COM,CENTRO,83000
26,01 Dictamen IFS,no,CENTINELA DE ORIENTACION Y APOYO SA DE CV,1,31-50,Salud,Guarderías del sector privado,,no,,,MONTECARLO,83288
26,01 Dictamen IFS,no,EXPERIENCIAS Y ENTRETENIMIENTO DE HERMOSILLO SA DE CV,1,31-50,Esparcimiento,Otros servicios recreativos prestados por el sector privado,,no,,,COLINAS,83145
26,01 Dictamen IFS,no,FROO INMOBILIARIA SA DE CV,1,31-50,Hospedaje y alimentos,Moteles,,no,,,LA VICTORIA,83304
26,01 Dictamen IFS,no,STEAKS DEL HERRADERO SA DE CV,1,31-50,Hospedaje y alimentos,Restaurantes con servicio de preparación de alimentos a la carta o de ,,no,,,CENTENARIO,83260
26,01 Dictamen IFS,no,KAREN SERRANO CORONADO CPR COMPRESORE SA DE CV,1,31-50,Otros servicios,Reparación y mantenimiento de maquinaria y equipo industrial,,no,,WWW.CPRCOMPRESORES.COM.MX,AKIWIKI,83293
26,01 Dictamen IFS,no,CRISTO DE LAS ROCAS AR,1,31-50,Otros servicios,Asociaciones y organizaciones religiosas,,no,,,SAHUARO,83170
25,03 Expediente Vivo,no,QUALTIA ALIMENTOS OPERACIONES COMERCIALES S DE RL DE CV,2,11-30,Manufactura,"Preparación de embutidos y otras conservas de carne de ganado, aves y ",,no,6621154690,,COLEGIO MILITAR AEROPUERTO,83220
25,03 Expediente Vivo,no,SEGUROS SURA SA DE CV SA DE CV,2,11-30,Financieros,Compañías de seguros,,no,6621510848,,LAS PALMAS,83270
24,01 Dictamen IFS,no,COMITE DE SANIDAD FITOPECUARIA SC,1,11-30,Agro,Otros servicios relacionados con la agricultura,COSAFI@COSAFISC.ORG.MX,no,,,CASA BLANCA,83079
24,01 Dictamen IFS,no,PMG ACUICOLA SOL Y MAR  SA DE CV,1,11-30,Agro,Camaronicultura y acuicultura de otros crustáceos en agua salada,SANTAROSALIAACUICOLA@GMAIL.COM,no,,,VALLE GRANDE,
24,01 Dictamen IFS,no,JOSE ANTONIO GALVAN LOZA SC DE RL,1,11-30,Agro,"Pesca y captura de peces, crustáceos, moluscos y otras especies",GABRIELAHUERTAMEJIA@HOTMAIL.COM,no,,,CAMPO PESQUERO EL CHOYUDO,
24,01 Dictamen IFS,no,MARIA DE LA LUZ LARA GALVAN S DE RL DE CV,1,11-30,Agro,"Pesca y captura de peces, crustáceos, moluscos y otras especies",LUZLARAGALVAN@GMAIL.COM,no,,,EL CHOYUDO,
24,01 Dictamen IFS,no,FALCON PERFORACIONES MEXICO SA DE CV,1,11-30,Minería,Otros servicios relacionados con la minería,GVILLEGAS@FALCON-DRILLING.COM,no,,WWW.FALCON-DRILLING.COM,LA MANGA,83320
24,01 Dictamen IFS,no,MATERIALES CLASIFICADOS PARA LA CONSTRUCCION SA DE CV,1,11-30,Minería,Minería de arena y grava para la construcción,MACCSA_67@HOTMAIL.COM,no,,,EL LLANO,
24,01 Dictamen IFS,no,RESOURCE GEOSCIENCES DE MEXICO SA DE CV,1,11-30,Minería,Otros servicios relacionados con la minería,ALFONSO.CASTANEDA@RESOURCEGEOSCIENCES.COM,sí,,WWW.RESOURCEGEOSCIENCES.COM,SAN BENITO,83190
24,01 Dictamen IFS,no,SV MINERALES SA DE CV,1,11-30,Minería,Otros servicios relacionados con la minería,PATRICIA.LEDEZMA@BELLCARRAGROUP.COM,sí,,WWW.SILVERVIPERMINERALS.COM,CORCELES RESIDENCIAL,
24,01 Dictamen IFS,no,CFE DISTRIBUCION,1,11-30,Energía y agua,Distribución de energía eléctrica,HECTOR.PACHECHO@CFE.MX,sí,,WWW.CFE.MX,HERMOSILLO CENTRO,83000
24,01 Dictamen IFS,no,ACUÑA CONSTRUCTORES SA DE CV,1,11-30,Construcción,"Edificación de naves y plantas industriales, excepto la supervisión",CARSAGERENCIA@GMAIL.COM,no,,WWW.CARSACONSTRUCTORES.COM.MX,5 DE MAYO,83010
24,01 Dictamen IFS,no,ALFARAENA CONSTRUCCIONES SA DE CV,1,11-30,Construcción,"Edificación de inmuebles comerciales y de servicios, excepto la superv",ALFARAENACONSTRUCCIONES@HOTMAIL.COM,no,,,CENTRO,83000
24,01 Dictamen IFS,no,DESARROLLOS ARQUITECTONICOS VA SA DE CV,1,11-30,Construcción,Edificación de vivienda multifamiliar,JESUS.FLORES@ARQUIVADESARROLLOS.COM,sí,,WWW.ARQUIVADESARROLLOS.COM,LOS IGUALADOS,83150
24,01 Dictamen IFS,no,BEE CYM S DE RL DE CV,1,11-30,Construcción,"Edificación de inmuebles comerciales y de servicios, excepto la superv",GRUPO.BEE@HOTMAIL.COM,sí,,,LOPEZ PORTILLO,83104
24,01 Dictamen IFS,no,CAMANEY CONSTRUCCION Y DESARROLLO SA DE CV,1,11-30,Construcción,Construcción de obras de urbanización,CAMANEY_ZULMA@HOTMAIL.COM,sí,,,OLIVARES,83180
24,01 Dictamen IFS,no,E&A CAPA SA DE CV,1,11-30,Construcción,Instalaciones eléctricas en construcciones,ADMINISTRACION@IECAPA.COM,no,,WWW.CAPA.COM,LAS ISABELES,83120
24,01 Dictamen IFS,no,JESUS MANUEL FIGUEROA SA DE CV,1,11-30,Construcción,"Edificación de inmuebles comerciales y de servicios, excepto la superv",662106003@PRODIGY.NET.MX,no,,,SAN BENITO,83190
24,01 Dictamen IFS,no,CONSTRUCCION Y PROYECTOS AB,1,11-30,Construcción,Edificación de vivienda unifamiliar,ABASALDUAG@YAHOO.COM.MX,no,,,SAN BENITO,83190
24,01 Dictamen IFS,no,CONSTRUCCIONES E INSTALACIONES DEL PITIC SA DE CV,1,11-30,Construcción,"Edificación de inmuebles comerciales y de servicios, excepto la superv",CPITIC@HOTMAIL.COM,no,,,COLONIA PROGRESISTA,
24,01 Dictamen IFS,no,CONSTRUCCIONES GONZALES QUIROZ SA DE CV,1,11-30,Construcción,Construcción de obras de urbanización,CONSTRUCCIONES_GQ@YAHOO.COM.MX,sí,,,VALLE GRANDE,
24,01 Dictamen IFS,no,CONSTRUCTORA 221 PROYECTOS SA DE CV,1,11-30,Construcción,Edificación de vivienda unifamiliar,221PROYECTOS@GMAIL.COM,no,,,EL CONQUISTADOR,
24,01 Dictamen IFS,no,CONSTRUCTORA BELLOP SA DE CV,1,11-30,Construcción,"Edificación de inmuebles comerciales y de servicios, excepto la superv",CONSTRUCTORABELLOP@HOTMAIL.COM,no,,,MODELO,
24,01 Dictamen IFS,no,CONSTRUCTORA GARACO SA DE CV,1,11-30,Construcción,Edificación de vivienda unifamiliar,CONSTRUCTORAGARACO84@YAHOO.COM.MX,no,,,CINCO DE MAYO,83010
24,01 Dictamen IFS,no,JESUS ROBERTO SISTEN AYALA SA DE CV,1,11-30,Construcción,Otros trabajos especializados para la construcción,LUCASSI@HOTMAIL.COM,no,,,LAS MINITAS,83285
24,01 Dictamen IFS,no,CONSTRUCTORA VISON SA DE CV,1,11-30,Construcción,"Edificación de naves y plantas industriales, excepto la supervisión",CONSTRUCTORAVISON16@GMAIL.COM,no,,,LOMA LINDA,83150
24,01 Dictamen IFS,no,DESAMAX SA DE CV,1,11-30,Construcción,Edificación de vivienda unifamiliar,CONTABILIDADESAMAX@GMAIL.COM,no,,,CENTRO,83000
24,01 Dictamen IFS,no,DESARROLLOS DOBLE A SA DE CV,1,11-30,Construcción,"Edificación de inmuebles comerciales y de servicios, excepto la superv",ROGELIORUIZBERMUDEZ@HOTMAIL.COM,no,,,BALDERRAMA,
24,01 Dictamen IFS,no,DESARROLLO DE INMUEBLES Y NAVES INDUSTRIALES  SA DE CV,1,11-30,Construcción,"Edificación de naves y plantas industriales, excepto la supervisión",PROVEEDORES@DINISA.COM.MX,no,,,SAN BENITO,83190
24,01 Dictamen IFS,no,DIPSA SA DE CV,1,11-30,Construcción,Construcción de obras de urbanización,DIPSAFACTURAS@GMAIL.COM,no,,,ATARDECERES,83100
24,01 Dictamen IFS,no,DISEÑOS TT SA DE CV,1,11-30,Construcción,Edificación de vivienda unifamiliar,TRASVINA_ARQUITECTOS@YAHOO.COM,sí,,,CENTENARIO,83260
24,01 Dictamen IFS,no,ELECTRICA SERVEC S DE RL DE CV,1,11-30,Construcción,Instalaciones eléctricas en construcciones,AUXILIAR@SERVECHERMOSILLO.COM,no,,ELECTRICASERVEC.COM,LIBERTAD,
24,01 Dictamen IFS,no,ESPECIALISTAS EN ESTRUCTURAS Y SERVICIOS TECNICOS SA DE CV SC DE RL DE CV,1,11-30,Construcción,Montaje de estructuras de acero prefabricadas,ESTRUCTURASYSERVICIOS@OUTLOOK.COM,no,,,LA VICTORIA,83246
24,01 Dictamen IFS,no,FIGUEROA COMPAÑIA CONSTRUCTORA INDUSTRIAL SA DE CV,1,11-30,Construcción,"Edificación de naves y plantas industriales, excepto la supervisión",JFIGUERO@FCCISA.COM,no,,WWW.FIGUEROACONSTRUCCION.COM,LOPEZ PORTILLO,83190
24,01 Dictamen IFS,no,GROBSON S DE RL S DE RL DE CV,1,11-30,Construcción,Construcción de obras de urbanización,GROBSONSDERL@HOTMAIL.COM,no,,,OLIVARES,83180
24,01 Dictamen IFS,no,IMED INGENIERIA SA DE CV,1,11-30,Construcción,Instalaciones eléctricas en construcciones,FACTURACION@IMEDINGENIERIA.COM.MX,no,,WWW.IMEDINGENIERIA.COM.MX,CINCO DE MAYO,83010
24,01 Dictamen IFS,no,INFINITUM ESPACIOS HABITACIONALES SA DE CV,1,11-30,Construcción,Edificación de vivienda unifamiliar,GODOYGILEDGAR@GMAIL.COM,no,,,SANTA FE,
24,01 Dictamen IFS,no,ELECTRICA DEL COBRE SA DE CV,1,11-30,Construcción,Instalaciones eléctricas en construcciones,INGELECTRICADELCOBRE@HOTMAIL.COM,no,,WWW.ELCTRICADDRDELCOBRE.COM,SAN BENITO,83190
24,01 Dictamen IFS,no,INSTALACIONES Y ESTRUCTURAS METALICAS SA,1,11-30,Construcción,"Edificación de inmuebles comerciales y de servicios, excepto la superv",IEMSA84@HOTMAIL.COM,no,,,PIMENTEL,
24,01 Dictamen IFS,no,INTELIN SA DE CV,1,11-30,Construcción,Edificación de vivienda unifamiliar,NEGRIX79@GMAIL.COM,no,,,CENTRO,
24,01 Dictamen IFS,no,JARSON CONSTRUCCIONES SA DE CV,1,11-30,Construcción,"Edificación de inmuebles comerciales y de servicios, excepto la superv",JMJARA@JARSON.COM.MX,no,,,VALLE ESCONDIDO,
24,01 Dictamen IFS,no,JJD INGENIEROS SA DE CV,1,11-30,Construcción,"Construcción de carreteras, puentes y similares",JJDINGENIEROS@PRODIGY.NET.MX,no,,,SAN BENITO,83190
24,01 Dictamen IFS,no,KENOR INGENIERIA SA DE CV,1,11-30,Construcción,Colocación de pisos cerámicos y azulejos,ENIRIEGA@KEINOR.COM.MX,no,,WWW.KEINOR.COM.MX,LA MANGA,83220
24,01 Dictamen IFS,no,LD OBRAS Y PROYECTOS SA DE CV,1,11-30,Construcción,"Construcción de carreteras, puentes y similares",LDOBRASPROYECTOS@GMAIL.COM,no,,,SAHUARO,83178
24,01 Dictamen IFS,no,MARPECA SA DE CV,1,11-30,Construcción,"Edificación de naves y plantas industriales, excepto la supervisión",MARPECA@PRODIGY.NET.MX,no,,,BALDERRAMA,
24,01 Dictamen IFS,no,MEDICIONES ADMINISTRACION Y SOUCIONES ELECTRICAS SA DE CV,1,11-30,Construcción,Instalaciones eléctricas en construcciones,FACTURACION@MEDITO.COM,no,,,VILLA SATELITE,83200
24,01 Dictamen IFS,no,MONTAJES Y TENDIDOS DE POTENCIA  SA DE CV,1,11-30,Construcción,Construcción de obras de generación y conducción de energía eléctrica,ENAROS@HOTMAIL.COM,no,,,PROGRESISTA,83120
24,01 Dictamen IFS,no,MARIA DE LOURDES MARTINEZ GUDIÑO S DE RL DE CV,1,11-30,Construcción,Instalaciones eléctricas en construcciones,INFO@NEXISTECHNOLOGY.COM.MX,no,,WWW.NEXISTECHNOLOGY.COM,SABINOS,83146
24,01 Dictamen IFS,no,OMAR THANIA CONSTRUCTORES SA DE CV,1,11-30,Construcción,"Edificación de inmuebles comerciales y de servicios, excepto la superv",OTHASON54@GMAIL.COM,no,,,CENTRO,
24,01 Dictamen IFS,no,OSOLEC SA DE CV,1,11-30,Construcción,Instalaciones eléctricas en construcciones,ADMINISTRACION@OSELEC.COM,no,,WWW.OSELEC.COM,CINCO DE MAYO,83010
24,01 Dictamen IFS,no,PAFO CONSTRUCTORES SA DE CV,1,11-30,Construcción,Edificación de vivienda unifamiliar,221PROYECTOS@GMAIL.COM,no,,,REAL DE QUIROGA,
24,01 Dictamen IFS,no,PERSANOR SA DE CV,1,11-30,Construcción,"Construcción de obras para el tratamiento, distribución y suministro d",PERSANOR@YAHOO.COM,no,,,CONSTITUCION,
24,01 Dictamen IFS,no,PISOS INDUSTRIALES NORTPACIFIC SA DE CV,1,11-30,Construcción,"Edificación de naves y plantas industriales, excepto la supervisión",GRUPOINDUS@GMAIL.COM,no,,,VILLA DE SERIS,83280
24,01 Dictamen IFS,no,POZOS DINAMICOS SA DE CV,1,11-30,Construcción,"Construcción de obras para el tratamiento, distribución y suministro d",POZOSDINAMICOS@GMAIL.COM,no,,WWW.POZOSDINAMICOS.COM.MX,LA MANGA,83220
24,01 Dictamen IFS,no,PROYECTOS DE TELECOM MOVILES SA DE CV,1,11-30,Construcción,Construcción de obras para telecomunicaciones,BRENDACASTRO@PTM-MEXICO.COM,no,,,BALDERRAMA,
24,01 Dictamen IFS,no,RAYDA CONSTRUCTORES SA DE CV,1,11-30,Construcción,"Edificación de inmuebles comerciales y de servicios, excepto la superv",RAYDA@RAYDA.COM.MX,no,,,5 DE MAYO,
24,01 Dictamen IFS,no,REMOGAL TECNOLOGIA INTEGRAL ENERGETICA SA DE CV,1,11-30,Construcción,Instalaciones eléctricas en construcciones,INFO@REMOGAL.COM,no,,WWW.REMOGAL.COM,SAN BENITO,83190
24,01 Dictamen IFS,no,RL INFRAESTRUCTURA SA DE CV,1,11-30,Construcción,"Edificación de inmuebles comerciales y de servicios, excepto la superv",YAXAHIRA.MARQUEZ@RLINFRAESTRUCTURA.COM.MX,sí,,,FUENTES DEL CENTENARIO,
24,01 Dictamen IFS,no,RN6 CONSTRUCCIONES E INSTALACIONES S DE RL DE CV,1,11-30,Construcción,Instalaciones eléctricas en construcciones,FACTURACION@RN6CONSTRCCIONES.COM,no,,,PARQUE INDUSTRIAL,83297
24,01 Dictamen IFS,no,RUVERSA SA DE CV,1,11-30,Construcción,"Construcción de carreteras, puentes y similares",RUVERSA@HOTMAIL.COM,no,,,SAN ANGEL,
24,01 Dictamen IFS,no,SANTA ROSA CONSTRUCCIONES SA DE CV,1,11-30,Construcción,Otros trabajos especializados para la construcción,SANTAROSAC@GMAIL.COM,no,,,PRADOS DEL SOL,83246
24,01 Dictamen IFS,no,SERVICIO DE INGENIERIA CONSTRUCCION Y ESTRUCTURA SA DE CV,1,11-30,Construcción,Montaje de estructuras de acero prefabricadas,LOPEZFELIXM@GMAIL.COM,no,,,MODELO,83190
24,01 Dictamen IFS,no,SIT COMUNICACIONES SA DE CV,1,11-30,Construcción,"Construcción de obras para el tratamiento, distribución y suministro d",SITHERMOSILLO@GMAIL.COM,no,,,PASEO DEL SOL,83246
24,01 Dictamen IFS,no,SMD PROYECTOS DE INGENIERIA SA DE CV,1,11-30,Construcción,"Edificación de inmuebles comerciales y de servicios, excepto la superv",SMDPROYECTOSING@GMAIL.COM,no,,,LOMAS PITIC,
24,01 Dictamen IFS,no,TECNO DESARROLLOS SA DE CV,1,11-30,Construcción,"Edificación de inmuebles comerciales y de servicios, excepto la superv",J.MILLANES@TEDES.MX,sí,,,PIMENTEL,83188
24,01 Dictamen IFS,no,TELTRON  SA DE CV,1,11-30,Construcción,Construcción de obras de generación y conducción de energía eléctrica,ALVARO.VILLEGAS@TELTRON.COM.MX,sí,,WWW.TELTRON.COM.MX,HACIENDA DE LA FLOR,83040
24,01 Dictamen IFS,no,"TEPAC TERRACERIAS, PAVIMENTACION Y CONSTRUCCION SA DE CV  SC DE RL DE CV",1,11-30,Construcción,"Edificación de inmuebles comerciales y de servicios, excepto la superv",TEPACSADECV@GMAIL.COM,no,,,RESIDENCIAL DE ANZA,83248
24,01 Dictamen IFS,no,TERRACERIAS Y CONSTRUCCIONES OPOSON SA DE CV,1,11-30,Construcción,"Construcción de carreteras, puentes y similares",M.NORIEGA@TECOSA.COM.MX,sí,,,EL CENTENARIO,
24,01 Dictamen IFS,no,TITAN SA DE CV,1,11-30,Construcción,"Edificación de inmuebles comerciales y de servicios, excepto la superv",TITANPROYECTOS@HOTMAIL.COM,no,,,OLIVARES,83180
24,01 Dictamen IFS,no,VICOMING SA DE CV,1,11-30,Construcción,"Edificación de inmuebles comerciales y de servicios, excepto la superv",ADMINISTRACION@VICOMING.MX,no,,WWW.VICOMING.MX,SAN LUIS,83160
24,01 Dictamen IFS,no,VIGA PROYECTOS E INGENIERIA SC DE RL DE CV,1,11-30,Construcción,"Edificación de inmuebles comerciales y de servicios, excepto la superv",COMPRAS.VIGA@GMAIL.COM,sí,,,LOMA LINDA,83150
24,01 Dictamen IFS,no,WYETREE MX SAPI DE CV,1,11-30,Construcción,Supervisión de construcción de obras para petróleo y gas,OFICINA@WYETREE.COM,no,,WWW.WYETREE.COM,CENTENARIO,
24,01 Dictamen IFS,no,XXI CONSTRUCCIONES SA DE CV,1,11-30,Construcción,Construcción de obras de urbanización,CONTABILIDAD@XXICONSTRUCCIONES.COM,no,,,LOS ARCOS,83250
24,01 Dictamen IFS,no,SUQIEE REPOSTERIA FINA SA DE CV,1,11-30,Manufactura,Panificación tradicional,DULCEBEJARANO@SUQIEE.COM.MX,no,,WWW.SUQIEE.COM.MX,SAHUARO,83170
24,01 Dictamen IFS,no,LUIS LAGATA RAMOS SC DE RL,1,11-30,Manufactura,Panificación tradicional,PEPITORIAS_CHUYITAS@HOTMAIL.COM,sí,,,AV ANGEL GARCIA ABUERTO,83136
24,01 Dictamen IFS,no,FABRICA DE ALIMENTOS KRIS SA DE CV,1,11-30,Manufactura,Elaboración de botanas,OTAPIA@GRUPOSAGO.COM,no,,WWW.KRIS.MX,SAN BENITO,
24,01 Dictamen IFS,no,GLA GEOMEMBRANAS Y LONAS DE ACONCHI SC DE RL DE CV,1,11-30,Manufactura,Confección de productos de textiles recubiertos y de materiales sucedá,GLA_VENTAS@HOTMAIL.COM,sí,,WWW.GLA.COM.MX,SAN PEDRO EL SAUCITO,83305
24,01 Dictamen IFS,no,HIELERA Y REFRIGERADORA SA DE CV,1,11-30,Manufactura,Elaboración de hielo,BUZONHYRSA@GRUPOLAFAMA.COM,no,,,LA METALERA,83029
24,01 Dictamen IFS,no,JARUSO IMPO SA DE CV,1,11-30,Manufactura,"Preparación de embutidos y otras conservas de carne de ganado, aves y ",JARUSOADMON@GMAIL.COM,no,,,CHULA VISTA,83296
24,01 Dictamen IFS,no,JAV MINERALES Y NUTRIENTES SA DE CV,1,11-30,Manufactura,Elaboración de alimentos para animales,JAV.VENTAS@GMAIL.COM,sí,,,LA VICTORIA,83304
24,01 Dictamen IFS,no,LUZARANI DESINGS SA DE CV,1,11-30,Manufactura,"Elaboración de dulces, chicles y productos de confitería que no sean d",VENTAS3@PURORANCHO.COM,no,,WWW.PURORANCHO.COM,PARQUE INDUSTRIAL HERMOSILLO,83299
24,01 Dictamen IFS,no,MEXI FOOD SA DE CV,1,11-30,Manufactura,Preparación y envasado de pescados y mariscos,CONTRALORIA@FOODCO.COM,no,,,HERMOSILLO,83297
24,01 Dictamen IFS,no,NUTRIONIX SA DE CV,1,11-30,Manufactura,Elaboración de alimentos para animales,LORENIA.ORANTES@NUTRIONIX.NET,sí,,,PARQUE INDUSTRIAL,83299
24,01 Dictamen IFS,no,SALOME PASTELERIA SA DE CV,1,11-30,Manufactura,Panificación tradicional,SALOMEPASTELERIA@HOTMAIL.COM,no,,,SAN BENITO,83190
24,01 Dictamen IFS,no,TOROFINO  SA DE CV,1,11-30,Manufactura,"Preparación de embutidos y otras conservas de carne de ganado, aves y ",CONTACTO@ITOROFINO.COM.MX,no,,,RAQUET CLUB,83200
24,01 Dictamen IFS,no,ALEN DEL NORTE SA DE CV,1,11-30,Manufactura,"Fabricación de jabones, limpiadores y dentífricos",MARIA.VILLALOBOS@ALEN.COM.MX,sí,,WWW.GRUPOALEN.COM,FUENTES DEL MEZQUITAL,83270
24,01 Dictamen IFS,no,BIOMA FORMULACIONES SA DE CV,1,11-30,Manufactura,Fabricación de fertilizantes,FERNANDA.MENDEZ@MOLINAGRUP.COM,sí,,,SAN BENITO,83190
24,01 Dictamen IFS,no,ERGON ASFALTOS MEXICO S DE RL DE CV,1,11-30,Manufactura,Fabricación de productos de asfalto,DACIA.MARTINEZ@ERGON.COM,sí,,,DE HERMOSILLO,
24,01 Dictamen IFS,no,ETICENTRO DE SONORA SA DE CV,1,11-30,Manufactura,Impresión de formas continuas y otros impresos,ETICENTRO@HOTMAIL.COM,no,,,LOMA LINDA,83150
24,01 Dictamen IFS,no,GRUPO MINERO PLASTIEMPAC SA DE CV,1,11-30,Manufactura,Fabricación de envases y contenedores de plástico para embalaje con y ,COBRANZA@PROVEMIIN.COM,no,,WWW.GRUPOMINEROPLASTIRMPAC.COM,SAN BENITO,83190
24,01 Dictamen IFS,no,GRUPO GRAFICO MORAZ SA DE CV,1,11-30,Manufactura,Impresión de formas continuas y otros impresos,VENTAS@IMPRESOSRM.COM,no,,WWW.IMPRESOSRM.COM,SAN BENITO,83190
24,01 Dictamen IFS,no,INDUSTRIA QUIMICA DEL ISTMO SA DE CV,1,11-30,Manufactura,Fabricación de otros productos químicos básicos inorgánicos,ISAA.FONG@CYDSA.COM.MX,sí,,WWW.INDUSTRIAQUIMICADELISTMO.COM.MX,PARQUE INDUSTRIAL HERMOSILLO,
24,01 Dictamen IFS,no,INDUSTRIAS DE MATERIALES PARA LA CONSTRUCCION   SA DE CV,1,11-30,Manufactura,Fabricación de pinturas y recubrimientos,I736406.LA@GMAIL.COM,no,,WWW.PRODUCTOSMF.COM,PARQUE INDUSTRIAL,83299
24,01 Dictamen IFS,no,CONCRETOS APASCO SA DE CV,1,11-30,Manufactura,Fabricación de concreto,ERIKA.GONZALEZR@HOLCIM.COM,sí,,WWW.HOLCIM.COM,PROLONGACION LA MANGA,83220
24,01 Dictamen IFS,no,LABOPRINTEC DIGITAL SA DE CV,1,11-30,Manufactura,Impresión de formas continuas y otros impresos,CONTABILIDAD@MYTONER.COM.MX,no,,WWW.PRINTHOR.COM.MX,OLIVARES,83180
24,01 Dictamen IFS,no,PROMOTORA AMBIENTAL SERVICIOS SA DE CV,1,11-30,Manufactura,"Fabricación de jabones, limpiadores y dentífricos",CONTACTO@SOMOSLINT.COM,no,,WWW.SOMOSLINT.COM,QUINTA EMILIA,83214
24,01 Dictamen IFS,no,METAL SOMBRA Y LONA SAPI DE CV,1,11-30,Manufactura,Fabricación de otros productos de plástico sin reforzamiento,CONTACTO@PROMESHA.COM,no,,WWW.PROMESHA.COM,SAN BENITO,83190
24,01 Dictamen IFS,no,MOLYMEX SA DE CV,1,11-30,Manufactura,Fabricación de otros productos químicos básicos inorgánicos,HUMBERTO.MOLINA@MOLYMEX.COM.MX,sí,,WWW.MOLYMEX.COM.MX,METROCENTRO,83250
24,01 Dictamen IFS,no,PACIFIC PAPER ECO LINE SA DE CV,1,11-30,Manufactura,Fabricación de pañales desechables y productos sanitarios,YUNETGLEZ@PACIFICPAPER.COM.MX,no,,WWW.PACIFICPAPER.COM.MX,PARQUE INDUSTRIAL,83299
24,01 Dictamen IFS,no,PALETS EMPAQUES Y EMBALAJES SA DE CV,1,11-30,Manufactura,Fabricación de productos para embalaje y envases de madera,E.CARBAJAL@PSAP.COM.MX,sí,,,PARQUE INDUSTRIAL HERMOSILLO,
24,01 Dictamen IFS,no,PINTURAS BEREL SA DE CV,1,11-30,Manufactura,Fabricación de pinturas y recubrimientos,RRAMOS@BEREL.COM.MX,no,,WWW.BEREL.COM.MX,NUEVA ESTACION,83000
24,01 Dictamen IFS,no,PPG INDUSTRIES DE MEXICO SA DE CV,1,11-30,Manufactura,Fabricación de pinturas y recubrimientos,RMORENO@PPG.COM,no,,WWW.PPG.COM,PARQUE INDUSTRIAL,83299
24,01 Dictamen IFS,no,PRECONCRETO ASOCIACION DE CONSTRUCTORES SA DE CV,1,11-30,Manufactura,Fabricación de concreto,CONCRETOHERMISILLO@HOTMAIL.COM,no,,,PARQUE INDUSTRIAL,83299
24,01 Dictamen IFS,no,PROMOCIONALES DE SONORA SA DE CV,1,11-30,Manufactura,Impresión de formas continuas y otros impresos,VENTAS@MACDISTRIBUCION.COM,no,,MACDISTRIBUCION.COM,SAN BENITO,83190
24,01 Dictamen IFS,no,PREFABRICADO DE CONCRETO PYPCO SA,1,11-30,Manufactura,Fabricación de otros productos de cemento y concreto,VENTAS.HERMOSILLO@PYPCO.COM.MX,sí,,,LA VICTORIA,83304
24,01 Dictamen IFS,no,RENOVADO ALTA TECNOLOGIA SA DE CV,1,11-30,Manufactura,Revitalización de llantas,GERENCIA@RENATEC.COM.MX,no,,,LAS AMAPOLAS,83020
24,01 Dictamen IFS,no,SONOGRAPH SA,1,11-30,Manufactura,Impresión de formas continuas y otros impresos,INFO@SONOGRAPH.COM.MX,no,,WWW.SONOGRAPH.COM.MX,LOMAS ALTAS,
24,01 Dictamen IFS,no,TERRAMOSA  SA DE CV,1,11-30,Manufactura,Fabricación de productos a base de piedras de cantera,TERRAMOSA.MATRIZ@GMAIL.COM,sí,,,ZONA INDUSTRIAL,83117
24,01 Dictamen IFS,no,UPLASTIC UP SA DE CV,1,11-30,Manufactura,Fabricación de bolsas y películas de plástico flexible,FACTURACION@UPLASTIC.COM.MX,no,,,UNION DE LADRILLEROS,83179
24,01 Dictamen IFS,no,ACEM METALES Y ACEROS ESPECIALES DE MEXICO SA DE CV,1,11-30,Manufactura,Fabricación de estructuras metálicas,FERNANDA.MENDEZ@MOLINAGRUP.COM,sí,,,SAN BENITO,83190
24,01 Dictamen IFS,no,VTA SOLUTIONS SA DE CV,1,11-30,Manufactura,Fabricación de productos de herrería,JALDRETE@DASVENT.COM,no,,WWW.DASVENT.COM,OLIVARES,83180
24,01 Dictamen IFS,no,DELPASE SA DE CV,1,11-30,Manufactura,"Fabricación de equipo no electrónico para uso médico, dental y para la",FACTURAS.DENTALARTS@HOTMAIL.COM,sí,,WWW.DENTALARTSMEXICO.COM,LOMA LINDA,83150
24,01 Dictamen IFS,no,ESPECIALISTAS EN ESTRUCTURAS Y SERVICIOS TECNICOS SA DE CV,1,11-30,Manufactura,Fabricación de estructuras metálicas,ESTRUCTURASYSERVICIOS@OUTLOOK.COM,no,,,LA VICTORIA,83304
24,01 Dictamen IFS,no,NEON AA A SA DE CV,1,11-30,Manufactura,Fabricación de anuncios y señalamientos,TERESITA@NEONAAA.COM,no,,WWW.NEONAAA.COM,ALVARO OBREGON,
24,01 Dictamen IFS,no,BIO-SISTEMAS SEGURIDAD PRIVADA SA DE CV,1,11-30,Manufactura,Otras industrias manufactureras,BIOSISTEMASCONTABILIDAD@GMAIL.COM,no,,,PARQUE INDUSTRIAL,83299
24,01 Dictamen IFS,no,HM SISTEMAS DE ENERGIA SA DE CV,1,11-30,Manufactura,Fabricación de motores y generadores eléctricos,HEYDIRIESGO@HMSISTEMAS.COM,no,,WWW.HMSISTEMAS.COM,OLIVARES,83180
24,01 Dictamen IFS,no,INDUSTRIAL COM SA DE CV,1,11-30,Manufactura,Fabricación de maquinaria y equipo para levantar y trasladar,MCONTRERAS@INDUSTRIALCOM.COM.MX,no,,WWW.INDUSTRIALCOM.COM.MX,PARQUE INDUSTRIAL,83297
24,01 Dictamen IFS,no,KALE FANS AMERICA,1,11-30,Manufactura,Fabricación de equipo de aire acondicionado y calefacción,CONTABILIDAD@KALEFANSAMERICA.COM,no,,,EL LLANO,83210
24,01 Dictamen IFS,no,MATEO GOODS FABRICA DE SONORA SA DE CV,1,11-30,Manufactura,Fabricación de muebles de oficina y estantería,AARON@MACIZO.COM.MX,no,,WWW.MACIZO.MX,PARQUE INDUSTRIAL,83299
24,01 Dictamen IFS,no,TALLER DE TORNO GR SA DE CV,1,11-30,Manufactura,Maquinado de piezas metálicas para maquinaria y equipo en general,MAQUINADOSGR@GMAIL.COM,no,,MAQUINADOSGR.COM,LUIS ENCINAS,83138
24,01 Dictamen IFS,no,MARCA RESIDENCIALES SC DE RL DE CV,1,11-30,Manufactura,Fabricación de cocinas integrales y muebles modulares de baño,INFO@TALLERMARCA.COM,no,,,VILLA SATELITE,83200
24,01 Dictamen IFS,no,MAZARINO COCINAS SA DE CV,1,11-30,Manufactura,Fabricación de cocinas integrales y muebles modulares de baño,VENTAS@MAZARINO.MX,no,,WWW.MAZARINO.MX,CENTRO,83000
24,01 Dictamen IFS,no,MIDITEC SA DE CV,1,11-30,Manufactura,Fabricación de muebles de oficina y estantería,MGGH@MIDITEC.COM.MX,no,,WWW.MIDITEC.COM.MX,PARQUE INDUSTRIAL,83299
24,01 Dictamen IFS,no,ESPIRODUCTO DE MEXICO EDM SA DE CV,1,11-30,Manufactura,Fabricación de productos de herrería,MRAMIREZ@GRUPOINDUSTRIALSERSA.COM,no,,,SAN BENITO,83190
24,01 Dictamen IFS,no,SIMA & AUT SA DE CV,1,11-30,Manufactura,Maquinado de piezas metálicas para maquinaria y equipo en general,SIMA.FRACTURAS1@GMAIL.COM,no,,,PARQUE INDUSTRIAL,83299
24,01 Dictamen IFS,no,DISTRIBUCIONES ERG DE MEXICO S DE RL DE CV,1,11-30,Manufactura,Fabricación de productos de herrería,VENTAS@VENTUSMEXICO.COM,no,,WWW.VENTUSMEXICO.COM,NUEVA ESTACION,83020
24,01 Dictamen IFS,no,AGRIGA DE MEXICO SA DE CV,1,11-30,Comercio mayoreo,Comercio al por mayor de medicamentos veterinarios y alimentos para an,VENTAS@AGRIGA.COM.MX,no,,WWW.AGRIGA.COM.MX,NUEVA ESTACION,83020
24,01 Dictamen IFS,no,AGROFORX SA DE CV,1,11-30,Comercio mayoreo,"Comercio al por mayor de fertilizantes, plaguicidas y semillas para si",AGROFORX@GMAIL.COM,no,,WWW.AGROFORX.MX,SAN BENITO,83190
24,01 Dictamen IFS,no,AGROPECUARIA DASA SA DE CV,1,11-30,Comercio mayoreo,Comercio al por mayor de medicamentos veterinarios y alimentos para an,CONTABILIDAD@DASAVET.COM,no,,,SAN BENITO,
24,01 Dictamen IFS,no,AGROQUIMICOS Y BIOLOGICOS SA,1,11-30,Comercio mayoreo,"Comercio al por mayor de fertilizantes, plaguicidas y semillas para si",AGROBIOLOGICOS@PRODIGY.NET.MX,no,,,LA MANGA,
24,01 Dictamen IFS,no,ALUMINIOS DEL PACIFICO SA DE CV,1,11-30,Comercio mayoreo,Comercio al por mayor de materiales metálicos para la construcción y l,ALUPACSA_CONTABILIDAD@HOTMAIL.COM,sí,,,EL CHOYAL,
24,01 Dictamen IFS,no,APPLIED MEXICO SA DE CV,1,11-30,Comercio mayoreo,Comercio al por mayor de otras materias primas para otras industrias,DMALDONADO@APPLIED.COM.MX,no,,WWW.APPLIED.COM.MX,SAN BENITO,83190
24,01 Dictamen IFS,no,BADESA DEL NOROESTE SA DE CV,1,11-30,Comercio mayoreo,Comercio al por mayor de equipo y material eléctrico,VENTAS.SONORA@BADESA.COM.MX,sí,,GRUPOBADESA.COM,PIMENTEL,83188
24,01 Dictamen IFS,no,BALATAS Y REFACCIONES MM SA DE CV,1,11-30,Comercio mayoreo,"Comercio al por mayor de partes y refacciones nuevas para automóviles,",BALATASMMCONTABILIDAD@GMAIL.COM,no,,,SAN BENITO,83190
24,01 Dictamen IFS,no,BARDAHL DE MEXICO SA DE CV,1,11-30,Comercio mayoreo,Comercio al por mayor de combustibles de uso industrial,JOSE.GONZALEZ@BARDAHL.COM.MX,sí,,WWW.BARDAHL.COM.MX,EL LLANO,83210
24,01 Dictamen IFS,no,BARMEX SA DE CV,1,11-30,Comercio mayoreo,Comercio al por mayor de maquinaria y equipo para la industria manufac,ROBERTO.SANCHEZMARTINEZ@BARMEX.COM.MX,sí,,WWW.BARMEX.COM.MX,JESUS GARCIA,
24,01 Dictamen IFS,no,BINASA HERMOSILLO SC,1,11-30,Comercio mayoreo,"Comercio al por mayor de maquinaria y equipo agropecuario, forestal y ",C.COMPRAS@BINASAHILLO.COM.MX,sí,,,PARQUE INDUSTRIAL,83297
24,01 Dictamen IFS,no,EBSA ELECTRICA SA DE CV,1,11-30,Comercio mayoreo,Comercio al por mayor de equipo y material eléctrico,EBSA@EBSAELECTRICA.COM,no,,,ALTOS DE ARAGON,83104
24,01 Dictamen IFS,no,DISONORA SA DE CV,1,11-30,Comercio mayoreo,Comercio al por mayor de conservas alimenticias,DISONORA@TELMEXMAIL.COM,no,,WWW.LACOSTENA.COM,PIMENTEL,83188
24,01 Dictamen IFS,no,CADECO SA DE CV,1,11-30,Comercio mayoreo,Comercio al por mayor de maquinaria y equipo para la industria manufac,VENTASNET@CADEO.COM.MX,no,,WWW.CADECO.COM.MX,QUINTA EMILIA,
24,01 Dictamen IFS,no,MIGUEL ANGEL MARTINEZ FLORES,1,11-30,Comercio mayoreo,Comercio al por mayor de carnes rojas,CONTABILIDAD@DELTRONCONAL.COM,no,,,CAMINO REAL,83178
24,01 Dictamen IFS,no,CARSALAB SA DE CV,1,11-30,Comercio mayoreo,"Comercio al por mayor de mobiliario, equipo e instrumental médico y de",JOAQUIN.FONTES@CARSALAB.COM,sí,,WWW.CARSALAB.COM,URBI VILLA DEL PRADO,
24,01 Dictamen IFS,no,CASCO PRODUCE SA DE CV SA,1,11-30,Comercio mayoreo,Comercio al por mayor de frutas y verduras frescas,FACTURAS@CASCOPRODUCE.COM,no,,WWW.CASCOPRODUCE.COM,CAMPANARIO,83249
24,01 Dictamen IFS,no,TENEDOR A APACHE SAPI DE CV,1,11-30,Comercio mayoreo,"Comercio al por mayor de cemento, tabique y grava",INFO@CEMENTOAPACHE.COM,no,,,EL LLANO,83210
24,01 Dictamen IFS,no,CERCOS PARA LA CONSTRUCCION SA DE CV,1,11-30,Comercio mayoreo,"Comercio al por mayor de cemento, tabique y grava",CERCONSA@HOTMAIL.COM,no,,WWW.CERCONSANET,SAN LUIS,83160
24,01 Dictamen IFS,no,NRW CHEMIE MEXICANA SA,1,11-30,Comercio mayoreo,Comercio al por mayor de productos químicos para la industria farmacéu,B.MONTOYA@NRWCHEMIE.COM.MX,sí,,WWW.CHEMIEMEXICANA.COM,PARQUE INDUSTRIAL,
24,01 Dictamen IFS,no,COEL SA DE CV,1,11-30,Comercio mayoreo,Comercio al por mayor de equipo y material eléctrico,GERARDOH@COELHERMOSILLO.COM,no,,WWW.COELVICTORIA.COM.MX,RAQUET CLUB,83200
24,01 Dictamen IFS,no,COMERCIAL ALBURA SA DE CV,1,11-30,Comercio mayoreo,Comercio al por mayor de huevo,CONTABILIDAD@COMERCIALALBURA.COM,no,,,LIBERTAD,
24,01 Dictamen IFS,no,PROGRA SA DE CV,1,11-30,Comercio mayoreo,Comercio al por mayor de medicamentos veterinarios y alimentos para an,PROGRASAS@HOTMAIL.COM,no,,,QUINTA EMILIA,83214
24,01 Dictamen IFS,no,FABRICAS DE CALZADO ANDREA  SA DE CV,1,11-30,Comercio mayoreo,Comercio al por mayor de calzado,BUZONFISCAL@ANDREA.COM,no,,MX.ANDREA.COM,CENTRO,83000
24,01 Dictamen IFS,no,COMERCIALIZADORA EL ORO SA,1,11-30,Comercio mayoreo,Comercio al por mayor de bebidas no alcohólicas y hielo,JCMONROY@JUMEX.COM.MX,no,,WWW.JUMEX.COM.MX,EL CHAPARRAL,
24,01 Dictamen IFS,no,COMERCIALIZADORA MOSKI SA DE CV,1,11-30,Comercio mayoreo,Comercio al por mayor de abarrotes,MOSKISADECV@HOTMAIL.COM,no,,,EL RANCHITO,83050
24,01 Dictamen IFS,no,COMERCIALIZADORA Y RECUBRIMIENTOS DEL NORTE SA DE CV,1,11-30,Comercio mayoreo,Comercio al por mayor de pintura,INFO@CNRCOMERCIALIZADORQ.COM,no,,,SAN BENITO,83190
24,01 Dictamen IFS,no,COMPAÑIA SALINERA ALCATRAZ SA DE CV,1,11-30,Comercio mayoreo,"Comercio al por mayor de semillas y granos alimenticios, especias y ch",ARSENIO1@HOTMAIL.COM,no,,,CONSTITUCION,83150
24,01 Dictamen IFS,no,VERITIV SA DE CV,1,11-30,Comercio mayoreo,"Comercio al por mayor de envases en general, papel y cartón para la in",MOISES.PEREZ@VERITIVCORP.COM,sí,,,VISTA BELLA,83174
24,01 Dictamen IFS,no,COINSAMATIK SA DE CV,1,11-30,Comercio mayoreo,Comercio al por mayor de otra maquinaria y equipo de uso general,VENTAS@COINSA-MATIK.COM,no,,WWW.COINSA-MATIK.COM.MX,DEL RAZO,83070
24,01 Dictamen IFS,no,CONDUMEX SA DE CV,1,11-30,Comercio mayoreo,Comercio al por mayor de equipo y material eléctrico,CMENDOZA@CONDUMEX.COM.MX,no,,WWW.CONDUMEX,EL LLANO,
24,01 Dictamen IFS,no,CONSTRUMAC,1,11-30,Comercio mayoreo,Comercio al por mayor de maquinaria y equipo para la construcción y la,ATENSIONACLIENTE@CONSTRUMAC.COM.MX,no,,WWW.CONSTRUMAC.COM.MX,VILLA DE SERIS,83280
24,01 Dictamen IFS,no,COMERCIAL RECICLADORA SA DE CV,1,11-30,Comercio mayoreo,Comercio al por mayor de desechos de papel y de cartón,FABIAN.VILLARREAL@COPAMEX.COM,sí,,,PRIVADAS DELBOSQUE,83117
24,01 Dictamen IFS,no,CORPORATIVO FOPA SA DE CV,1,11-30,Comercio mayoreo,Comercio al por mayor de bebidas no alcohólicas y hielo,CONTADORGENERAL@JAZTEA.COM.MX,no,,,OLIVARES,
24,01 Dictamen IFS,no,INGENIERIA E INSTALACIONES CDC SA DE CV,1,11-30,Comercio mayoreo,Comercio al por mayor de equipo y material eléctrico,NORMA@DELAREE.COM,no,,,FERRETERIA,83013
24,01 Dictamen IFS,no,DISTRIBUIDORA DE ACEROS LAMINADO SA DE CV,1,11-30,Comercio mayoreo,Comercio al por mayor de materiales metálicos para la construcción y l,GERENCIAHMO@DLSA.MX,no,,WWW.DALSA.MX,SAN ISIDRO,83174
24,01 Dictamen IFS,no,DCO SUPPLY SA DE CV,1,11-30,Comercio mayoreo,Comercio al por mayor de maquinaria y equipo para la construcción y la,CONTABILIDAD@DCOSUPPLY.COM,no,,WWW.DCOSUPPLY.COM,CASA BLANCA,83079
24,01 Dictamen IFS,no,DECSSON WELDING SA DE CV,1,11-30,Comercio mayoreo,Comercio al por mayor de otra maquinaria y equipo de uso general,RECEPCION@DECSSONWELDING.COM.MX,no,,WWW.DECSSONWELDING.COM,PIMENTEL,83188
24,01 Dictamen IFS,no,DESARROLLO EN EMPAQUES E INSUMOS INDUSTRIALES DEMINSA SA DE CV,1,11-30,Comercio mayoreo,"Comercio al por mayor de envases en general, papel y cartón para la in",CONTROL@DEMINSA.COM.MX,no,,WWW.DEMINSA.COM.MX,PARQUE INDUSTRIAL,83299
24,01 Dictamen IFS,no,DIEBOLD NIXDORF DE MEXICO SA DE CV,1,11-30,Comercio mayoreo,Comercio al por mayor de maquinaria y equipo para otros servicios y pa,ERIK.FLORES@DIEBOLDNIXDORF.COM,sí,,WWW.DIEBOLDNIXDORF.COM,LAS QUINTAS,83240
24,01 Dictamen IFS,no,DIFARMER SA DE CV,1,11-30,Comercio mayoreo,Comercio al por mayor de productos farmacéuticos,ADMINISTRACION@DIFARMER.COM,no,,,SAN BENITO,83190
24,01 Dictamen IFS,no,DANAMICA INDUSTRIAL DEL NOROESTE SA DE CV,1,11-30,Comercio mayoreo,Comercio al por mayor de otra maquinaria y equipo de uso general,HOLA@DINAMICAINDUSTRIAL.COM,no,,WWW.DINAMICAINDUSTRIAL.COM,SAN BENITO,83190
24,01 Dictamen IFS,no,DISLAB SA DE CV,1,11-30,Comercio mayoreo,"Comercio al por mayor de mobiliario, equipo e instrumental médico y de",ADMINISTRACION@DISTLAB.COM.MX,no,,,COLEGIO MILITAR AEROPUERTO,83220
24,01 Dictamen IFS,no,DISTRIBUCIONES BAYLISS SA DE CV,1,11-30,Comercio mayoreo,Comercio al por mayor de abarrotes,CSANCHEZ@DISBAY.MX,no,,WWW.DISBAY.MX,4 DE MARZO,83105
24,01 Dictamen IFS,no,DISTRIBUCIONES SANTA CRUZ SA DE CV,1,11-30,Comercio mayoreo,Comercio al por mayor de dulces y materias primas para repostería,CONTADOR@DISTRIBUCIONESSANTACRUZ.COM,no,,WWW.DISTRIBUCIONESSANTACRUZ.COM,EL LLANO,
24,01 Dictamen IFS,no,DISTRIBUIDORA CASTRO S SA DE CV,1,11-30,Comercio mayoreo,Comercio al por mayor de juguetes y bicicletas,DISTRIBUIDORACASTROS@HOTMAIL.COM,no,,,PIMENTEL,83188
24,01 Dictamen IFS,no,DISTRIBUIDORA DE BALEROS DEL SURESTE SA DE CV,1,11-30,Comercio mayoreo,Comercio al por mayor de otra maquinaria y equipo de uso general,VENTASHERMOSILLO@DBSMX.COM,no,,WWW.DBSMX.COM,COUNTRY CLUB,
24,01 Dictamen IFS,no,DISTRIBUIDORA DE BEBIDAS DE SONORA SA,1,11-30,Comercio mayoreo,Comercio al por mayor de vinos y licores,DIBESON@HOTMAIL.COM,no,,,AMAPOLAS,83029
24,01 Dictamen IFS,no,DISTRIBUIDORA DE CABLES DEL NOROESTE SA DE CV,1,11-30,Comercio mayoreo,Comercio al por mayor de equipo y material eléctrico,ERIKA.TERANQ@TECNERGY.MX,sí,,WWW.TECNERGY.MX,SAN BENITO,
24,01 Dictamen IFS,no,AMJ EQUIPO INDUSTRIAL SA DE CV,1,11-30,Comercio mayoreo,Comercio al por mayor de otra maquinaria y equipo de uso general,ADMON.AMJ@SVAMEXICO.COM,sí,,WWW.SVQMEXICO.COM,SAHUARO,83170
24,01 Dictamen IFS,no,DISTRUBUCIONES DELPAC SA DE CV,1,11-30,Comercio mayoreo,"Comercio al por mayor de partes y refacciones nuevas para automóviles,",FACTURAS.DELPAC@GMAIL.COM,sí,,,CUARTEL ZONA,83137
24,01 Dictamen IFS,no,DIVISION MAQUINARIA SA DE CV,1,11-30,Comercio mayoreo,Comercio al por mayor de maquinaria y equipo para otros servicios y pa,JORGE.BOLANOS@REPARE.COM.MX,sí,,,SALAMANCA LA VICTORIA,83304
24,01 Dictamen IFS,no,EL SETENTA SA DE CV,1,11-30,Comercio mayoreo,Comercio al por mayor de carnes rojas,ELSETENTA@GMAIL.COM,no,,,BALDERRAMA,
24,01 Dictamen IFS,no,ELECOY SA DE CV,1,11-30,Comercio mayoreo,Comercio al por mayor de equipo y material eléctrico,GRUPOELECOY@OUTLOOK.COM,no,,,BALDERRAMA,83180
24,01 Dictamen IFS,no,DISTRIBUIDORA ELECTRICA DIAZ ARMENTA SA DE CV,1,11-30,Comercio mayoreo,Comercio al por mayor de equipo y material eléctrico,MANUELNEBLINA@ELECTRICADIAZ.COM,no,,WWW.ELECTRICADIAZ.COM.MX,PIMENTEL,83188
24,01 Dictamen IFS,no,ELECTROINSUMOS GMBH SA DE CV,1,11-30,Comercio mayoreo,Comercio al por mayor de equipo y material eléctrico,ADMINISTRACION@ELECTROINSUMOS.COM,no,,WWW.ELECTROINSUMOS.COM,ALVARO OBREGON,83170
24,01 Dictamen IFS,no,ELECTRONICA Y MEDICINA SA,1,11-30,Comercio mayoreo,"Comercio al por mayor de mobiliario, equipo e instrumental médico y de",JGALICIA@EYMSA.COM.MX,no,,WWW.EYMSA.COM,CENTRO,83010
24,01 Dictamen IFS,no,ENERGIA ELECTRICA SA DE CV,1,11-30,Comercio mayoreo,Comercio al por mayor de equipo y material eléctrico,CONTABILIDAD@GRUPODIAZ.COM.MX,no,,WWW.GRUPODIAZ.COM.MX,SAN BENITO,
24,01 Dictamen IFS,no,EQUIPOS Y EXPLOSIVOS DEL NORESTE SA DE CV,1,11-30,Comercio mayoreo,Comercio al por mayor de productos químicos para la industria farmacéu,MOJICA.ABELINA@EYENESA.COM,sí,,EYENESA.COM,ISSSTE FEDERAL,
24,01 Dictamen IFS,no,AEROPUERTOS Y SERVICIOS AUXILIARES,1,11-30,Comercio mayoreo,Comercio al por mayor de combustibles de uso industrial,HMO.JESTACION@ASA.GOB.MX,sí,,WWW.ASA.GOB.MX,AEROPUERTO HERMOSILLO,83220
24,01 Dictamen IFS,no,FASTENAL MEXICO S DE RL DE CV,1,11-30,Comercio mayoreo,Comercio al por mayor de otras materias primas para otras industrias,HUMBERTO.GODINES@RSMMX.MX,sí,,WWW.FASTENAL.COM,HERMOSILLO,
24,01 Dictamen IFS,no,COMERCIALIZADORA FIVICRUMA SA DE CV,1,11-30,Comercio mayoreo,Comercio al por mayor de camiones,CONTACTO@ELAMSONORA.COM,no,,WWW.STEP.COM.MX,LA MANGA,
24,01 Dictamen IFS,no,FERTIRIEGO ASESORIA SA DE CV,1,11-30,Comercio mayoreo,"Comercio al por mayor de maquinaria y equipo agropecuario, forestal y ",JOELBARCELO63@HOTMAIL.COM,no,,WWW.FERTIRIEGOASESORIA.COM,OLIVARES,83180
24,01 Dictamen IFS,no,FIRMA COMERCIALIZADORA DEL NORTE FCN SA DE CV,1,11-30,Comercio mayoreo,Comercio al por mayor de camiones,ADMONFIRMACOMERCIAL@GMAIL.COM,no,,WWWW.FIRMACOMERCIAL.COM,COLONIA LA MANGA,83220
24,01 Dictamen IFS,no,FIROX INDUSTRIAL SAPI DE CV,1,11-30,Comercio mayoreo,Comercio al por mayor de otra maquinaria y equipo de uso general,CONTACTO@FIROXINDUSTRIAL.COM,no,,WWW.FIROXINDUSTRIAL.COM,SANTA ISABEL,83130
24,01 Dictamen IFS,no,FORTACERO DE SONORA SAPI DE CV,1,11-30,Comercio mayoreo,Comercio al por mayor de materiales metálicos para la construcción y l,KAREN.ALDAPE@FORTACERO.COM,sí,,WWW.FORTACERO.COM,PARQUE INDUSTRIAL HERMOSILLO SONORA,
24,01 Dictamen IFS,no,G Y S MARKETING S DE RL DE CV,1,11-30,Comercio mayoreo,Comercio al por mayor de frutas y verduras frescas,RSUGICH@GYSMARKETING.COM,no,,WWW.GYSMARKETING.COM,LA VICTORIA,83304
24,01 Dictamen IFS,no,GANADERA MARISCAL SA,1,11-30,Comercio mayoreo,Comercio al por mayor de ganado y aves en pie,AGROMARISCAL@HOTMAIL.COM,no,,,5 DE MAYO,
24,01 Dictamen IFS,no,GANADERA SITALOSA SA DE CV,1,11-30,Comercio mayoreo,Comercio al por mayor de ganado y aves en pie,TRES.MARIAS-@HOTMAIL.COM,no,,,JESUS GARCIA,83140
24,01 Dictamen IFS,no,GEO DIGITAL IMAGING DE MEXICO SA DE CV,1,11-30,Comercio mayoreo,"Comercio al por mayor de mobiliario, equipo, y accesorios de cómputo",INFO@GDIM.COM.MX,no,,WWW.GDIM.COM.MX,ISSSTESON CENTENARIO,83260
24,01 Dictamen IFS,no,GLENDALE INDUSTRIAL SUPLY MEXICO SA DE CV,1,11-30,Comercio mayoreo,Comercio al por mayor de otras materias primas para otras industrias,CARLOS@GISUNICOA.COM,no,,,PARQUE INDUSTRIAL,83297
24,01 Dictamen IFS,no,GRUPO COMERCIAL DE MEXICO SA,1,11-30,Comercio mayoreo,Comercio al por mayor de combustibles de uso industrial,EDITH.DELGADO@ENERGETICOSNIETO.COM,sí,,WWW.ENERGETICOSNIETO.COM,DINATECH,83297
24,01 Dictamen IFS,no,F2 TIRE SA DE CV,1,11-30,Comercio mayoreo,"Comercio al por mayor de partes y refacciones nuevas para automóviles,",F2TIRE@GMAIL.COM,no,,,JESUS GARCIA,83140
24,01 Dictamen IFS,no,GRUPO TENERIFE SA DE CV,1,11-30,Comercio mayoreo,Comercio al por mayor de madera para la construcción y la industria,SAT@GRUPOTENERIFE.COM,no,,WWW.GRUPOTENERIFE.COM.MX,ZONA INDUSTRIAL FERROCARRIL,
24,01 Dictamen IFS,no,HARCO DEL NOROESTE SA DE CV,1,11-30,Comercio mayoreo,Comercio al por mayor de otra maquinaria y equipo de uso general,ADARIT@HARCO.COM.MX,no,,WWW.HARCO.COM,ATARES,83296
24,01 Dictamen IFS,no,HERRAMIENTAS DE MANO EL CUERVO SA DE CV,1,11-30,Comercio mayoreo,Comercio al por mayor de otra maquinaria y equipo de uso general,MDIAZ@CUERVOHERRAMIENTAS.COM,no,,WWW.CUERVOHERRAMIENTAS.COM,VILLA DE SERIS,83280
24,01 Dictamen IFS,no,HERSON INGENIERIA BIOMEDICA SA DE CV,1,11-30,Comercio mayoreo,"Comercio al por mayor de mobiliario, equipo e instrumental médico y de",M.RENTERIA@HIB-SA.COM,sí,,WWW.HIB-SA.COM,LOMA LINDA,83150
24,01 Dictamen IFS,no,HIDROTECNOLOGIA LEDESMA SA DE CV,1,11-30,Comercio mayoreo,Comercio al por mayor de maquinaria y equipo para otros servicios y pa,HIDROVENTAS@HOTMAIL.COM,no,,WWW.HIDROTECH.COM,OLIVARES,83180
24,01 Dictamen IFS,no,INSTRUMENTOS INDUSTRIALES DEL PACIFICO SA DE CV,1,11-30,Comercio mayoreo,Comercio al por mayor de otras materias primas para otras industrias,ANABEL.DELAROCHA@IIPSA.COM,sí,,,MODELO,83190
24,01 Dictamen IFS,no,IMPULSORA INDUSTRIAL GUADALAJARA SA DE CV,1,11-30,Comercio mayoreo,Comercio al por mayor de equipo y material eléctrico,JORGEGUERRERO@IMPULSORAGDL.COM,no,,,BALDERRAMA,83180
24,01 Dictamen IFS,no,INDUSTRIAL ICOM SA DE CV,1,11-30,Comercio mayoreo,Comercio al por mayor de otra maquinaria y equipo de uso general,MCONTRERAS@INDUSTRALICOM.COM.MX,no,,WWW.INDUSTRIALICOM.COM.MX,SAN BENITO,83190
24,01 Dictamen IFS,no,INGENIERIA DIBUJO Y GEOLOGIA SA DE CV,1,11-30,Comercio mayoreo,Comercio al por mayor de artículos y accesorios para diseño y pintura ,INGENIERIAYDIBUJOYGEOLOGIA@GMAIL.COM,no,,WWW.IDGCASADELGEOLOGO.COM,SAN BENITO,83190
24,01 Dictamen IFS,no,KALISCH FIERRO Y ACERO SA DE CV,1,11-30,Comercio mayoreo,Comercio al por mayor de materiales metálicos para la construcción y l,MARLENE.LOYA@KALISCH.COM.MX,sí,,WWW.KALISCH.COM.MX,SAHUARO,
24,01 Dictamen IFS,no,KEY QUIMICA SA DE CV,1,11-30,Comercio mayoreo,Comercio al por mayor de otra maquinaria y equipo de uso general,ROMAN.ROMERO@KEY.COM.MX,sí,,,LAS FLORES,
24,01 Dictamen IFS,no,KOMATSU MAQUINARIAS MEXICO SA DE CV,1,11-30,Comercio mayoreo,Comercio al por mayor de maquinaria y equipo para la construcción y la,RODRIGO.RODRIGUEZ@GLOBAL.KOMATSU,sí,,WWW.KOMATSULATINOAMERICA.COM/MEXICO/,EL LLANITO,
24,01 Dictamen IFS,no,LA ANITA CONDIMENTOS Y SALSAS SA DE CV,1,11-30,Comercio mayoreo,Comercio al por mayor de conservas alimenticias,SERVICIOS.FINANCIEROS@LAANITA.COM,sí,,WWW.LAANITA.COM,CENTRAL DE ABASTOS,
24,01 Dictamen IFS,no,DICIPA SA DE CV,1,11-30,Comercio mayoreo,"Comercio al por mayor de mobiliario, equipo e instrumental médico y de",ALAN.VARGAS@DICIPA.COM.MX,sí,,WWW.DICIPA.COM.MX,SAN BENITO,
24,01 Dictamen IFS,no,LYF INGENIERIA SA DE CV,1,11-30,Comercio mayoreo,Comercio al por mayor de maquinaria y equipo para otros servicios y pa,ADMINISTRACION@LOPEZ-FERNANDEZ.COM,no,,WWW.LYFINGIENERIA.COM,LEY 57,83100
24,01 Dictamen IFS,no,LZ GOODSENSE SA DE CV,1,11-30,Comercio mayoreo,Comercio al por mayor de pescados y mariscos,CONTACTO@FROVIDE.COM,no,,,BALDERRAMA,83180
24,01 Dictamen IFS,no,MADERA Y DERIVADOS FORESTALES SA DE CV,1,11-30,Comercio mayoreo,Comercio al por mayor de madera para la construcción y la industria,FACTURAS@MDFMADERAS.COM,no,,MDF.MADERAS.COM,EL LLANO,83210
24,01 Dictamen IFS,no,MARKETIN MEDICINAL SA DE CV,1,11-30,Comercio mayoreo,Comercio al por mayor de productos farmacéuticos,CONTACTO@MARQUETINGMEDICINAL.COM,no,,,PIMENTEL,83188
24,01 Dictamen IFS,no,MEDICAL UNION FARMACIA Y SALUD SA DE CV,1,11-30,Comercio mayoreo,Comercio al por mayor de productos farmacéuticos,RRRH@GQMEDICALGROUP.COM,no,,,OLIVARES,83180
24,01 Dictamen IFS,no,METROLOGIA Y PRUEBAS SA DE CV,1,11-30,Comercio mayoreo,Comercio al por mayor de otra maquinaria y equipo de uso general,CONTABILIDAD@MYPSA.MX,no,,,VILLA DE SERIS,
24,01 Dictamen IFS,no,MONSE COMERCIALIZADORA INDUSTRIAL SA DE CV,1,11-30,Comercio mayoreo,Comercio al por mayor de equipo y material eléctrico,VERONICA_PADILLA@MONSEZI.COM,sí,,WWW.MONSEZI.COM,SAN BENITO,83190
24,01 Dictamen IFS,no,NOKIA OPERATIONS DE MEXICO SA DE CV,1,11-30,Comercio mayoreo,"Comercio al por mayor de equipo de telecomunicaciones, fotografía y ci",VICTOR.CARRANCO@NOKIA.COM,sí,,WWW.NOKIA.COM,SAN BENITO,83190
24,01 Dictamen IFS,no,SISTEMAS PROFESIONALES NOVATEL SA DE CV,1,11-30,Comercio mayoreo,"Comercio al por mayor de equipo de telecomunicaciones, fotografía y ci",CONTA@NOVATELECOM.COM.MX,no,,WWW.NOVATELECOMUNICACIONES.COM.MZ,BALDERRAMA,83180
24,01 Dictamen IFS,no,NUEVA AGROINDUSTRIAS DEL NORTE SA DE CV,1,11-30,Comercio mayoreo,"Comercio al por mayor de fertilizantes, plaguicidas y semillas para si",MGMORENO@NANSA.COM.MX,no,,WWW.AGROINDUSTRIASDELNORTE.COM,EL LLANNITOI,
24,01 Dictamen IFS,no,NUÑEZ GARLANT SA DE CV,1,11-30,Comercio mayoreo,Comercio al por mayor de leche y otros productos lácteos,NUGARSACV@HOTMAIL.COM,no,,,SAN BENITO,83190
24,01 Dictamen IFS,no,NYKOS MUEBLES EJECUTIVOS SA DE CV,1,11-30,Comercio mayoreo,Comercio al por mayor de mobiliario y equipo de oficina,ADMINISTRACION@NKSMUEBLES.COM.MX,no,,WWW.NKSMUEBLES.COM.MX,BALDERRAMA,
24,01 Dictamen IFS,no,OPERADORA DISA SA DE CV,1,11-30,Comercio mayoreo,Comercio al por mayor de otra maquinaria y equipo de uso general,DAGUINAGA@DISAMEXICO.COM.MX,no,,WWW.DISAMEXICO.COM.MX,SAN BENITO,
24,01 Dictamen IFS,no,DAVID RIVERA SC DE RL,1,11-30,Comercio mayoreo,Comercio al por mayor de artículos de papelería,CONTABILIDAD@DANY.COM.MX,no,,,CENTRO,83000
24,01 Dictamen IFS,no,PCD COMERCIAL SA DE CV,1,11-30,Comercio mayoreo,"Comercio al por mayor de mobiliario, equipo, y accesorios de cómputo",RECEPCION@PCDCOMERCIAL.COM,no,,WWW.PCDCOMERCIAL.COM,SOLIDARIDAD,83116
24,01 Dictamen IFS,no,PECUARIA PIMA NOROESTE SA DE CV,1,11-30,Comercio mayoreo,Comercio al por mayor de medicamentos veterinarios y alimentos para an,CONTABILIDAD.GRUPACPIMA@GMAIL.COM,sí,,,5 DE MAYO,
24,01 Dictamen IFS,no,PEÑAFIEL BEBIDAS SA DE CV,1,11-30,Comercio mayoreo,Comercio al por mayor de bebidas no alcohólicas y hielo,CYNDI.GARCIA@KDRP.COM,sí,,,PROFESOR ANGEL ARREOLA,
24,01 Dictamen IFS,no,PHILIP MORRIS PRODUCTOS Y SERVICIOS S DE RL DE CV,1,11-30,Comercio mayoreo,"Comercio al por mayor de cigarros, puros y tabaco",ENA.ROSAS@PMI.COM,sí,,WWW.PMI.COM,LAS PALMAS,
24,01 Dictamen IFS,no,PLANETARIOS CONSTRUCTIVA S DE RL DE CV,1,11-30,Comercio mayoreo,Comercio al por mayor de equipo y material eléctrico,CONTABILIDAD@ELECTRICAPLANETARIOS.COM,no,,,NUEVO HERMOSILLO,83296
24,01 Dictamen IFS,no,PRODUCTOS PETREOS DE SONORA SA DE CV,1,11-30,Comercio mayoreo,"Comercio al por mayor de cemento, tabique y grava",PRODUCTOSPETREO@GMAIL.COM,no,,,EL LLANO,83210
24,01 Dictamen IFS,no,PROINFRA SISTEMAS E INGENIERIA SA DE CV,1,11-30,Comercio mayoreo,Comercio al por mayor de maquinaria y equipo para la construcción y la,INFO@-PROINFRA.COM,no,,,SAN BENITO,83190
24,01 Dictamen IFS,no,PROSISAT SA DE CV,1,11-30,Comercio mayoreo,Comercio al por mayor de combustibles de uso industrial,INFO@PROSISAT.COM.MX,no,,WWW.PROSISAT.COM.MX,LA VICTORIA,83304
24,01 Dictamen IFS,no,PROVEEDORA DE LABORATORIOS DEL NOROESTE SA DE CV,1,11-30,Comercio mayoreo,"Comercio al por mayor de mobiliario, equipo e instrumental médico y de",ERYCKA.MORALES@PROLABO.COM.MX,sí,,,REFORMA NORTE,83157
24,01 Dictamen IFS,no,PROVEEDORA PAPELERA KINO SA DE CV,1,11-30,Comercio mayoreo,Comercio al por mayor de artículos de papelería,KCASTRO@PPK.COM.MX,no,,,SAN BENITO,83190
24,01 Dictamen IFS,no,R Z DIGITAL SA DE CV,1,11-30,Comercio mayoreo,Comercio al por mayor de mobiliario y equipo de oficina,SARA.P@RZD.MX,sí,,,OLIVARES,
24,01 Dictamen IFS,no,RAMIREZ MAYORISTA SA DE CV,1,11-30,Comercio mayoreo,Intermediación de comercio al por mayor de productos para la industria,GERENTEHMO@RAMMSA.COM.MX,no,,RAMSA.COM,LIBERTAD,83130
24,01 Dictamen IFS,no,REUSE INDUSTRIES SA DE CV,1,11-30,Comercio mayoreo,Comercio al por mayor de desechos de plástico,SILVIA.MOLINA@REUSEINDUSTRIES.COM.MX,sí,,,PARQUE INDUSTRIAL,
24,01 Dictamen IFS,no,SAN ISIDRO DISTRIBUCIONES SA DE CV,1,11-30,Comercio mayoreo,"Comercio al por mayor de envases en general, papel y cartón para la in",GABRIELA.ANGULO@SANISIDRO.MX,sí,,WWW.SANISIDRO.COM.MX,PARQUE INDUSTRIAL,
24,01 Dictamen IFS,no,SERVICIOS Y FERTILIZANTES DEL NOROESTE SA DE CV,1,11-30,Comercio mayoreo,"Comercio al por mayor de fertilizantes, plaguicidas y semillas para si",ADMON@SEFERMO.COM,no,,,EL LLANO,83210
24,01 Dictamen IFS,no,SERVI EQUIPOS DE SOLDADURA SA DE CV,1,11-30,Comercio mayoreo,Comercio al por mayor de otra maquinaria y equipo de uso general,MATRIZ@SERVIEQUIPOSDESOLDADURA.COM,no,,,CHOYAL,83130
24,01 Dictamen IFS,no,SERVICIOS DE INGENIERIA EN MEDICINA SA DE CV,1,11-30,Comercio mayoreo,"Comercio al por mayor de mobiliario, equipo e instrumental médico y de",ANNABELLE.ZUNIGA@GRUPOSIM.COM,sí,,,VILLA SATELITE,
24,01 Dictamen IFS,no,SHARPE SERVICIOS E INSTALACIONES SA DE CV,1,11-30,Comercio mayoreo,Comercio al por mayor de otra maquinaria y equipo de uso general,INGMARTINSHARPE@GMAIL.COM,no,,,BALDERRAMA,83180
24,01 Dictamen IFS,no,SEGURIDAD INDUSTRIAL DEL BAJIO SA DE CV,1,11-30,Comercio mayoreo,Comercio al por mayor de otra maquinaria y equipo de uso general,VENTAS@SIBSA.COM.MX,no,,WWW.SIBSA.COM.MX,CENTENARIO,83260
24,01 Dictamen IFS,no,SSE110221LDA SA DE CV,1,11-30,Comercio mayoreo,Comercio al por mayor de otra maquinaria y equipo de uso general,ADMINISTRACION@SSEMEX.COM,no,,WWW.SSEMEX.COM,SAN BENITO,83190
24,01 Dictamen IFS,no,SITECH NOROESTE SA,1,11-30,Comercio mayoreo,Comercio al por mayor de maquinaria y equipo para la construcción y la,INFO@SITECHNOROESTE.COM.MX,no,,WWW.SITECHNOROESTE.COM.MX,LA MANGA,
24,01 Dictamen IFS,no,SOLUCIONES INTELIGENTES PARA TRITURACION SAPI DE CV,1,11-30,Comercio mayoreo,Comercio al por mayor de otra maquinaria y equipo de uso general,GECHEVERRIA@SITSA.COM.MX,no,,WWW.SITSTA.COM.MX,LA VICTORIA,83304
24,01 Dictamen IFS,no,SMS FOREMEX S DE RL DE CV,1,11-30,Comercio mayoreo,Comercio al por mayor de desechos metálicos,VENTAS@FOREMEX.COM.MX,no,,WWW.FOREMEX.COM.MX,PARQUE INDUSTRIAL,
24,01 Dictamen IFS,no,SNAP ENTALLES DE COSTURA SA DE CV,1,11-30,Comercio mayoreo,Comercio al por mayor de otra maquinaria y equipo de uso general,SNAP.CONTABLE@GMAIL.COM,sí,,WWW.SNAPWEAR.MX,SAN BENITO,83190
24,01 Dictamen IFS,no,SOCIEDAD COOPERATIVA DE CONSUMOS GANADEROS ORGANIZADOS DE SONORA,1,11-30,Comercio mayoreo,Comercio al por mayor de medicamentos veterinarios y alimentos para an,RECEPCIONSOCOGOS@GMAIL.COM,no,,WWW.SOCOGOS.COM,PARQUE INDUSTRIAL HERMOSILLO,83290
24,01 Dictamen IFS,no,SOLDADURA EQUIPO Y CONSTRUCCION SA DE CV,1,11-30,Comercio mayoreo,Comercio al por mayor de maquinaria y equipo para la construcción y la,SECSAHERRAMIENTAS@PRODIGY.NET.MX,no,,,SAN BENITO,83190
24,01 Dictamen IFS,no,SOLUCIONES INTEGRALES PARA TRITURACION SA,1,11-30,Comercio mayoreo,Comercio al por mayor de maquinaria y equipo para la construcción y la,GECHEVERRIA@SITSA.COM.MX,no,,WWW.SITSA.COM,LA VICTORIA,83304
24,01 Dictamen IFS,no,SPIN SA DE CV,1,11-30,Comercio mayoreo,Comercio al por mayor de otras materias primas para otras industrias,HERMOSILLO@SPINGRUPO.COM,no,,WWW.SPINGRUPO.COM,SAN BENITO,83190
24,01 Dictamen IFS,no,YAKULT SA DE CV,1,11-30,Comercio mayoreo,Comercio al por mayor de leche y otros productos lácteos,YAKULTMX@YAKULTMEX.NET,no,,WWW.YAKULT.COM.MX,SAN BENITO,
24,01 Dictamen IFS,no,SURTIDORA ELECTRICA DEL NOROESTE SA,1,11-30,Comercio mayoreo,Comercio al por mayor de equipo y material eléctrico,AGUSTINOV@HOTMAIL.COM,no,,,LOMA LINDA,
24,01 Dictamen IFS,no,SISTEMAS Y SERVICIOS DE COMUNICACION SA,1,11-30,Comercio mayoreo,"Comercio al por mayor de equipo de telecomunicaciones, fotografía y ci",AZALIA.PONCE@SYSCOM.MX,sí,,WWW.SYSCOM.MX,QUINTA EMILIO,83214
24,01 Dictamen IFS,no,DISTRIBUIDORA TAMEX SAPI DE CV,1,11-30,Comercio mayoreo,Comercio al por mayor de equipo y material eléctrico,GUADALUPE.LEAL@TAMEX.MX,sí,,WWW.TAMEX.MX,SAN BENITO,
24,01 Dictamen IFS,no,TECHEMET SA DE CV,1,11-30,Comercio mayoreo,Comercio al por mayor de desechos metálicos,KAREN.LUNA@TECHEMET.COM,sí,,WWW.TECHEMETMX.COM,HERMOSILLO,83299
24,01 Dictamen IFS,no,TERMO CONTROL DE NOROESTE SA,1,11-30,Comercio mayoreo,Comercio al por mayor de maquinaria y equipo para otros servicios y pa,ZORAYDALEYVA@TERMOCONTROL.COM,no,,,CENTRO,83000
24,01 Dictamen IFS,no,TIENDAS CUPRUM SA DE CV,1,11-30,Comercio mayoreo,Comercio al por mayor de materiales metálicos para la construcción y l,VERONICA.DELEON@CUPRUM.COM,sí,,WWW.TIENDASCUPRUM.COM,SAN LUIS,
24,01 Dictamen IFS,no,TOTAL MED DEL NOROESTE SA DE CV,1,11-30,Comercio mayoreo,"Comercio al por mayor de mobiliario, equipo e instrumental médico y de",EGUTIERREZ@TOTALMED.MX,no,,WWW.TOTAMED.MX,SAN BENITO,83190
24,01 Dictamen IFS,no,TRACTO REMOLQUES DEL NOROESTE SA DE CV,1,11-30,Comercio mayoreo,Comercio al por mayor de camiones,VOLVOHMO@TRACTOREMOLQUES.COM.MX,no,,,LOS NARANJOS,83060
24,01 Dictamen IFS,no,TRESMONTES LUCCHETTI MEXICO SA DE CV,1,11-30,Comercio mayoreo,Comercio al por mayor de otros alimentos,DSALGADO@TMLUC.COM.MX,no,,WWW.LUCCHETTI.COM.MX,EL LLANITO,83174
24,01 Dictamen IFS,no,TTI LATIN AMERICA S DE RL DE CV,1,11-30,Comercio mayoreo,Comercio al por mayor de equipo y material eléctrico,GUILLERMO.RUBIO@TTINC.COM,sí,,WWW.TTINC.COM,EL LLANITO,
24,01 Dictamen IFS,no,TVCENLINEA.COM SA DE CV,1,11-30,Comercio mayoreo,"Comercio al por mayor de equipo de telecomunicaciones, fotografía y ci",ROSAISELA.CHACON@TVC.MX,sí,,,CENTRO ORIENTE,83000
24,01 Dictamen IFS,no,UNILEVER DE MEXICO S DE RL DE CV,1,11-30,Comercio mayoreo,Comercio al por mayor de otros alimentos,MANUEL.SALGADO@UNILEVER.COM,sí,,WWW.UNILEVER.COM,HERMOSILLO,85294
24,01 Dictamen IFS,no,USTRECH SA DE CV,1,11-30,Comercio mayoreo,"Comercio al por mayor de envases en general, papel y cartón para la in",ACASTRO@USTRECH.CON,no,,,OLIVARES,83180
24,01 Dictamen IFS,no,PROVEEDORA DE SEGURIDAD INDUSTRIAL DEL GOLFO SA DE CV,1,11-30,Comercio mayoreo,Comercio al por mayor de otra maquinaria y equipo de uso general,SGARCIA@VALLENPROVEEDORA.COM.MX,no,,WWW.VALLENPROVEEDORA.COM.MX,EL LLANO,83210
24,01 Dictamen IFS,no,VICSA MINING SUPPLAY SA DE CV,1,11-30,Comercio mayoreo,Comercio al por mayor de equipo y material eléctrico,TLOPEZ@VICSAMINIG.COM,no,,WWW.VISAMINIG.COM,CENTRO,83000
24,01 Dictamen IFS,no,VMV COSMETIC GROUP SONORA SA DE CV,1,11-30,Comercio mayoreo,Comercio al por mayor de artículos de perfumería y cosméticos,INFOSON@MEX.VMVCG.COM,no,,WWW.VMVCOSMETICGROUP.COM,SAN BENITO,83190
24,01 Dictamen IFS,no,WATER TEC DE MEXICO SA DE CV,1,11-30,Comercio mayoreo,Comercio al por mayor de otra maquinaria y equipo de uso general,ADMON_WTC@WATERTEC.COM.MX,sí,,WWW.WATERTEC.COM.MX,LAS VILLAS,
24,01 Dictamen IFS,no,AUTOSERVICIO SACRAMENTO SA DE CV,1,11-30,Comercio menudeo,Comercio al por menor de gasolina y diesel,SACRAMENTO6932@HOTMAIL.COM,no,,,SOLIDARIDAD,83116
24,01 Dictamen IFS,no,GRUPO ELECZION S DE RL DE CV,1,11-30,Comercio menudeo,"Comercio al por menor de ropa, excepto de bebé y lencería",STORE77@GRUPOVIZION.COM.MX,no,,WWW.ELECZION.COM,CENTRO NORTE,83000
24,01 Dictamen IFS,no,AGA COMBUSTIBLES SA DE CV,1,11-30,Comercio menudeo,Comercio al por menor de gasolina y diesel,AGACOMBUSTIBLE2@GMAIL.COM,no,,,PROYECTO RIO SONORA,
24,01 Dictamen IFS,no,AGRO VETERINARIA DE SONORA SA DE CV,1,11-30,Comercio menudeo,Comercio al por menor de mascotas,SANPEDRO@AGROVETERINARIA.COM.MX,no,,,SAN PEDRO EL SAUCITO,83305
24,01 Dictamen IFS,no,AGROCOMBUSTIBLES EL CHAMIZAL SA DE CV,1,11-30,Comercio menudeo,Comercio al por menor de gasolina y diesel,ELCHAMIZAL10300@HOTMAIL.COM,no,,WWW.GASOLINERASELCHAMIZAL.COM,LA MANGA,83243
24,01 Dictamen IFS,no,27 MICRAS INTERNACIONAL SA DE CV,1,11-30,Comercio menudeo,"Comercio al por menor de ropa, excepto de bebé y lencería",SONORAMALL-@ALDOCONTI.COM,no,,ALDOCONTI.COM,EL JITO,83270
24,01 Dictamen IFS,no,DISTRIBUIDORA DE ALUMINIO MENA SA DE CV,1,11-30,Comercio menudeo,Comercio al por menor de vidrios y espejos,CZAMORA@ALUGAMA.COM.MX,no,,WWW.ALUGAMA.COM.MX,SAN BENITO,83190
24,01 Dictamen IFS,no,ALUMAXA SA DE CV,1,11-30,Comercio menudeo,Comercio al por menor de vidrios y espejos,ALUPRE@ALUMAXA.COM,no,,WWW.ALUMAXA.COM,PIMENTEL,83188
24,01 Dictamen IFS,no,ANTRACITA DE SONORA SA DE CV,1,11-30,Comercio menudeo,Comercio al por menor de otros combustibles,ANTRACITADESONORA@HOTMAIL.COM,no,,,VALLE VERDE,83200
24,01 Dictamen IFS,no,AR AUTO PARTES SA DE CV,1,11-30,Comercio menudeo,"Comercio al por menor de partes y refacciones nuevas para automóviles,",ROSY_HOYOS@ARAUTOPARTES.COM,sí,,WWW.ARAUTOPARTES.COM,SAN BENITO,83190
24,01 Dictamen IFS,no,TRES RIOS MOTORS SA,1,11-30,Comercio menudeo,Comercio al por menor de automóviles y camionetas nuevos,BRENDA.HERNANDEZ@VW-TRESRIOSMOTORS.COM.MX,sí,,WWW.AUDICENTERSONORA.COM.MX,PEDIODISTA,
24,01 Dictamen IFS,no,AUTOSERVICIO ROSALES SA DE CV,1,11-30,Comercio menudeo,Comercio al por menor de gasolina y diesel,G.ENCINAS@GATOP.MX,sí,,WWW.GASTOP.MX,FUENTES DEL MEZQUITAL,83240
24,01 Dictamen IFS,no,BALEROS BANDAS Y TORNILLOS SA DE CV,1,11-30,Comercio menudeo,Comercio al por menor en ferreterías y tlapalerías,GERENCIA.ADMINISTRACION@BABATSA.COM,sí,,WWW.BABATSA.COM.MX,LOMA LINDA,
24,01 Dictamen IFS,no,NACIONAL DE ALIMENTOS Y HELADOS SA DE CV,1,11-30,Comercio menudeo,Comercio al por menor de otros alimentos,CARLOS.HERMOSILLO@ARCACONTAL.COM,sí,,,MINI PARQUE INDUSTRIAL HERMOSILLO,83131
24,01 Dictamen IFS,no,CABA PITIC  SA DE CV,1,11-30,Comercio menudeo,Comercio al por menor de vidrios y espejos,ENRICOPLATT@GMAIL.COM,no,,,RAQUET CLUB,83200
24,01 Dictamen IFS,no,ONUS COMERCIAL SA DE CV,1,11-30,Comercio menudeo,Comercio al por menor de carnes rojas,SERVICIOALCLIENTE@BAFAR.COM.MX,no,,HTTP://CARNEMART.COM/,BALDERRAMA,
24,01 Dictamen IFS,no,ASADOS DE EXCELENCIA EL VAQUERO SA DE CV,1,11-30,Comercio menudeo,Comercio al por menor de carnes rojas,CARNESLEVAQUERO@LIVE.COM.MX,no,,,MODELO,83190
24,01 Dictamen IFS,no,CASA MYERS SA,1,11-30,Comercio menudeo,Comercio al por menor en ferreterías y tlapalerías,15@CASAMYERS.COM.MX,no,,WWW.CASAMYERS.COM.MX,PEÑASCO RESIDENCIAL,
24,01 Dictamen IFS,no,GRUPO LESTEF SA DE CV,1,11-30,Comercio menudeo,Comercio al por menor de gasolina y diesel,SUP8226@GRUPOPERISUR.COM,no,,,PASEO DE LA COLINA,83148
24,01 Dictamen IFS,no,GRUPO CIOSA SAPI DE CV,1,11-30,Comercio menudeo,"Comercio al por menor de partes y refacciones nuevas para automóviles,",ELIZABETH_SALDANA@CIOSA.COM,sí,,CIOSA.COM,SAN BENITO,
24,01 Dictamen IFS,no,COLLER DESARROLLO E INNOVACION SA DE CV,1,11-30,Comercio menudeo,Comercio al por menor de artículos de perfumería y cosméticos,COLLERDESARROLLO.FACTURAS@GMAIL.COM,sí,,,CENTRO,83000
24,01 Dictamen IFS,no,SOCIEDAD COOPERATIVA DE CONSUMO FAMILIAR DE LA SECCION 54 DEL SNTE,1,11-30,Comercio menudeo,Comercio al por menor de muebles para el hogar,AROMEROCOPERATIVA@GMAIL.COM,no,,WWW.COOPERATIVASNTE54.COM.MX,PITIC,83150
24,01 Dictamen IFS,no,CREMERIA LA PREFERIDA SA,1,11-30,Comercio menudeo,"Comercio al por menor de leche, otros productos lácteos y embutidos",CREMERIALAPREFE@HOTMAIL.COM,no,,,LUIS ENCINAS,83139
24,01 Dictamen IFS,no,CRISTALAUTO SA DE CV,1,11-30,Comercio menudeo,"Comercio al por menor de partes y refacciones nuevas para automóviles,",CRISTALAUTOHERMOSILLO@HOTMAIL.COM,no,,,SAN BENITO,83190
24,01 Dictamen IFS,no,DISTRIBUIDORA NACIONAL DE MOTOCICLETAS SA DE CV,1,11-30,Comercio menudeo,Comercio al por menor de motocicletas,GGALVAN@CONTACTOCP.COM.MX,no,,WWW.DINAMOTOS.COM,SAN BENITO,
24,01 Dictamen IFS,no,SIESTA MUNDO SA DE CV,1,11-30,Comercio menudeo,Comercio al por menor de muebles para el hogar,AURRIETA@DORIMUNDO.COM.MX,no,,WWW.DORMIMUNDO.COM.MX,LAS FLORES,83137
24,01 Dictamen IFS,no,ECODELI COMERCIAL SA DE CV,1,11-30,Comercio menudeo,Comercio al por menor de artículos para la limpieza,EDGARDO.BARRON@ECODELI.COM,sí,,WWW.ECODELI.COM,PARQUE INDUSTRIAL HERMOSILLO NORTE,83299
24,01 Dictamen IFS,no,EL SAHUARO GASOLINERA SA,1,11-30,Comercio menudeo,Comercio al por menor de gasolina y diesel,SAHUARO01@INFINITUM.COM.MX,no,,,EL SAHUARO,83178
24,01 Dictamen IFS,no,TODO PARA LA TAPICERIA SA DE CV,1,11-30,Comercio menudeo,"Comercio al por menor de alfombras, cortinas, tapices y similares",TODOFACTURAS1@HOTMAIL.COM,no,,WWW.SURTIDORDELTAPICERO.COM,SAN BENITO,83190
24,01 Dictamen IFS,no,EQUIPSA REFRIGERACION SA DE CV,1,11-30,Comercio menudeo,Comercio al por menor de electrodomésticos menores y aparatos de línea,JGAXIOLA@EQUIPSASON.COM,no,,WWW.EQUIPSA.COM.MX,SAN BENITO,83190
24,01 Dictamen IFS,no,GRUPO ENERMAR SAPI DE CV,1,11-30,Comercio menudeo,Comercio al por menor de gasolina y diesel,DGONZALEZ@GRUPOECO.COM.MX,no,,,MODERNA,
24,01 Dictamen IFS,no,BELLAS ARTES GASOLINERA SA DE CV,1,11-30,Comercio menudeo,Comercio al por menor de gasolina y diesel,DGONZALEZ@GRUPOECO.COM.MX,no,,,BENITO JUAREZ,85060
24,01 Dictamen IFS,no,ESTACION DE SERVICIO BACHOCO SA DE CV,1,11-30,Comercio menudeo,Comercio al por menor de gasolina y diesel,CEINCOACOSTA@GMAIL.COM,no,,,SACRAMENTO RESIDENCIAL,
24,01 Dictamen IFS,no,GASOMAX SA DE CV,1,11-30,Comercio menudeo,Comercio al por menor de gasolina y diesel,KAGUILAR@GASERVICIO.COM,no,,WWW.MASTERFUEL.COM,EMILIANO ZAPATA,
24,01 Dictamen IFS,no,GASERVICIO ENCINAS SA,1,11-30,Comercio menudeo,Comercio al por menor de gasolina y diesel,LABRIL@GASERVICIO.COM,no,,WWW.GASERVICIO.COM,EL SAHUARO,
24,01 Dictamen IFS,no,COMBUSTIBLES Y SERVICIOS LPSA SA DE CV,1,11-30,Comercio menudeo,Comercio al por menor de gasolina y diesel,DLABRADA@GRUPOPERISUR.COM,no,,WWW.PERISUR.COM.MX,JARDINES,
24,01 Dictamen IFS,no,ESTACION DE SERVICIO EL CAPITAN SA,1,11-30,Comercio menudeo,Comercio al por menor de gasolina y diesel,BVEGA@GASERVICIO.COM,no,,WWW.MASTERFUEL.MX,PITIC,
24,01 Dictamen IFS,no,ESTACION DE SERVICIOS LAS PALMAS SA DE CV,1,11-30,Comercio menudeo,Comercio al por menor de gasolina y diesel,CELORRIAGA@GRUPOPERISUR.COM,no,,,ALVARO OBREGON,83170
24,01 Dictamen IFS,no,AUTO SERVICIO LA CANDELARIA SA DE CV,1,11-30,Comercio menudeo,Comercio al por menor de gasolina y diesel,SUCPROGRESO@PAWER-GAS.COM,no,,WWW.POWERGAS.FACTURACIONESTACION.COM,VILLAS DEL CORTEZ,83106
24,01 Dictamen IFS,no,COMBUSTIBLES REYMEX S DE RL DE CV,1,11-30,Comercio menudeo,Comercio al por menor de gasolina y diesel,FISCALISTA@ELREYGRUPOGASOLINERO.COM,no,,WWW.ELREYGRUPOGASOLINERO.COM,LOS SANTOS RESIDENCIAL,83224
24,01 Dictamen IFS,no,FARMACIAS PITIC  SA DE CV,1,11-30,Comercio menudeo,Farmacias sin minisúper,CONTACTO@FARMACIASPITIC.COM,no,,,COLINAS DE BACHOCO,83148
24,01 Dictamen IFS,no,GEM DISTRIBUIDORA SA,1,11-30,Comercio menudeo,"Comercio al por menor de partes y refacciones nuevas para automóviles,",ARMANDO.MARQUEZ@FILTERTEC.MX,sí,,WWW.FILTERTEC.MX,PARQUE INDUSTRIAL,
24,01 Dictamen IFS,no,FRUTERIA EL VICHI SA,1,11-30,Comercio menudeo,Comercio al por menor de frutas y verduras frescas,FRUTERIAELVICHISA@GMAIL.COM,no,,,EL BUEY,83285
24,01 Dictamen IFS,no,MARIA DE LA LUZ CORONADO GUTIERREZ SA DE CV,1,11-30,Comercio menudeo,Comercio al por menor de frutas y verduras frescas,FRUTERIAELVIVHISA@GMAIL.COM,no,,,ADOLFO DE LA HUERTA,83295
24,01 Dictamen IFS,no,GASERVICIO HERMOSUR SA DE CV,1,11-30,Comercio menudeo,Comercio al por menor de gasolina y diesel,G.ENCINAS@GASTOP.MX,sí,,,COSTA DEL SOL,83140
24,01 Dictamen IFS,no,AUTO SERVICIO BACHOCO SA DE CV,1,11-30,Comercio menudeo,Comercio al por menor de gasolina y diesel,CEINCOACOSTA@GMAIL.COM,no,,,BUGAMBILIAS,83148
24,01 Dictamen IFS,no,GASOLINERA LA VERBENA SA DE CV,1,11-30,Comercio menudeo,Comercio al por menor de gasolina y diesel,CEINCOACOSTA@GMAIL.COM,no,,,LA VERBENA,
24,01 Dictamen IFS,no,GASOLINERA MAZA DE JUAREZ SA DE CV,1,11-30,Comercio menudeo,Comercio al por menor de gasolina y diesel,CELORRIAGA@GRUPOPERISUR.COM,no,,,CUARTA ZONA,
24,01 Dictamen IFS,no,GASOLINERA RIO SONORA SA DE CV,1,11-30,Comercio menudeo,Comercio al por menor de gasolina y diesel,BVEGA@GASERVICIO.COM,no,,WWW.GASERVICIO.COM,EL MALECON,
24,01 Dictamen IFS,no,GASOLINERA RENDIMAS DEL NOROESTE SA DE CV,1,11-30,Comercio menudeo,Comercio al por menor de gasolina y diesel,ELCAMINODELRENDIMIENTO@GMAIL.COM,no,,,EL RANCHITO,83050
24,01 Dictamen IFS,no,AUTOSERVICIO VERACRUZ SA DE CV,1,11-30,Comercio menudeo,Comercio al por menor de gasolina y diesel,SANJAVIER_GAS@HOTMAIL.COM,sí,,WWW.GASOLINERASANJAVIER.COM,SAN BENITO,
24,01 Dictamen IFS,no,GASOLINERA VILLA DE SERIS SA DE CV,1,11-30,Comercio menudeo,Comercio al por menor de gasolina y diesel,SUCVILLADESERIS@POWER-GAS.COM,no,,,VILLA DE SERIS,
24,01 Dictamen IFS,no,GASOLINERA Y SERVICIO PITIC SA DE CV,1,11-30,Comercio menudeo,Comercio al por menor de gasolina y diesel,PITICSA1649@HOTMAIL.COM,no,,,BALDERRAMA,
24,01 Dictamen IFS,no,GRUPO GASOLINERO LM SA,1,11-30,Comercio menudeo,Comercio al por menor de gasolina y diesel,G.ENCINAS@GASTOP.MX,sí,,WWW.GASTOP.COM,SAN LUIS,
24,01 Dictamen IFS,no,MAYOREO GENERAL DE UNIFORMES,1,11-30,Comercio menudeo,Comercio al por menor de calzado,CONTABILIDADES12@HOTMAIL.COIM,no,,WWW.GENERALDEUNIFORMES.COM,SAN BENITO,83190
24,01 Dictamen IFS,no,GP GASOLINERAS PERINORTE SA DE CV,1,11-30,Comercio menudeo,Comercio al por menor de gasolina y diesel,EDUARDOPERALTA302@HOTMAIL.COM,no,,,LAS PLACITAS,
24,01 Dictamen IFS,no,HAYAKAWA REFACCIONES AUTOELECTRICAS SA,1,11-30,Comercio menudeo,"Comercio al por menor de partes y refacciones nuevas para automóviles,",ADMINISTRATIVO@HAYAKAWA.COM.MX,no,,WWW.HAYAKAWA.COM,AKIWIKI,
24,01 Dictamen IFS,no,HERRAMIENTAS Y SERVICIOS DE OBREGON SA DE CV,1,11-30,Comercio menudeo,Comercio al por menor en ferreterías y tlapalerías,JAVENDANO@HSOFERRETERIAS.COM,no,,WWW.HSO.COM.MX,PEDREGAL DE LA VILLA,83290
24,01 Dictamen IFS,no,IMPORTACIONES EDER SA DE CV,1,11-30,Comercio menudeo,Comercio al por menor de artículos de perfumería y cosméticos,IMPORTACIONESEDER@HOTMAIL.COM,no,,,CENTRO,83000
24,01 Dictamen IFS,no,INTERAMBIENTES CERAMICOS SA DE CV,1,11-30,Comercio menudeo,Comercio al por menor de pisos y recubrimientos cerámicos,CONTA_INCE@INTERCERAMIC.COM,sí,,WWW.INTERCERAMIC.COM.MX,EL LLANO,83210
24,01 Dictamen IFS,no,JARCIMEX  SA DE CV,1,11-30,Comercio menudeo,Comercio al por menor en ferreterías y tlapalerías,ALEXIA.ORDUNA@JARCIMEX.COM.MX,sí,,WWW.JARCIMEX.COM.MX,NUEVA ESTACIÓN,83160
24,01 Dictamen IFS,no,JS SEMINUEVOS CERTIFICADOS,1,11-30,Comercio menudeo,Comercio al por menor de automóviles y camionetas usados,GERENCIA@JSCONSULTORIAAUTOMOTRIZ.COM,no,,WWW.JSCONSULTORIAAUTOMITRIZ.COM,SAN BENITO,83190
24,01 Dictamen IFS,no,KN MATERIALES SA DE CV,1,11-30,Comercio menudeo,Comercio al por menor en ferreterías y tlapalerías,HERMOSILLO01@KNMATERIALES.COM,no,,WWW.KNMATERIALES.COM,PEDREGAL DE LA VILLA,83290
24,01 Dictamen IFS,no,RESICO SA DE CV,1,11-30,Comercio menudeo,"Comercio al por menor de disfraces, vestimenta regional y vestidos de ",NUEVALAGUNILLA91@HOTMAIL.COM,no,,,CENTRO,83000
24,01 Dictamen IFS,no,LIBRERIA DE PORRUA HERMANOS Y COMPAÑIA SA DE CV,1,11-30,Comercio menudeo,Comercio al por menor de libros,JCARMONA@PORRUA.COM,no,,WWW.PORRUA.MX,PROYECTO RIO SONORA,
24,01 Dictamen IFS,no,LLANTAS AVANTE NOROESTE S DE RL DE CV,1,11-30,Comercio menudeo,"Comercio al por menor de llantas y cámaras para automóviles, camioneta",AVANTENOROESTE@HOTMAIL.COM,no,,,PIMENTEL,
24,01 Dictamen IFS,no,SISTEMAS EMPRESARIALES DABO SA DE CV,1,11-30,Comercio menudeo,"Comercio al por menor de mobiliario, equipo y accesorios de cómputo",EDMUNDO.SANCHEZ@MACSTORE.MX,sí,,WWW.MACSTOREONLNE.COM,BUGAMBILIAS,
24,01 Dictamen IFS,no,MANUEL DE LA FUENTE SA DE CV,1,11-30,Comercio menudeo,Comercio al por menor de gasolina y diesel,FACTURAS-MFU@HOTMAIL.COM,no,,,MIGUEL ALEMAN,83344
24,01 Dictamen IFS,no,MATHASA SA DE CV,1,11-30,Comercio menudeo,Comercio al por menor de pisos y recubrimientos cerámicos,LAVILES@MATHASA.COM.MX,no,,WWW.MATHASA.MX,PROYECTO RIO SONORA,83270
24,01 Dictamen IFS,no,MEGA EDER SA DE CV,1,11-30,Comercio menudeo,Comercio al por menor en supermercados,MEGA-EDER@HOTMAIL.COM,no,,,LAS COLINAS,83145
24,01 Dictamen IFS,no,MERCADOS ZAZUETA SA DE CV,1,11-30,Comercio menudeo,Comercio al por menor en supermercados,ADMINISTRACION@MERADOSZAZUETA.COM.MX,no,,,CENTRO,83000
24,01 Dictamen IFS,no,MERCITEX SA DE CV,1,11-30,Comercio menudeo,Comercio al por menor de telas,SERGIOIRIBE@MODITELAS.COM,no,,WWW.MODITELAS.COM.MX,CENTRO,
24,01 Dictamen IFS,no,MOTO FUERZA SA DE CV,1,11-30,Comercio menudeo,Comercio al por menor de motocicletas,GLORIA.ALICIA@HOTMAIL.COM,sí,,WWW.MOTOFUERZA.COM,SAN BENITO,
24,01 Dictamen IFS,no,MOTOS REPUESTOS KINO SA DE CV,1,11-30,Comercio menudeo,Comercio al por menor de motocicletas,MOTOREPUESTOSKINO@PRODIGY.NET.MX,no,,WWW.MOTOKINO.COM,SAN BENITO,83190
24,01 Dictamen IFS,no,OPERADORA FURET SA DE CV,1,11-30,Comercio menudeo,Comercio al por menor de calzado,CHERNANDEZ@MUNDOTERRA.COM,no,,WWW.MUNDOTERRA.COM.MX,CENTRO NORTE,
24,01 Dictamen IFS,no,NICE DE MEXICO SA DE CV,1,11-30,Comercio menudeo,Comercio al por menor de artículos de joyería y relojes,RSILVA@NICE.COM.MX,no,,,OLIVARES,83180
24,01 Dictamen IFS,no,NUÑEZ CARNES SA DE CV,1,11-30,Comercio menudeo,Comercio al por menor de carnes rojas,CONTABILIDAD@NUNEZCARNEZ.COM,no,,,LOMA LINDA,83145
24,01 Dictamen IFS,no,ESTACION DE SERVICIO 1642 SA DE CV,1,11-30,Comercio menudeo,Comercio al por menor de gasolina y diesel,KAREN.BAEZ@GRUPOCENTRA.MX,sí,,,OLIVARES,
24,01 Dictamen IFS,no,EMPRESAS PONCE SA DE CV,1,11-30,Comercio menudeo,"Comercio al por menor de partes y refacciones nuevas para automóviles,",JRPONCE1977@GMAIL.COM,no,,WWW.PONCEMANGUERAS.COM,SAN BENITO,83190
24,01 Dictamen IFS,no,POWER GAS SA,1,11-30,Comercio menudeo,Comercio al por menor de gasolina y diesel,SUCLIBERTAD@POWER-GAS.COM,no,,,ADOLFO LOPEZ MATEOS,
24,01 Dictamen IFS,no,PROVEEDOR MAYORISTA AL REFACCIONARIO DE MEXICO SA DE CV,1,11-30,Comercio menudeo,"Comercio al por menor de partes y refacciones nuevas para automóviles,",DIEGO.VAZQUEZ@PROMARE.MX,sí,,WWW.PROMARE.NET,SAN LUIS,83020
24,01 Dictamen IFS,no,PROMOSONORA SA DE CV,1,11-30,Comercio menudeo,Comercio al por menor de vidrios y espejos,ADMON@PROMOSONORA.COM.MX,no,,MIRAGLASS.COM.MX,LUIS ENCINAS,83138
24,01 Dictamen IFS,no,PROVEEDOR FERRETERO Y REFACCIONARIO PFRN  S DE RL DE CV,1,11-30,Comercio menudeo,Comercio al por menor en ferreterías y tlapalerías,CONTABILIDAD@PROVEEDOR-FERRETERO.COM.MX,no,,,OLIVARES,83180
24,01 Dictamen IFS,no,ARMANDO LOPEZ BRACAMONTES SA DE CV,1,11-30,Comercio menudeo,"Comercio al por menor de partes y refacciones nuevas para automóviles,",RADIADORESHERMOSILLO@HOTMAIL.COM,no,,,OLIVARES,83180
24,01 Dictamen IFS,no,RADEC SA DE CV,1,11-30,Comercio menudeo,"Comercio al por menor de partes y refacciones nuevas para automóviles,",ALEJANDRO_CASTILLO@RADEC.COM.MX,sí,,WWW.RADEC.COM.MX,MODELO,83190
24,01 Dictamen IFS,no,RAMIREZ MAYORISTAS SA DE CV,1,11-30,Comercio menudeo,Comercio al por menor en ferreterías y tlapalerías,CONTABILIDAD@RAMMSA.COM.MX,no,,,TIERRA Y LIBERTAD,
24,01 Dictamen IFS,no,AUTOSERVICIO PALMIRA SA DE CV,1,11-30,Comercio menudeo,Comercio al por menor de gasolina y diesel,PALMIRA5162@REPSOLMC.COM.MX,no,,WWW.REPSOLMC.COM,EL LLANO,83210
24,01 Dictamen IFS,no,SERVICIO VALLE DEL DESIERTO SA DE CV,1,11-30,Comercio menudeo,Comercio al por menor de gasolina y diesel,RAULDURAN98@HOTMAIL.COM,no,,WWW.SERVICIOVALLEDELDESIERTO.COM.MX,VILLA LAS LOMAS,83290
24,01 Dictamen IFS,no,SERVICIOS SHASA S DE RL DE CV,1,11-30,Comercio menudeo,"Comercio al por menor de ropa, excepto de bebé y lencería",S_094@SHASA.COM,no,,WWW.SHASA.COM,PROYECTO RIO SONORA,
24,01 Dictamen IFS,no,SICSONORA SA DE CV,1,11-30,Comercio menudeo,Comercio al por menor de artículos para albercas y otros artículos,ALOSANO@SICSON.COM.MX,no,,,LAS TORRES,83139
24,01 Dictamen IFS,no,PLAZA PROGRESO SA DE CV,1,11-30,Comercio menudeo,Comercio al por menor de gasolina y diesel,OTEROVEGA@GMAIL.COM,no,,WWW.ELBOCHITOAMARILLO.COM,SOLIDARIDAD,83116
24,01 Dictamen IFS,no,REXGO AUTOMOTRIZ SA,1,11-30,Comercio menudeo,Comercio al por menor de automóviles y camionetas nuevos,MCCASTROS@SUBARUSONORA.COM,no,,WWW.SUBARUSONORA.COM,COSTITUCION,
24,01 Dictamen IFS,no,SUPER COLCHONES SA DE CV,1,11-30,Comercio menudeo,Comercio al por menor de muebles para el hogar,ALONSO.CASTILLO@SUPERCOLCHONES.COM,sí,,WWW.SUPERCOLCHONES.COM.MX,PERISUR,
24,01 Dictamen IFS,no,SUPER PESCADERIA DEL RIO SA DE CV,1,11-30,Comercio menudeo,Comercio al por menor de pescados y mariscos,SUPERPESCADERIADELRIOADMON@GMAIL.COM,no,,,NUEVO HERMOSILLO,83296
24,01 Dictamen IFS,no,FERNANDO CARVAJAL SA DE CV,1,11-30,Comercio menudeo,"Comercio al por menor en tiendas de abarrotes, ultramarinos y miscelán",GPOSALGADOACOSTA@HOTMAIL.COM,no,,,COLOSIO,83344
24,01 Dictamen IFS,no,SUPER CARNICERIA MONGE SA DE CV,1,11-30,Comercio menudeo,Comercio al por menor en minisupers,SUPERCARNICERIAMONGE@HOTMAIL.COM,no,,,PALO VERDE,83280
24,01 Dictamen IFS,no,SUSPENSION BANDAS Y MANGUERAS SA DE CV,1,11-30,Comercio menudeo,"Comercio al por menor de partes y refacciones nuevas para automóviles,",OHM.85@HOTMAIL.COM,no,,WWW.AICHISA.COM.MX,VILLAS DEL PALMAR,
24,01 Dictamen IFS,no,TBC DE MEXICO SA DE CV,1,11-30,Comercio menudeo,"Comercio al por menor de llantas y cámaras para automóviles, camioneta",JALVAREZ@TBCMEXICO.COM,no,,WWW.TBCMEXICO.COM,DE PLOMO,83299
24,01 Dictamen IFS,no,TECNICENTRO ROYAL SA DE CV,1,11-30,Comercio menudeo,"Comercio al por menor de llantas y cámaras para automóviles, camioneta",MPRIETO@GRUPOTERSA,no,,WWW.GRUPOTERSA.COM,FERROCERRILERA,83013
24,01 Dictamen IFS,no,PINTURAS THERMICAS DEL NORTE SA DE CV,1,11-30,Comercio menudeo,Comercio al por menor de pintura,ASILVAV@THERMOTEK.COM.MX,no,,WWW.THERMOTEK.COM.MX,MODELO,
24,01 Dictamen IFS,no,TVC EN LINEA SA DE CV,1,11-30,Comercio menudeo,"Comercio al por menor de mobiliario, equipo y accesorios de cómputo",PAGOSHMO@TVC.MV,no,,TVC.MX,CENTRO,83000
24,01 Dictamen IFS,no,ZAPA HERMO SA DE CV,1,11-30,Comercio menudeo,Comercio al por menor de calzado,ZZHERMOSILLO@GMAIL.COM,no,,,CENTRO,83000
24,01 Dictamen IFS,no,ZAMATZON SA DE CV,1,11-30,Comercio menudeo,Comercio al por menor de calzado,ZHHERMOSILLO@GMAIL.COM,no,,WWW.3HERMANOS.COM.MX,CENTRO,83000
24,01 Dictamen IFS,no,ATN AUTOTRANSPORTE TERRITORIALES DEL NOROESTE SA DE CV,1,11-30,Transportes,Transporte escolar y de personal,AUTOBUSESGRIJALVA@GMAIL.COM,no,,,SAHUARO,83178
24,01 Dictamen IFS,no,AUTOBUSES LOS MAYITOS SA DE CV,1,11-30,Transportes,Transporte colectivo foráneo de pasajeros de ruta fija,LOMAYITOS@HOTMAIL.COM,no,,,EL RANCHITO,83050
24,01 Dictamen IFS,no,CENTRO INTERNACIONAL DE COMERCIO SA DE CV,1,11-30,Transportes,Otros servicios de intermediación para el transporte de carga,CVILLEGAS@GRUPO-LOGISTICS.COM,no,,,HERMOSILLO NORTE,83118
24,01 Dictamen IFS,no,CESNA LOGISTICS SA DE CV,1,11-30,Transportes,Otro autotransporte local de carga general,CESNALOGISTICS@HOTMAIL.COM,no,,,CENTENARIO,
24,01 Dictamen IFS,no,CEVA FREIGHT MANAGEMENT MEXICO SA DE CV,1,11-30,Transportes,Otros servicios de intermediación para el transporte de carga,MAARIA.TAVERA@CEVAALOGITIC.COM,sí,,WWW.CEVALOGISTICS.COM,PASEO DEL SOL,83250
24,01 Dictamen IFS,no,CL SERVICIO DE TRANSPORTACION Y LOGISTICA SA DE CV,1,11-30,Transportes,Otros servicios de intermediación para el transporte de carga,RECEPCION@CONNECTLOGISTICS.COM.MX,no,,WWW.CONNECTLOGISTICS.COM.MX,LAS MANITAS,83285
24,01 Dictamen IFS,no,ESPACIO LOGISTICO S DE RL DE CV,1,11-30,Transportes,Otros servicios de intermediación para el transporte de carga,RCARRASCO@ESPACIOLOGISTICO.COM,no,,WWW.ESPACIOLOGISTICO.COM.MX,PARQUE INDUSTRIAL,83297
24,01 Dictamen IFS,no,FAM AUTOTRANSPORTE ESPECIALIZADO SC,1,11-30,Transportes,Autotransporte foráneo de materiales para la construcción,CRISTINA.ACEDO@TRANS-FAM.COM,sí,,WWW.TRANS-FAM.COM,PARQUE INDUSTRIAL,83299
24,01 Dictamen IFS,no,FLETES INDUSTRIALES REGIOMONTANOS SA DE CV,1,11-30,Transportes,Autotransporte foráneo con refrigeración,ALONSO.SOTO@FIRSA.COM.MX,sí,,,CHAPARRAL,83179
24,01 Dictamen IFS,no,SERVICIOS ADUANALES FREIG CARRILLO SC DE RL DE CV,1,11-30,Transportes,Servicios de agencias aduanales,EGOMEZ.NOG@GRUPOEI.COM.MX,sí,,WWW.FREIG.COM.MX,EL LLANO,83210
24,01 Dictamen IFS,no,GRUPO SERVICIOS COORDINADOS SA DE CV,1,11-30,Transportes,Servicios de agencias aduanales,COSTUMER.SERVICES@GAMAS.COM.MX,sí,,WWW.GAMAS.COM.MX,LOMAS PITIC,83010
24,01 Dictamen IFS,no,ILS SERVICIOS LOGISTICOS SA DE CV,1,11-30,Transportes,Otros servicios de intermediación para el transporte de carga,RUBEN.GONZALEZ@ILSCOMPANY.COM,sí,,WWW.ILSCOMPANY.COM,CENTRO INDUSTRIAL Y DE NEGOCIOS LUVA,83299
24,01 Dictamen IFS,no,JOMARO LOGISTICA DISTRIBUCIONES SA DE CV,1,11-30,Transportes,Otros servicios de intermediación para el transporte de carga,JOMAROLOGISTICA@GMAIL.COM,no,,,COLEGIO MILITAR AEROPUERTO,83220
24,01 Dictamen IFS,no,LOGYT SA DE CV,1,11-30,Transportes,Otros servicios de intermediación para el transporte de carga,CZC@VZXV.COM,no,,,SAHUARO,83170
24,01 Dictamen IFS,no,LTC LOGISTICA TRANSPORTE CONSOLIDCION CONSULTORIA Y SERVICIOS SC,1,11-30,Transportes,Otro autotransporte local de carga general,CONTACTO@LOGISTICALTC.COM,no,,,PARQUE INDUSTRIAL,83299
24,01 Dictamen IFS,no,TRANSPORTES MOLFRA SA DE CV,1,11-30,Transportes,Autotransporte local con refrigeración,MARIADURAZO.MOLFRA@GMAIL.COM,sí,,,PITIC,83150
24,01 Dictamen IFS,no,DISTRIBUIDORA Y TRANSPORTADORA DEL PACIFICO SA DE CV,1,11-30,Transportes,Otro autotransporte foráneo de carga general,HL@TINYPACK.COM.MX,no,,WWW.TINYPACK.COM.MX,PIMENTEL,83188
24,01 Dictamen IFS,no,PONCE DISTRIBUCIONES DE SONORA SA DE CV,1,11-30,Transportes,Otro autotransporte foráneo de carga general,MTAPIA@PONCEDEISA.COM,no,,,ZONA INDUSTRIAL FERROCARRIL,83013
24,01 Dictamen IFS,no,RM SERVICIO DE CARGA AGROPECUARIA SA DE CV,1,11-30,Transportes,Autotransporte local de productos agrícolas sin refrigeración,TROMILQ79@GMAIL.COM,no,,,EL BUEY,83310
24,01 Dictamen IFS,no,RUIZ CANO TRANSPORTES SA DE CV,1,11-30,Transportes,Otro autotransporte local de carga especializado,TRC@TRANSPORTESTRC.COM,no,,WWW.TRANPORTESTRC.COM,PARQUE INDUSTRIAL,83290
24,01 Dictamen IFS,no,ALBERTO FALCON VILLA,1,11-30,Transportes,Otro autotransporte foráneo de carga general,ING_FALCON@HOTMAIL.COM,sí,,WWW.SONOPACK.COM.MX,BALDERRAMA,83180
24,01 Dictamen IFS,no,TAFER DIVISION TRANSPORTES SA DE CV,1,11-30,Transportes,Otro autotransporte foráneo de carga especializado,MIRSA.CV@GRUPOTAFFER.COM,sí,,,PARQUE INDUSTRIAL,83299
24,01 Dictamen IFS,no,TRACARSIN SA DE CV,1,11-30,Transportes,Autotransporte foráneo con refrigeración,RHTRACARSIN@HOTMAIL.COM,no,,WWW.TRACARSIN.COM,PARQUE INDUSTRIAL,83297
24,01 Dictamen IFS,no,TRANPRO TRUCKING SA DE CV,1,11-30,Transportes,Otro autotransporte foráneo de carga general,MARTN.BUSTAMENTE@TRANPROFREIGTH.COM,sí,,,LA YESCA,83310
24,01 Dictamen IFS,no,TRANSPORTACION FORANEA DE LA SIERRA SONORENSE SA DE CV,1,11-30,Transportes,Transporte colectivo foráneo de pasajeros de ruta fija,TFS_VERDES@HOTMAIL.COM,sí,,,AMAPOLAS,83020
24,01 Dictamen IFS,no,TRANSPORTADORA KINO SA DE CV,1,11-30,Transportes,Autotransporte foráneo de materiales y residuos peligrosos,GMENESES@GRUPOPAGASA.COM.MX,no,,,SAN LUIS,83160
24,01 Dictamen IFS,no,TRANSPORTES ALTA SA DE CV,1,11-30,Transportes,Autotransporte foráneo con refrigeración,HVALENCIA@GRUPOALTA.COM,no,,,LA MANGA,83220
24,01 Dictamen IFS,no,ECO TRUCKING AND SUPPLY SA DE CV,1,11-30,Transportes,Otro autotransporte local de carga general,FCOTA@ECOTRUCKING.MX,no,,WWW.ECOTRUCKINGANDSUPPLYSADECV.COM,PARQUE INDUSTRIAL,83299
24,01 Dictamen IFS,no,TIP TRANSPORTES INTEGRADOS DE PERSONAL SA DE CV,1,11-30,Transportes,Alquiler de autobuses con chofer,TRASNPORTESECONOTOURS@GMAIL.COM,no,,WWW.TRANSPORTESECONOTOURS.COM,MODELO,83190
24,01 Dictamen IFS,no,TRANSPORTES GENESIS ALVAREZ SA DE CV,1,11-30,Transportes,Transporte colectivo urbano y suburbano de pasajeros en autobuses de r,FELIPE.ARELLANES80@GMAIL.COM,no,,,PUEBLO NUEVO,83344
24,01 Dictamen IFS,no,TRANSPORTES JULIAN,1,11-30,Transportes,Transporte colectivo urbano y suburbano de pasajeros en autobuses de r,TRANSPORTEFAVELA@HOTMAIL.COM,no,,,SAHUARO,83170
24,01 Dictamen IFS,no,TRANSPORTES JULIAN DE OBREGON SA DE CV,1,11-30,Transportes,Otro autotransporte foráneo de carga general,HERMOSILLA.GERENCIA@TJO.MX,sí,,WWW.JULIANDEOBREGON.COM.MX,PARQUE INDUSTRIAL,83299
24,01 Dictamen IFS,no,TRANSPORTES ORCIS SA DE CV,1,11-30,Transportes,Autotransporte foráneo con refrigeración,TRANSPORTESORCIS@HOTMAIL.COM,no,,AGROFESA.COM,VALLE GRANDE,83205
24,01 Dictamen IFS,no,COORDINADOS DE CARGA PAQUETEXPRESS S DE RL DE CV,1,11-30,Transportes,Servicios de mensajería y paquetería foránea,IURIAS@PAQUETEXPRESS.COM.MX,no,,WWW.PAQUETEXPRESS,PIMENTEL,83188
24,01 Dictamen IFS,no,TENEDORA RHGM SA DE CV,1,11-30,Transportes,Servicios de mensajería y paquetería local,HERMOSILLO@PICKANDDROP.MX,no,,WWW.PICKANDDROP.COM.MX,BALDERRAMA,83180
24,01 Dictamen IFS,no,ENTREGAS PUNTUALES S DE RL DE CV,1,11-30,Transportes,Servicios de mensajería y paquetería foránea,COBRANZAHMO@PMM.COM.MX,no,,,EL CHAPARRAL,83179
24,01 Dictamen IFS,no,SERVICIO AUBO SA DE CV,1,11-30,Transportes,Servicios de mensajería y paquetería local,DIRECCION@AUBO.COM.MX,no,,,ZONA CUARTEL,83137
24,01 Dictamen IFS,no,XCF  SA DE CV,1,11-30,Transportes,Servicios de mensajería y paquetería foránea,HMO@XCF.COM.MX,no,,WWW.XCF.COM.MX,PARQUE INDUSTRIAL,83299
24,01 Dictamen IFS,no,SISTEMA ESTATAL DE INFORMACION WEB SA DE CV,1,11-30,Información,"Producción de videoclips, comerciales y otros materiales audiovisuales",NOTICIAS@PROYECTOPUENTE.COM.MX,no,,WWW.PROYECTOPUENTE.COM.MX,CENTRO,83000
24,01 Dictamen IFS,no,TRANSMISORA REGIONAL RADIO FORMULA SA DE CV,1,11-30,Información,Estaciones de transmisión de programas de radio,APARECES@RADIOFORMULA.COM.MX,no,,WWW.RADIOFORMULA.COMSONORA,PROYECTO RIO SONORA,83270
24,01 Dictamen IFS,no,STEREOREY MEXICO SA,1,11-30,Información,Estaciones de transmisión de programas de radio,DEFENSORAUDIENCIAS@MVS.COM,no,,WWW.STEREOREY.COM,PITIC,83150
24,01 Dictamen IFS,no,TELEFONIA RURAL DE SONORA,1,11-30,Información,Operadores de servicios de telecomunicaciones alámbricas,TELEFONIA.RURAL@SONORA.GOB.MX,sí,,,VILLA DE SERIS,83280
24,01 Dictamen IFS,no,TOTAL PLAY COMUNICACIONES SA DE CV,1,11-30,Información,Otros servicios de telecomunicaciones,BORTIZC@TOTALPLAY.COM.MX,no,,WWW.TOTALPLAY.COM.MX,RESIDENCIAL DE ANZA,83248
24,01 Dictamen IFS,no,VAN GUARDIA SATELITAL SA DE CV,1,11-30,Información,Otros servicios de telecomunicaciones,ICASTILLA@VANSAT.COM.MX,no,,,BALDERRAMA,83180
24,01 Dictamen IFS,no,COMUNICADORES DEL DESIERTO AC,1,11-30,Información,Estaciones de transmisión de programas de radio,INFO@Z00M95.COM,no,,WWW.Z0095.COM,CINCO DE MAYO,83000
24,01 Dictamen IFS,no,YUPANA MEXICO SA DE CV,1,11-30,Información,Otros servicios de telecomunicaciones,VERONICA.MENESES@YUPANATECH.COM,sí,,YUPANATECH.COM,COLONIA LA MANGA,83220
24,01 Dictamen IFS,no,AON MEXICO BUSINESS SUPPORT SA DE CV,1,11-30,Financieros,"Agentes, ajustadores y gestores de seguros y fianzas",LAURA.FERNANDA.GARCIA@AON.COM,no,,WWW.AON.COM,LOMAS DE PITIC,83010
24,01 Dictamen IFS,no,ASCENDA LIFE AGENTE DE SEGUROS SAPI DE CV,1,11-30,Financieros,"Agentes, ajustadores y gestores de seguros y fianzas",JGASTELUM@ASCENDA.MX,no,,WWW.ASCENDA.MX,PROYECTO RIO SONORA,83270
24,01 Dictamen IFS,no,OPCIONES EMPRESARIALES DEL NORESTE,1,11-30,Financieros,Cajas de ahorro popular,HERMOSILLO@ASPINTEGRAOPCIONES.COM,no,,ASPINTEGRAOPCIONES.COM.MX,EL RECODO,83250
24,01 Dictamen IFS,no,BLACK MARLIN GROUP SAPI DE CV,1,11-30,Financieros,Otras instituciones de intermediación crediticia y financiera no bursá,SCEVALLOS@AR18.MX,no,,WWW.BLACKMARLINGROUP.COM.MX,COUNTRY CLUB,83810
24,01 Dictamen IFS,no,CAPITAL ACTIVO,1,11-30,Financieros,Cajas de ahorro popular,INFO@CAPITALACTIVO.COM.MX,no,,WWW.CAPITALACTIVO.COM,VILLA SATELITE,83200
24,01 Dictamen IFS,no,JJCM SERVICIOS EMPRESARIALES SA DE CV,1,11-30,Financieros,Otras instituciones de intermediación crediticia y financiera no bursá,ADMON.NOROESTE@LOANCO.COM.MX,sí,,WWW.LOANCO.COM.MX,EL LLANO,83210
24,01 Dictamen IFS,no,CREA MAS CAPITAL SAPI DE CV,1,11-30,Financieros,Sociedades financieras de objeto múltiple,INFO@CREAMASCAPITAL.COM,no,,WWW.CREAMASCAPITAL.COM,CENTENARIO,83260
24,01 Dictamen IFS,no,CREDIAVANCE SA,1,11-30,Financieros,Sociedades financieras de objeto múltiple,CON.GENERAL.COR@CREDIAVANCE.COM.MX,no,,WWW.CREDIAVANCE.COM.MX,CENTRO,83000
24,01 Dictamen IFS,no,FINANCIERA HELIOS S.A. DE C.V. SOFON E.N.R. SA DE CV SOFOM ENR,1,11-30,Financieros,Sociedades financieras de objeto múltiple,ATENCION@FINANCIERAHELIOS.COM,no,,,LOMA LINDA,83145
24,01 Dictamen IFS,no,CORSAL MEXICO AUTOFINANCIAMIENTO SC DE RL DE CV,1,11-30,Financieros,Compañías de autofinanciamiento,CONTACTO@GRUPOCORALMEXICO.COM,no,,GRUPOCORSALMEXICO.COM,CENTRO,83000
24,01 Dictamen IFS,no,LC LIQUIDEZ CORPORATIVA,1,11-30,Financieros,Sociedades financieras de objeto múltiple,ISELA.BENITEZ@LCLIQUIDEZCORPORATIVA.COM.MX,sí,,WWW.LIQUIDEZCORPORATIVA.COM.MX,CENTENARIO,83260
24,01 Dictamen IFS,no,MORRALLA EXPRESS SA DE CV,1,11-30,Financieros,Centros cambiarios,MORRALLAEXPREX@HOTMAIL.COM,no,,MORREXSS.COM,SAN BENITO,83190
24,01 Dictamen IFS,no,SERVICIOS PECASA AGENTE DE SEGUROS SA DE CV,1,11-30,Financieros,"Agentes, ajustadores y gestores de seguros y fianzas",CONTAB.PECASA@PECASA.OM.MX,sí,,,VALLE HERMOSO,83209
24,01 Dictamen IFS,no,PRESTAMOS FELICES EN 15 MINUTOS SA DE CV SOFOM ENR,1,11-30,Financieros,Sociedades financieras de objeto múltiple,WAC3732@WACDEMEXICO.COM,no,,WWW.PRESTAMOFELIZ.COM.MX,CENTENARIO,83260
24,01 Dictamen IFS,no,QUALITAS COMPANIA DE SEGUROS SA DE CV,1,11-30,Financieros,Compañías de seguros,HERMOSILLO_ADMON@QUALITAS.COM.MX,sí,,,AGUAYO PORCHAS,83345
24,01 Dictamen IFS,no,RGA PROMOTORIA SC,1,11-30,Financieros,"Agentes, ajustadores y gestores de seguros y fianzas",RENEGARZAA@GMAIL.COM,no,,WWW.RGAPROMOTORIA.COM.MX,VALLE GRANDE,83205
24,01 Dictamen IFS,no,SEGUROS ATLAS SA,1,11-30,Financieros,Compañías de seguros,EMISION.INER@SEGUROSATLAS.COM.MX,sí,,WWW.SEGUROSATLAS.COM.MX,SANTA FE,83249
24,01 Dictamen IFS,no,AMAVIZCA LOPEZ AGENTES DE SEGUROS Y DE FIANZAS SA DE CV,1,11-30,Financieros,"Agentes, ajustadores y gestores de seguros y fianzas",MARCOAMAVIZCA@SGROUP.COM.MX,no,,WWW.SGROUP.COM.MX,RECIDENCIAL DE ANZA,83248
24,01 Dictamen IFS,no,AGRI-RENTHALS SA DE CV,1,11-30,Inmobiliario,"Alquiler de maquinaria y equipo para mover, levantar y acomodar materi",ADMINISTRACION@AGRENTHALS.COM,no,,,SAN JOSE DE LAS MINITAS,83285
24,01 Dictamen IFS,no,ALTARENA INMOBILIARIA SA DE CV,1,11-30,Inmobiliario,Servicios de administración de bienes raíces,ALTARENAINMOBILIARIA@HOTMAIL.COM,no,,,VILLAS DEL MEDITERRANEO,83220
24,01 Dictamen IFS,no,ANDAMIOS Y PARARRAYOS SA DE CV,1,11-30,Inmobiliario,"Alquiler de maquinaria y equipo para mover, levantar y acomodar materi",HERMOSILLO@ANPASA.COM,no,,,SAN LUIS,83553
24,01 Dictamen IFS,no,ASESORIA INMOBILIARIA DE HERMOSILLO SA DE CV,1,11-30,Inmobiliario,Otros servicios relacionados con los servicios inmobiliarios,PLAZALEYSAHURO@YAHOO.COM.MX,no,,WWW.PLAZLEYELSAHUARO.COM.MX,ALVARO OBREGON,83170
24,01 Dictamen IFS,no,AXXIONA TU PATRIMONIO SA,1,11-30,Inmobiliario,Inmobiliarias y corredores de bienes raíces,SANDRA.MONTERO@GRUPOAXXIONA.COM,sí,,,SAN BENITO,83190
24,01 Dictamen IFS,no,BIENES RAICES BILATERALES DEL NORTE SA DE CV,1,11-30,Inmobiliario,Otros servicios relacionados con los servicios inmobiliarios,ESTAFF@NEXTBIENESRAICE.COM,no,,WWW.KWNEXT.MX,MODELO,83190
24,01 Dictamen IFS,no,BM RIGGER MANIOBRAS INDUSTRIALES SA DE CV,1,11-30,Inmobiliario,"Alquiler de maquinaria y equipo para construcción, minería y actividad",RECEPCION@BMRIGGERS.COM,no,,WWW.RIGGERS.COM,PARQUE INDUSTRIAL,83299
24,01 Dictamen IFS,no,BRIGGS EQUIPMENT SA DE CV,1,11-30,Inmobiliario,"Alquiler de maquinaria y equipo para mover, levantar y acomodar materi",SFELIX@BRIGGS.COM.MX,no,,,PARQUE INDUSTRIAL LUVA,83299
24,01 Dictamen IFS,no,CENTRAL DE AUTOBUSES DE HERMOSILLO SA,1,11-30,Inmobiliario,Alquiler sin intermediación de oficinas y locales comerciales,RGUTIERREZS@CENTRALESAEB.COM.MX,no,,,COLOSO,83040
24,01 Dictamen IFS,no,COMERCIALIZADORA QUE ROLLO SUSHI SA DE CV,1,11-30,Inmobiliario,"Servicios de alquiler de marcas registradas, patentes y franquicias",TESORERIA@QRSUSHI.COM,no,,WWW.QUEROLLOSUSHI.COM,BALDERRAMA,83190
24,01 Dictamen IFS,no,CONDOMINIO TORRE HERMOSILLO,1,11-30,Inmobiliario,Servicios de administración de bienes raíces,ADMINISTRACION@TORREDEHERMOSILLO.COM,no,,,COUNTRY CLUB,83810
24,01 Dictamen IFS,no,FIBRA SHOP ADMINISTRACION SC,1,11-30,Inmobiliario,Servicios de administración de bienes raíces,GET.MOLSONORA@FIBRASHOP.MX,sí,,WWW.GALERIASSONORA.MX,PROYECTO RIO SONORA,83280
24,01 Dictamen IFS,no,TURISMO GARGO SA DE CV,1,11-30,Inmobiliario,Alquiler de automóviles sin chofer,ACALDERON@FOXRENTACAR.MX,no,,WWW.MEXRENTACAR.COM,LA MANGA,83220
24,01 Dictamen IFS,no,GRUAS MANIOBRAS Y SERVICIOS SA DE CV,1,11-30,Inmobiliario,"Alquiler de maquinaria y equipo para mover, levantar y acomodar materi",GMSZUNO@HOTMAIL.COM,no,,,PARQUE INDUSTRIAL,83299
24,01 Dictamen IFS,no,GRUPO LUVA SC,1,11-30,Inmobiliario,Inmobiliarias y corredores de bienes raíces,CONTABILIDADGRUPOLAVA@GMAIL.COM,no,,,PARQUE INDUSTRIAL,83299
24,01 Dictamen IFS,no,INMOBILIARIA CANORAS SA DE CV,1,11-30,Inmobiliario,Inmobiliarias y corredores de bienes raíces,AVALDEZ@CANORAS.COM.MX,no,,,REAL DEL ARCO,83240
24,01 Dictamen IFS,no,JMF MOVIMIENTO DE TIERRAS SA DE CV,1,11-30,Inmobiliario,"Alquiler de maquinaria y equipo agropecuario, pesquero y para la indus",JMFMOVIEMTODETIERRAS@GMAIL.COM,no,,,EL LLANO,83210
24,01 Dictamen IFS,no,KINO BAY STATES SA DE CV,1,11-30,Inmobiliario,Servicios de administración de bienes raíces,ALECOOPER@PRODIGY.NET.MX,no,,WWW.KINOBAYSTATES.COM,COUNTRY CLUB,83010
24,01 Dictamen IFS,no,COPIADORAS ELECTORNICAS DE CAJEME SA DE CV,1,11-30,Inmobiliario,Alquiler de equipo de cómputo y de otras máquinas y mobiliario de ofic,SOPORTEHMO@KYOCERASONORA.COM,no,,,SANBENITO,83190
24,01 Dictamen IFS,no,LKARAM Y ASOCIADOS SA DE CV,1,11-30,Inmobiliario,Inmobiliarias y corredores de bienes raíces,SLMONTANO@CREDITARIA.COM,no,,WWW.LKCONSULTORES.COM.MX,PITIC,83010
24,01 Dictamen IFS,no,L CASCADA DE SAN ISIDRO SA DE CV,1,11-30,Inmobiliario,Alquiler sin intermediación de oficinas y locales comerciales,LTERAN@GRUPOPADRES.COM,no,,,MONTEBELLO,83174
24,01 Dictamen IFS,no,MONTACARGAS Y ADITAMENTOS HIDRAULICOS SA DE CV,1,11-30,Inmobiliario,"Alquiler de maquinaria y equipo para mover, levantar y acomodar materi",ADMINISTRACION@MASHA.COM.MX,no,,WWW.MAHSA.COM.MX,SAN BENITO,83190
24,01 Dictamen IFS,no,CORPORATIVO GAVIOTAS SA DE CV,1,11-30,Inmobiliario,Alquiler de automóviles sin chofer,LBARRON@GRUPOANTYR.COM,no,,WWW.NATIONALCAR.COM,SAN BENITO,83190
24,01 Dictamen IFS,no,OAPRO OASIS PROMOTORA SA DE CV,1,11-30,Inmobiliario,Inmobiliarias y corredores de bienes raíces,OAPROFACTURAS@GMAIL.COM,no,,PUEBLODORADO.COM,MISION DEL SOL,83100
24,01 Dictamen IFS,no,AUTO RENTAS BEHAR  SA DE CV,1,11-30,Inmobiliario,Alquiler de automóviles sin chofer,RESERVACIONESWEB@OPTIMARENTACAR.COM.MX,no,,,EL LLANO,83210
24,01 Dictamen IFS,no,CORPORATIVO GARREY S DE RL DE CV,1,11-30,Inmobiliario,Inmobiliarias y corredores de bienes raíces,HOLA@PIXIEBR.COM,no,,,CENTRO,83000
24,01 Dictamen IFS,no,ESPACIOS HABITAT KR SA DE CV,1,11-30,Inmobiliario,Inmobiliarias y corredores de bienes raíces,CONTACTO@ESPACIOSHABITAT.COM,no,,WWW.REMAXESPACIOSHABITAT.COM,VALLE GRANDE,83205
24,01 Dictamen IFS,no,RZ DIGITAL SA DE CV,1,11-30,Inmobiliario,Alquiler de equipo de cómputo y de otras máquinas y mobiliario de ofic,HERMOSILLO@RZD.MX,no,,,OLIVARES,83180
24,01 Dictamen IFS,no,SISTEMAS CONTINO DEL PACIFICO SA DE CV,1,11-30,Inmobiliario,Alquiler de equipo de cómputo y de otras máquinas y mobiliario de ofic,GMORENO@SISTEMACONTINOS.COM.MX,no,,WWW.SISTEMASCONTINO.COM.MX,PROYECTO RIO SONORA,83270
24,01 Dictamen IFS,no,VIASC GRUPO INMOBILIARIO SA DE CV,1,11-30,Inmobiliario,Otros servicios relacionados con los servicios inmobiliarios,MARISOL.INZUNZA@VIASC.COM,sí,,WWW.VIASC.COM,CENTRO,83000
24,01 Dictamen IFS,no,EXPLOSION MOBIL SA DE CV,1,11-30,Serv. profesionales,Servicios de diseño de sistemas de cómputo y servicios relacionados,INFO@ACTUS.IO,no,,WWW.ACTUS.IO,SAN LUIS,83160
24,01 Dictamen IFS,no,ULTRADEM SA DE CV,1,11-30,Serv. profesionales,Servicios de consultoría en administración,CONTACTO@ADEMCONSULTORES.MX,no,,,LA HUERTA,83208
24,01 Dictamen IFS,no,VIERNES 4 SC,1,11-30,Serv. profesionales,Servicios de consultoría en administración,ES@AGENCIAVIERNES.COM,no,,WWW.AGENCIAVIERNES.COM,SANTA FE,83240
24,01 Dictamen IFS,no,ALHTOR INGENIERIA Y DISEÑO S DE RL,1,11-30,Serv. profesionales,Servicios de ingeniería,ADMINISTRACION@ALTHOR.COM,no,,,VALLE HERMOSO,83209
24,01 Dictamen IFS,no,ALIO INFORMATION TECHNOLOGY SOLUTIONS DE MEXICO SA DE CV,1,11-30,Serv. profesionales,Servicios de diseño de sistemas de cómputo y servicios relacionados,AAVILA@ALIOIT.COM,no,,WWW.ALIOIT.COM,CENTRO,83000
24,01 Dictamen IFS,no,ARQCO ARQUITECTOS SC,1,11-30,Serv. profesionales,Servicios de arquitectura,OCTAVIO@ARQCOENLINEA.COM,no,,WWW.ARQCOENLINEA.COM,COLINAS DEL BACHOCO,83104
24,01 Dictamen IFS,no,ASESORIA JURIDICA 43 SA DE CV,1,11-30,Serv. profesionales,Bufetes jurídicos,DESPACHO.NOTARIA43@GMAIL.COM,no,,,ISSTESON CENTENARIO,83260
24,01 Dictamen IFS,no,BARRERA ROMO CONSULTORES ASOCIADOS SC,1,11-30,Serv. profesionales,Servicios de contabilidad y auditoría,CONTACTO@BRCONSULTORES.COM.MX,no,,WWWBRCONSULTORES.COM.MX,SAN BENITO,83190
24,01 Dictamen IFS,no,BASASEACHI SERVICE MEXICO SA DE CV,1,11-30,Serv. profesionales,Servicios de contabilidad y auditoría,CONTADORE@RIVRES.COM,no,,,SAN BENITO,83190
24,01 Dictamen IFS,no,CASTILLO MIRANDA Y COMPAÑÍA SC,1,11-30,Serv. profesionales,Servicios de consultoría en administración,TLALIA.BAUTISTA@BDO.COM,sí,,WWW.BDOMEXICO.COM,EL MALECON,83270
24,01 Dictamen IFS,no,BOBADILLA SILVA Y ASOCIADOS SC,1,11-30,Serv. profesionales,Servicios de contabilidad y auditoría,BOBADILLA.ACUSES@HOTMAIL.COM,sí,,,SAN BENITO,83190
24,01 Dictamen IFS,no,CENTRO REGIONAL DE ESTUDIOS Y REPRODUCCION DE ORGANISMO BENEFICOS,1,11-30,Serv. profesionales,Servicios de investigación científica y desarrollo en ciencias natural,GERENCIAJLSVH@PRODIGY.NET.MX,no,,JLSVHERMOSILLO.MX,DEL RAZO,83070
24,01 Dictamen IFS,no,INTELIGENCIA EN AHORRO DE LA DE ENERGIA SA DE CV,1,11-30,Serv. profesionales,Servicios de ingeniería,INFO@CIAE.COM.MX,no,,WWW.CIAE.COM.MX,LA VICTORIA,83304
24,01 Dictamen IFS,no,COLHER INDUSTRES SA DE CV,1,11-30,Serv. profesionales,Agencias de publicidad,COLHER.INDUSTRIES.ADM@GMAIL.COM,no,,,ISSSTESON LUX,83278
24,01 Dictamen IFS,no,COMERCIAL ECA SA DE CV,1,11-30,Serv. profesionales,Diseño gráfico,COMERCIALECA@COMERCIALECA.COM,no,,WWW.COMERCIALECA.COM,COUNTRY CLUB,83010
24,01 Dictamen IFS,no,ASESORES EN SISTEMAS COMPUTACIONALES  SA DE CV,1,11-30,Serv. profesionales,Servicios de diseño de sistemas de cómputo y servicios relacionados,ADMINISTRACION@COMPUVENTAS.COM.MX,no,,WWW.COMPUVENTAS.COM.MX,BALDERRAMA,83180
24,01 Dictamen IFS,no,CONINTE SC,1,11-30,Serv. profesionales,Servicios de contabilidad y auditoría,FACTURACION@CONINTESC.COM,no,,,LEY 57,83100
24,01 Dictamen IFS,no,CONSEJERIA Y ELABORACION DE PROYECTOS INSTITUCIONALES SA DE CV,1,11-30,Serv. profesionales,Otros servicios de consultoría científica y técnica,SEPIN.HER.SON@GMAIL.COM,no,,WWW.CEPIN.COM.MX,CENTENARIO,83260
24,01 Dictamen IFS,no,VALDEZ TORO SC,1,11-30,Serv. profesionales,Servicios de contabilidad y auditoría,LUCY@VALDEZTORO.COM,no,,,PIMENTEL,83188
24,01 Dictamen IFS,no,DARIC CONSULTORES SA DE CV,1,11-30,Serv. profesionales,Servicios de diseño de sistemas de cómputo y servicios relacionados,CONTACTO@DARIG.COM.MX,no,,WWW.DARIG.COM.MX,CENTRO,83000
24,01 Dictamen IFS,no,DATOS Y CIFRAS DEL NOROESTE SC,1,11-30,Serv. profesionales,Servicios de investigación de mercados y encuestas de opinión pública,KMVIEYRA@DAYCI.COM,no,,WWW.DAYCI.COM,LOS ARCOS,83250
24,01 Dictamen IFS,no,RENTADO SA,1,11-30,Serv. profesionales,Servicios de ingeniería,CONTACT@DAVISINDGROUP.COM,no,,WWW.DAVISINDGROUP.COM,SAN BENITO,83190
24,01 Dictamen IFS,no,GALAZ YAMAZAKI RUIZ URQUIZA SC,1,11-30,Serv. profesionales,Servicios de contabilidad y auditoría,MIRRODRIGUEZ@DELOITTEMX.COM,no,,WWW.DELOITTEMX.COM,LOMAS PITIC,83010
24,01 Dictamen IFS,no,HERMOSERVI SA DE CV,1,11-30,Serv. profesionales,Servicios de contabilidad y auditoría,HERMOSERVI@HOTMAIL.COM,no,,,CENTRO,83000
24,01 Dictamen IFS,no,MUROS DEL DESIERTO SA DE CV,1,11-30,Serv. profesionales,Diseño y decoración de interiores,ADMONEPOCATALLERA@GMAIL.COM,no,,WWW.EPOCATALLER.COM.MX,CENTENARIO,83260
24,01 Dictamen IFS,no,DESPACHO FERNANDEZ TAPIA SC,1,11-30,Serv. profesionales,Servicios de contabilidad y auditoría,DESPACHOFERNANDEZTAPIA@GMAIL.COM,no,,,SAN BENITO,83190
24,01 Dictamen IFS,no,DFK SALIDO ENCINAS SC,1,11-30,Serv. profesionales,Servicios de contabilidad y auditoría,LUIS.MELICOFF@SALIDO.MX,sí,,WWW.SALIDO.MX,CONSTITUCION,83150
24,01 Dictamen IFS,no,ADMINISTRACION DE INMUEBLES PROGRESO SA DE CV,1,11-30,Serv. profesionales,Servicios de consultoría en administración,INMUEBLESPROGRESO2020@GMAIL.COM,no,,,SAN LUIS,83160
24,01 Dictamen IFS,no,DOMINGUEZ DE LA TORRE ABOGADOS Y ASOCIADOS SC,1,11-30,Serv. profesionales,Bufetes jurídicos,JURIDICOSONORA@DOMINGUEZDELATORRE.COM,no,,,DEL RAZO,83070
24,01 Dictamen IFS,no,DESARROLLO PROFESIONAL DE SONORA SC,1,11-30,Serv. profesionales,Servicios de contabilidad y auditoría,DIRECCION@DPSCONSULTORES.COM,no,,,DEL RAZO,83070
24,01 Dictamen IFS,no,EMPRESA GENESIA PUBLICIDAD SC,1,11-30,Serv. profesionales,Diseño gráfico,GENNY@GENESIA.COM.MX,no,,WWW.GENESIA.COM,SAN BENITO,83190
24,01 Dictamen IFS,no,ESCAIP KARAM SC,1,11-30,Serv. profesionales,Bufetes jurídicos,CONTACTO@ESCAIPKARAM.COM,no,,WWW.ESCAIPKARAM.COM,CENTENARIO,83220
24,01 Dictamen IFS,no,ESCOBO SA DE CV,1,11-30,Serv. profesionales,Servicios de levantamiento geofísico,FESCOBOZA@HOTMAIL.COM,no,,,JESUS GARCIA,83140
24,01 Dictamen IFS,no,FIGVAL VETERINARIA SA DE CV,1,11-30,Serv. profesionales,Servicios veterinarios para mascotas prestados por el sector privado,FIGVAL15@HOTMAIL.COM,no,,WWW.VETERINARIAFIGVET.COM,SAN BENITO,83190
24,01 Dictamen IFS,no,FRAME LAWYERS GLOBAL FIRM SC,1,11-30,Serv. profesionales,Bufetes jurídicos,ANDENES.RECEPCION@GMAIL.COM,sí,,,SANTA FE,83249
24,01 Dictamen IFS,no,GEAR INDUSTRIAL SERVICE SA DE CV,1,11-30,Serv. profesionales,Otros servicios de consultoría científica y técnica,ADMIN@GEARINDUSTRIAL.COM,no,,WWW.GEARINDUSTRAL.COM,PARQUE INDUSTRIAL,83297
24,01 Dictamen IFS,no,EMPRESAS GILA SOFTWARE SC,1,11-30,Serv. profesionales,Servicios de diseño de sistemas de cómputo y servicios relacionados,GABRIEL@GILASW.COM,no,,WWW.GILASW.COM,RAQUET CLUB,83200
24,01 Dictamen IFS,no,GLOBALMET  SAPI DE CV,1,11-30,Serv. profesionales,Servicios de investigación científica y desarrollo en ciencias natural,PAGOS@GLOBALMET.MX,no,,,LAS MINITAS,83285
24,01 Dictamen IFS,no,GOSSLER SC,1,11-30,Serv. profesionales,Servicios de contabilidad y auditoría,OFICINA.HERMOSILLO@CROWE.MX,sí,,WWW.CROWE.MX,SAN BENITO,83190
24,01 Dictamen IFS,no,MJE MULTIMEDIA SA DE CV,1,11-30,Serv. profesionales,Agencias de publicidad,CONTACTO@CORPORATIVOQ.MX,no,,WWW.CORPORATIVOQ.MX,VALLE GRANDE,83205
24,01 Dictamen IFS,no,HOTELERA DE NOGALES SA DE CV,1,11-30,Serv. profesionales,Servicios de contabilidad y auditoría,CONTADOR@LAESPRANZARANCH.COM,no,,,COUNTRY CLUB,83810
24,01 Dictamen IFS,no,H PROIN SA DE CV,1,11-30,Serv. profesionales,Servicios de dibujo,CONTACTO@PROINMHO.COM,no,,WWW.CVPROIN.COM,LOS ARCOS,83250
24,01 Dictamen IFS,no,HIDROLOGICA AMBIENTAL SA DE CV,1,11-30,Serv. profesionales,Servicios de ingeniería,CONTACTO@HIDROLOGICA.COM.MX,no,,WWW.HIDROLOGICA.COM.MX,SAN BENITO,83190
24,01 Dictamen IFS,no,ALCON COACHING SC,1,11-30,Serv. profesionales,Servicios de contabilidad y auditoría,COMERCIAL.HERMOSILLO@IMPUESTO.NET,sí,,WWW.IMPUESTUMHERMOSILLO.COM,SAN BENITO,83190
24,01 Dictamen IFS,no,GRUPO TOTAL INBAS SA DE CV,1,11-30,Serv. profesionales,Servicios de levantamiento geofísico,INFO@IMBAS.MX,no,,WWW.INBAS.COM,CENTENARIO,83260
24,01 Dictamen IFS,no,INVESTIGACION Y DESARROLLO DE AQUIFEROS Y AMBIENTE SA DE CV,1,11-30,Serv. profesionales,Otros servicios de consultoría científica y técnica,MARCELA.RODRIGUEZ@IDEASENAGUA.COM,sí,,IDEASENAGUA.COM,PASEO DEL SOL,83246
24,01 Dictamen IFS,no,IRP INGENIERIA EN REDES DE PLANTA SA DE CV,1,11-30,Serv. profesionales,Servicios de ingeniería,IRP_PROYECTOS@HOTMAIL.COM,sí,,,SANTA ISABEL,83130
24,01 Dictamen IFS,no,KONTEXTURA  SA DE CV,1,11-30,Serv. profesionales,Servicios de arquitectura,LIZBETH.SALAZAR@KONTEXTURE.COM,sí,,WWW.KONTEXTURE.COM,CENTRO,83000
24,01 Dictamen IFS,no,KPMG CARDENAS DOSAL SC,1,11-30,Serv. profesionales,Servicios de contabilidad y auditoría,ARIELROCHA@KPMG.COM.MX,no,,WWW.KPMG.COM.MX,ZONA MILITAR CUARTEL XV,83145
24,01 Dictamen IFS,no,SADER SENASICA,1,11-30,Serv. profesionales,Servicios de investigación científica y desarrollo en ciencias natural,FREYMAN.NAVARRO@SENASICA.GOB.MX,sí,,,DEL RAZO,83070
24,01 Dictamen IFS,no,LABORATORIO TECNOLOGICO DE METALURGIA LTM SA DE CV,1,11-30,Serv. profesionales,Laboratorios de pruebas,CVAZQUEZ@METALURGICOS.CON.MX,no,,WWW.METALURGICOS.COM.MX,PARQUE INDUSTRIAL,83297
24,01 Dictamen IFS,no,MODDTECH ENTERPRISES SAPI DE CV,1,11-30,Serv. profesionales,Servicios de diseño de sistemas de cómputo y servicios relacionados,CONTACT@MODDTECH.COM,no,,WWW.MODTECH.COM,EL LLANITO,83220
24,01 Dictamen IFS,no,NEZTER SOLUTIONS SA DE CV,1,11-30,Serv. profesionales,Servicios de diseño de sistemas de cómputo y servicios relacionados,FACTURA@NEZTER.COM,no,,WWW.NEZTER.COM,CENTENARIO,83260
24,01 Dictamen IFS,no,MFC CONSULTORIA LEGAL SC,1,11-30,Serv. profesionales,Notarías públicas,CONTABILIDAD@MFCCONSULTERIALEGAL.COM,no,,,CENTRO,83000
24,01 Dictamen IFS,no,GUZA NOTARIOS SA DE CV,1,11-30,Serv. profesionales,Notarías públicas,NOTARIOS@NOTARIA95.COM,no,,WWW.NOTARIA95.COM,SAN EPIFANIO,83190
24,01 Dictamen IFS,no,NOTARIA MUÑOZ QUINTAL Y ASOCIADOS SC,1,11-30,Serv. profesionales,Notarías públicas,NOTARIA101HERMOSILLO@HOTMAIL.COM,no,,WWW.NOTARIA101HERMOSILLO.COM.MX,PROYECTO RIO SONORA,83270
24,01 Dictamen IFS,no,F.A LIZARRAGA Y ASOCIADOS SA DE CV,1,11-30,Serv. profesionales,Notarías públicas,NOTARIA35@HOTMAIL.COM,no,,,CENTENARIO,83260
24,01 Dictamen IFS,no,NOTARIA PUBLICA NO 5 SC,1,11-30,Serv. profesionales,Notarías públicas,NOTARIA@NOTARIAPUBLICA5.COM.MX,no,,WWW.NOTARIA-PUBLICA5.COM.MX,LAS PALMAS,83270
24,01 Dictamen IFS,no,NOTARIA GASTELUM Y ASOCIADOS SC,1,11-30,Serv. profesionales,Notarías públicas,NOTARIAGASTELUM@HOTMAIL.COM,no,,,CENTRO,83000
24,01 Dictamen IFS,no,OMICRON COMPUTACION PARA MANUFACTURA Y ADMINISTRACION SA DE CV,1,11-30,Serv. profesionales,Servicios de consultoría en administración,NANCY.GONZALEZ@OMICRONCMA.COM.MX,sí,,WWW.OMICRONCMA.COM,LAS GRANJAS,83520
24,01 Dictamen IFS,no,P Y G INGENIERIA SA DE CV,1,11-30,Serv. profesionales,Servicios de ingeniería,IVANPENNOCK@PYGINGENIERIA.COM,no,,WWW.PYGINGENIERIA.COM,LOMA LINDA,83150
24,01 Dictamen IFS,no,P&S INGENIERIA ELECTROMECANICAS SA,1,11-30,Serv. profesionales,Servicios de ingeniería,FSALINAS@PYS.COM.MX,no,,WWW.PYS.COM.MX,PARQUE INDUSTRIAL,83299
24,01 Dictamen IFS,no,PLAXMA COMUNICACIONES SA DE CV,1,11-30,Serv. profesionales,Agencias de publicidad,ADMINISTRACION@PLAXMA.TV,no,,WWW.PLAXMA.TV,EL LLANITO,83220
24,01 Dictamen IFS,no,PROSOM SA DE CV,1,11-30,Serv. profesionales,Servicios de ingeniería,PROSERVICIOSSON@GMAIL.COM,no,,,PITIC,83150
24,01 Dictamen IFS,no,PROYEX IMAGEN URBANA SA DE CV,1,11-30,Serv. profesionales,Agencias de anuncios publicitarios,PROYEXMEXICO@GMAIL.COM,no,,WWW.PROYEXDIGITAL.MX,LOMAS PITIC,83010
24,01 Dictamen IFS,no,IMPACTO VINIL SA DE CV,1,11-30,Serv. profesionales,Agencias de publicidad,CONTABILIDAD.GRUPOIV@GMAIL.COM,sí,,WWW.IMPACTOVINIL.COM,CENTRO,83000
24,01 Dictamen IFS,no,RIOS BARRIENTOS Y ASOCIADOS ASESORIA LEGAL EMPRESARIAL SC,1,11-30,Serv. profesionales,Bufetes jurídicos,ADMINISTRACION@RIOSBARRIENTOS.COM,no,,WWW.RIOSBARRIENTOS.COM,LAS PALMAS,83270
24,01 Dictamen IFS,no,DESPACHO DE INGENIEROS SA DE CV,1,11-30,Serv. profesionales,Servicios de ingeniería,CONTACTO@RLINFRAESTRUCTURA.COM.MX,no,,,ISSSTESON LUX,83278
24,01 Dictamen IFS,no,RMS GEOESPACIAL  SA DE CV,1,11-30,Serv. profesionales,Servicios de elaboración de mapas,INFO@RMSGEOESPACIAL.COM,no,,WWW.RMSGEOESPACIAL.COM,PEDREGAL DE LA VILLA,83290
24,01 Dictamen IFS,no,SETECNO SA DE CV,1,11-30,Serv. profesionales,Servicios de diseño de sistemas de cómputo y servicios relacionados,ADMINISTRACION@SETECNO.COM.MX,no,,WWW.SETECNO.COM,CENTRO,83000
24,01 Dictamen IFS,no,SICRE YEPIZ CELAYA Y ASOCIADOS SC,1,11-30,Serv. profesionales,Agencias de publicidad,INFO@BOTONROJO.COM,no,,WWW.BOTONROJO.COM,SAN BENITO,83190
24,01 Dictamen IFS,no,SLT RH Y TRADE SA DE CV,1,11-30,Serv. profesionales,Servicios de consultoría en administración,SLT.RH.I.TRADEE@GMAIL.COM,no,,,CENTENARIO,83260
24,01 Dictamen IFS,no,SOTO MAYOR ZAZUETA Y ASOCIADOS SC,1,11-30,Serv. profesionales,Servicios de contabilidad y auditoría,CONTACTO@DESPACHOSOTOMAYOR.COM,no,,,RESIDENCIAL DE ANZA,83248
24,01 Dictamen IFS,no,SCHAFER SISTEMAS INTERNATIONAL SA DE CV,1,11-30,Serv. profesionales,Servicios de diseño de sistemas de cómputo y servicios relacionados,ALFONSO.RODRIGEZ@SSI-SCHAFER.COM,sí,,,EL LLANITO,83220
24,01 Dictamen IFS,no,GUILLERMO ESPINDOLA ORCI,1,11-30,Serv. profesionales,Servicios de diseño de sistemas de cómputo y servicios relacionados,ENRIQUE@XIPETECNOLOGI.COM,no,,WWW.XIPEGROUP.COM,CENTRO,83000
24,01 Dictamen IFS,no,ACTIVO LIQUIDO SA DE CV,1,11-30,Apoyo a negocios,Agencias de cobranza,ACASTELLANOS@ACTIVOLIQUIDO.COM,no,,WWW.ACTIVOLIQUIDO.COM,LAS PALMAS,83270
24,01 Dictamen IFS,no,GRUPO KREA MODELS SC,1,11-30,Apoyo a negocios,Agencias de empleo temporal,KREAEVENTOS47@GMAIL.COM,no,,,SAN BENITO,83190
24,01 Dictamen IFS,no,CORPORACION MEXICALENSE SA DE CV,1,11-30,Apoyo a negocios,Servicios de protección y custodia mediante el monitoreo de sistemas d,ELIZABETH.RODRIGUEZ@ALARMEX.COM.MX,sí,,WWW.ALARMEX.COM.MX,SAN BENITO,83190
24,01 Dictamen IFS,no,BCM THECNICAL RECUITERS SA DE CV,1,11-30,Apoyo a negocios,Agencias de colocación,FPARADA@BCMEX.COM,no,,WWW.BCMEX.COM,COUNTRY CLUB,83010
24,01 Dictamen IFS,no,CONSORCIO JURIDICO DE COBRANZA ESPECIALIZADA SA DE CV,1,11-30,Apoyo a negocios,Agencias de cobranza,MARIA.OLIVARES@CONJUR.MX,sí,,WWW.CJC.MX,VALLE GRANDE HERMOSILLO,83205
24,01 Dictamen IFS,no,COMERCIANTES ASOCIADOS EN HERMOSILLO SA DE CV,1,11-30,Apoyo a negocios,"Servicios de fotocopiado, fax y afines",COPXEROX_OFELIX@HOTMAIL.COM,sí,,,CENTENARIO,83260
24,01 Dictamen IFS,no,SERVICIOS DENTICARE SA DE CV,1,11-30,Apoyo a negocios,Servicios de administración de negocios,GHERMOSILLO@DENTALIA.COM,no,,WWW.DENTALIA.COM,PROYECTO RIO SONORA,83280
24,01 Dictamen IFS,no,GRUPO DIESSO SA DE CV,1,11-30,Apoyo a negocios,Servicios de remediación de residuos por el sector privado,ADMINISTRACION@GRUPODIESSO.COM,no,,,SAHUARO,83170
24,01 Dictamen IFS,no,GRUPO ESTRATEGIA SA DE CV,1,11-30,Apoyo a negocios,Agencias de empleo temporal,GERENTEOPHMO@GRUPPEFLORES.MX,no,,WWW.GRUPOESTRATEGIA.MX,LOMAS PITIC,83010
24,01 Dictamen IFS,no,EULEN DE SEGURIDAD PRIVADA SA DE CV,1,11-30,Apoyo a negocios,"Servicios de investigación y de protección y custodia, excepto mediant",LMELENDEZ@EULEN.COM,no,,WWW.EULEN.COM,VALLE VERDE,
24,01 Dictamen IFS,no,SOLUCIONES INTEGRALES PARA EL RECURSO HUMANO S DE RL DE CV,1,11-30,Apoyo a negocios,Agencias de colocación,ELIZABETH_SAUCEDA@GTSERVICE.MX,sí,,WWW.GTSERVICE.MX,PARQUE INDUSTRIAL,
24,01 Dictamen IFS,no,OFICINA DE CONVENCIONES VISITANTES DE HERMOSILLO AC,1,11-30,Apoyo a negocios,Organizadores de convenciones y ferias comerciales e industriales,INFO@OCVHERMOSILO.COM,no,,WWW.OCBHERMOSILLO.COM,RAQUET CLUB,83200
24,01 Dictamen IFS,no,OFICINA ALTERNA PHOENIX S DE RL DE CV,1,11-30,Apoyo a negocios,Otros servicios de apoyo secretarial y similares,OAP1209@GMAIL.COM,no,,,SAN BENITO,83190
24,01 Dictamen IFS,no,SELABE MOTORS SA DE CV,1,11-30,Apoyo a negocios,Agencias de cobranza,KATHYA.MATA@ELEKTRA.COM.MX,sí,,,OLIVARES,83180
24,01 Dictamen IFS,no,PSM PAYMENT SERVICES MEXICO SA DE CV,1,11-30,Apoyo a negocios,Otros servicios de apoyo secretarial y similares,U.MORENO@PROSEPAGO.COM,sí,,WWW.PROSEPAGO.COM,QUINTA EMILIA,83176
24,01 Dictamen IFS,no,BAO INGENIERIA DE SERVICIOS SA DE CV,1,11-30,Apoyo a negocios,Manejo de residuos peligrosos y servicios de remediación a zonas dañad,CONTRALOR@RECIKLAN.COM.MX,no,,GRUPORECIKLAN.COM,LA VICTORIA,83304
24,01 Dictamen IFS,no,SEGURIDAD PRIVADA GINTHER DE OCCIDENTE S DE RL DE CV,1,11-30,Apoyo a negocios,Servicios de protección y custodia mediante el monitoreo de sistemas d,GERENCIAFINANZAS@SECORP.MX,no,,,JACINTO LOPEZ,83105
24,01 Dictamen IFS,no,GRUPO SECURITAS MEXICO SA DE CV,1,11-30,Apoyo a negocios,"Servicios de investigación y de protección y custodia, excepto mediant",KARINA.GAMBOA@SECURITAS.COM.MX,sí,,WWW.SECURITAS.COM.MX,CENTENARIO,
24,01 Dictamen IFS,no,SERVICIOS INTEGRALES DE INGENIERIA E INFORMATICA SA DE CV,1,11-30,Apoyo a negocios,Servicios de protección y custodia mediante el monitoreo de sistemas d,DIRECCION@SERTRES.NET,no,,WWW.STOPTECH.COM.MX,QUINTA EMILIA,83214
24,01 Dictamen IFS,no,SERVICIOS DGN CHIHUAHUA SA DE CV,1,11-30,Apoyo a negocios,Suministro de personal permanente,JREYES@IENOVA.COM.MX,no,,,COUNTRY CLUB,83010
24,01 Dictamen IFS,no,BIENES RAICES MADERO BENITEZ S DE RL DE CV,1,11-30,Apoyo a negocios,Agencias de colocación,GERENCIA@SONORACLEAN.COM.MX,no,,WWW.SONORACLEAN.MX,OLIVARES,83180
24,01 Dictamen IFS,no,TECNOLOGIA EN SEGURIDAD PRIVADA SSIA Q ROO SA DE CV,1,11-30,Apoyo a negocios,"Servicios de investigación y de protección y custodia, excepto mediant",AGOPA@SSIA.COM.MX,no,,,LA MANGA,83220
24,01 Dictamen IFS,no,PROTECCION 24-SIETE DEL NOROESTE SA DE CV,1,11-30,Apoyo a negocios,Servicios de protección y custodia mediante el monitoreo de sistemas d,SALVADOR24SIETE@GMAIL.COM,no,,,OLIVARES,83180
24,01 Dictamen IFS,no,VINCCO CENTRO DE CONTACTO SA DE CV,1,11-30,Apoyo a negocios,Servicios de recepción de llamadas telefónicas y promoción por teléfon,DESARROLLOHUMANO@VINCO.MX,no,,VINCO.COM,CENTRO,83000
24,01 Dictamen IFS,no,ESCUELA PRIMARIA FEDERAL EMILIANO ZAPATA,1,11-30,Educación,Escuelas de educación primaria del sector público,ESCUELA_EZ@HOTMAIL.COM,sí,,,LOMAS DE MADRID,83103
24,01 Dictamen IFS,no,CENTRO DE ATENCION MULTIPLE NO 59,1,11-30,Educación,Escuelas del sector público de educación para necesidades especiales,CAM59.HMO@GMAIL.COM,no,,,SAN BENITO,83190
24,01 Dictamen IFS,no,CENTRO DE EDUCACION BILINGUE MC SC,1,11-30,Educación,Escuelas del sector privado que combinan diversos niveles de educación,SECUNDARIA@CEB.MX,no,,WWW.CEB.MX,SAN BENITO,83190
24,01 Dictamen IFS,no,CENTRO DE ESTUDIOS SUPERIORES EN CIENCIAS JURIDICAS Y CRIMINOLOGICAS SC,1,11-30,Educación,Escuelas de educación superior del sector privado,CONTACTO@CESCIJUC.COM.MX,no,,WWW.CESCIJUC.EDU.MX,CENTRO,83000
24,01 Dictamen IFS,no,CENTROS ESCOLARES GEU AC,1,11-30,Educación,Escuelas de educación primaria del sector privado,ZCASTILLO@CEGEU.ORG.MX,no,,,VISTA REAL,83296
24,01 Dictamen IFS,no,PATRONATO CULTURAL CEUNO S DE RL DE CV,1,11-30,Educación,Escuelas de educación superior del sector privado,HERMOSILLO@CEUNO.COM.MX,no,,WWW.CEUNO.COM.MX,RAQUET CLUB,83200
24,01 Dictamen IFS,no,LOP BAL Y ASOCIADOS AC,1,11-30,Educación,Escuelas de educación primaria del sector privado,26PPR0116J@ESCSONORA.EDU.MX,no,,,TERRANOVA,83296
24,01 Dictamen IFS,no,COLEGIO BICULTURAL GENESIS SC,1,11-30,Educación,Escuelas del sector privado que combinan diversos niveles de educación,COLEGIOBICULTURALGENESIS@HOTMAIL.COM,no,,WWW.COLEGIOBICULTURALGENESIS.COM.MX,JESUS GARCIA,83140
24,01 Dictamen IFS,no,PEDRO EDUCACION EN TODOS LOS NIVELES Y MODALIDADES AC,1,11-30,Educación,Escuelas del sector privado que combinan diversos niveles de educación,PRIMARIADIRECCION@CBMARINA.EDU.MX,no,,,SAHUARO,83178
24,01 Dictamen IFS,no,D COLORES PREESCOLAR BILINGUE SC,1,11-30,Educación,Escuelas del sector privado que combinan diversos niveles de educación,INFORMES@BRIGHTONBILINGUAL.EDU.MX,no,,,LAS PALMAS,83270
24,01 Dictamen IFS,no,ASESORIAS PROGRESO SC,1,11-30,Educación,Escuelas de educación media superior del sector privado,ASESORIASPROGRESO@HOTMAIL.COM,no,,,CENTRO,83000
24,01 Dictamen IFS,no,FILANTROPICA Y EDUCATIVA DEL NOROESTE AC,1,11-30,Educación,Escuelas de educación preescolar del sector privado,CONTABILIDAD@COLEGIOBPM.EDU.MX,no,,,SAN BENITO,83190
24,01 Dictamen IFS,no,COLEGIO EDUCATIVO EMANUEL AC,1,11-30,Educación,Escuelas del sector privado que combinan diversos niveles de educación,COLEGIOEDUCATIVOEMANUEL@GMAIL.COM,no,,,CENTRO,83000
24,01 Dictamen IFS,no,SANTOS ALCALA CADENA AC,1,11-30,Educación,Escuelas de educación media superior del sector privado,PMACOLEGIO2023@GMAIL.COM,no,,,LOS ANGELES,83106
24,01 Dictamen IFS,no,COLEGIO PEDRO MORENO ALVAREZ AC,1,11-30,Educación,Escuelas de educación secundaria general del sector privado,COLEGIOPMA@HOTMAIL.COM,no,,,LOPEZ DEL CASTILLO,83105
24,01 Dictamen IFS,no,SISTEMA EDUCATIVO DEL PITIC SC,1,11-30,Educación,Escuelas de educación primaria del sector privado,COLEGIO@CSA.EDU.MX,no,,,COUNTRY CLUB,83010
24,01 Dictamen IFS,no,ANA LEE CORREA SO SC,1,11-30,Educación,Escuelas del sector privado que combinan diversos niveles de educación,INFORMES.COLEGIOZANDERS@GMAIL.COM,sí,,,LAS QUINTAS,83240
24,01 Dictamen IFS,no,ELEMENTARY PRINCE AC,1,11-30,Educación,Escuelas de educación preescolar del sector privado,LICEOPRINCIPITO@HOTMAIL.COM,no,,WWW.LICEOPRINCIPITO.MX,BALDERRAMA,83180
24,01 Dictamen IFS,no,ESCUELA MIGDELENIA GIL SAMANIEGO SEC,1,11-30,Educación,Escuelas de educación primaria del sector público,PRIMARIASMIGDELINAGIL@GMAIL.COM,no,,,BALDERRAMA,83180
24,01 Dictamen IFS,no,INSTITUTO BICULTURAL PALO ALTO LOS ENCINOS SC,1,11-30,Educación,Escuelas del sector privado que combinan diversos niveles de educación,ROSARIO.CASTILLO@PALOALTOSCHOOL.COM,sí,,WWW.PALOALTOSCHOOL.COM,URVI ALAMEDA LOS ENCINOS,83293
24,01 Dictamen IFS,no,AGRUPACION DE JOVENES ANDRADE AC,1,11-30,Educación,Escuelas de educación media superior del sector privado,DIRECCIONACADEMICA@COLEGIOYOLANDAANDRADE.MX,no,,,VILLA SONORA,83106
24,01 Dictamen IFS,no,ESCUELA PRIMARIA GENERAL IGNACIO L PESQUEIRA,1,11-30,Educación,Escuelas de educación primaria del sector público,ESCUELA_PESQUEIRA@HOTMAIL.COM,sí,,,OLIVARES,83180
24,01 Dictamen IFS,no,NUEVA CREACION SOLIDARIDAD NO 2,1,11-30,Educación,Escuelas de educación primaria del sector público,NUEVACREACIONSOLIDARIDAD2@GMAIL.COM,no,,,LUIS DONALDO COLOSIO,83344
24,01 Dictamen IFS,no,LPG 150803 M6A LEARNING AND PLAYING GIOCO SC,1,11-30,Educación,Escuelas de educación preescolar del sector privado,GIOCO.HMO@GMAIL.COM,sí,,,CONSTITUCION,83150
24,01 Dictamen IFS,no,IEH INSTITUTO EDUCATIVO HERMOSILLO SC,1,11-30,Educación,Escuelas de educación superior del sector privado,IGNACIONICHOLSF@GMAIL.COM,no,,,CENTRO,83000
24,01 Dictamen IFS,no,BELLEZA TOTAL HERMOSILLO SC,1,11-30,Educación,Escuelas del sector privado dedicadas a la enseñanza de oficios,IMAGENRECEP85@GMAIL.COM,no,,,CENTRO,83000
24,01 Dictamen IFS,no,INSTITUTO DE ODONTOLOGIA DEL NOROESTE ION AC,1,11-30,Educación,Escuelas de educación superior del sector privado,FACTURACIONION@HOTMAIL.COM,no,,WWW.UNIVERSIDADION.COM,VALLE ESCONDIDO,83207
24,01 Dictamen IFS,no,INSTITUTO DEL SISTEMA EMPRESA INTELIGENTE ABA SC,1,11-30,Educación,Escuelas de educación superior del sector privado,ADMINISTRACION@EMPRESAINTELIGENTE.COM,no,,WWW.ISEI.EDU.MX,EL CENTENARIO,83260
24,01 Dictamen IFS,no,INSTITUTO HALIL SC,1,11-30,Educación,Escuelas del sector privado que combinan diversos niveles de educación,HALILOFICINA@GMAIL.COM,no,,,LAS COLINAS,83145
24,01 Dictamen IFS,no,CENTRO EDUCACION PRESCOLAR PITIC SC,1,11-30,Educación,Escuelas de educación preescolar del sector privado,KINDERNH@HOTMAIL.COM,no,,WWW.NUEVOSHORIZONTES.EDU.MX,CENTENARIO,83260
24,01 Dictamen IFS,no,LAZARO CARDENAS TURNO MATUTINO,1,11-30,Educación,Escuelas de educación primaria del sector público,26EPR0125L@ESCSONORA.EDU.MX,no,,,CENTRO,83340
24,01 Dictamen IFS,no,IDEAS EN FORMACION HUMANA SC,1,11-30,Educación,Escuelas de educación preescolar del sector privado,LICEOJACOMENIOS@OUTLOOK.COM,no,,,CENTENARIO,83260
24,01 Dictamen IFS,no,INSTITUTO EDUCATIVO BILINGUE LOGRA SC,1,11-30,Educación,Escuelas del sector privado que combinan diversos niveles de educación,INFO@INSTITUTOLOGRA.COM,no,,INSTITUTOLOGRA.COM,MONTEBELLO,83249
24,01 Dictamen IFS,no,NAMS NORTH AMERICAN MANAGEMENT SOLUTIONS SA DE CV,1,11-30,Educación,Escuelas para la capacitación de ejecutivos del sector privado,ELYSIUM.MEXICO@GMAIL.COM,sí,,WWW.ELYSIUMMEXICO.COM.MX,CENTRO,83000
24,01 Dictamen IFS,no,PALO ALTO ESCUELA AMERICANA SC,1,11-30,Educación,Escuelas del sector privado que combinan diversos niveles de educación,MARIA.DAVILA@PALOALTOSCHOOL.COM,sí,,,SAN BENITO,83190
24,01 Dictamen IFS,no,CAPACITACION EN COMPUTACION E INGLES SC,1,11-30,Educación,Escuelas de computación del sector privado,DIRSONORA@GRUPOCETEC.COM,no,,WWW.GRUPOCETEC.COM,CENTRO,83000
24,01 Dictamen IFS,no,SENDERO PRE OLAR SC,1,11-30,Educación,Escuelas de educación preescolar del sector privado,CONTACTO@SENDEROPREESCOLAR.EDU.MX,no,,WWW.SENDEROPREESCOLAR.EDU.MX,CASA GRANDE 2,83246
24,01 Dictamen IFS,no,ARBAVEL  SC,1,11-30,Educación,Escuelas de educación preescolar del sector privado,TIERRAAZUL2001@GMAIL.COM,no,,WWW.TIERRAAZUL.COM.MX,CENTENARIO,83260
24,01 Dictamen IFS,no,UNIDAD DE EDUCACION MEDIA SUPERIOR TECNOLOGICA AGROPECUARIA Y CIENCIAS DEL MAR,1,11-30,Educación,Escuelas de educación media superior del sector público,SON.UEMSTAYCM@GMAIL.COM,sí,,,PASEO DEL SOL,83246
24,01 Dictamen IFS,no,COMPLEJO ESCOLAR RIERA SC,1,11-30,Educación,Escuelas de educación media superior del sector privado,UNEPROPPREPA@YAHOO.COM,no,,,VILLAS DEL PALMAR,83105
24,01 Dictamen IFS,no,UNIVERSIDAD DE HERMOSILLO AC,1,11-30,Educación,Escuelas de educación superior del sector privado,RECTORIA@UDEH.US,no,,WWW.UDEH.US,SAN BENITO,83190
24,01 Dictamen IFS,no,ALBERGUE SRITA LUZ VALENCIA,1,11-30,Salud,Residencias del sector privado con cuidados de enfermeras para enfermo,ALBERGUELUZVALENCIA@HOTMAIL.COM,no,,,SAN BENITO,83190
24,01 Dictamen IFS,no,SALUD MASIVA SA DE CV,1,11-30,Salud,Consultorios dentales del sector privado,HERMOSILLO@CLINICADENTALCENTAURO.COM.MX,no,,WWW.CENTAURO.COM.MX,SAN BENITO,83190
24,01 Dictamen IFS,no,CENTRO ESPECIALIZADO EN ADICCIONES SHADDAI AC,1,11-30,Salud,Residencias del sector privado para el cuidado de personas con problem,CLINICA.REHABILITACIONSHADDAI.@GMAIL.COM,no,,,JESUS GARCIA,83140
24,01 Dictamen IFS,no,CENTRO ESTATAL DE TRASPLANTES,1,11-30,Salud,Otros servicios de orientación y trabajo social prestados por el secto,CEESTRA@SONORA.GOB.MX,no,,WWW.CEESTRA.SONORA.GOB.MX,PRADOS DEL CENTENARIO,83260
24,01 Dictamen IFS,no,CENTRO OFTALMOLOGICO DE SONORA SA DE CV,1,11-30,Salud,Consultorios de medicina especializada del sector privado,OFTALMOLOGICODESONORA@GMAIL.COM,no,,CENTROOFTALMOLOGICODESONORA.COM,MODELO,83190
24,01 Dictamen IFS,no,CLINICA CTEA AC,1,11-30,Salud,Centros del sector privado de atención médica externa para enfermos me,CLINICA.CTEA@GMAIL.COM,sí,,,SAN BENITO,83190
24,01 Dictamen IFS,no,SERVICIOS MEDICOS DEL DESIERTO S DE RL DE CV,1,11-30,Salud,Consultorios de medicina especializada del sector privado,NEUROCIENCIASMEXICOCUBA@GMAIL.COM,no,,,PITIC,83150
24,01 Dictamen IFS,no,CASA HOGAR LA PROVIDENCIA AC,1,11-30,Salud,Orfanatos y otras residencias de asistencia social del sector privado,PHPROVIDENCIA@HOTMAIL.COM,no,,,5 DE MAYO,83010
24,01 Dictamen IFS,no,HOGARES SOR MARIA DE JESUS SACRAMENTADO,1,11-30,Salud,Asilos y otras residencias del sector privado para el cuidado de ancia,CHMADREAMABLE@HOTMAIL.COM,no,,HOGARES1996.COM.MX,LOS JARDINES,83113
24,01 Dictamen IFS,no,IMAGENOLOGIA DIAGNOSTICA ESPEIALIZADA DE SONORA SA DE CV,1,11-30,Salud,Laboratorios médicos y de diagnóstico del sector privado,IMADESSC@GMAIL.COM,no,,,CENTRO,83000
24,01 Dictamen IFS,no,INSTITUTO KINO AC,1,11-30,Salud,Orfanatos y otras residencias de asistencia social del sector privado,INSTITUTOKINO2016@GMAIL.COM,no,,,CASA BLANCA,83079
24,01 Dictamen IFS,no,JUEGOS Y SONRISAS GUARDERIA AC,1,11-30,Salud,Guarderías del sector privado,JUEGOS_SONRISAS@HOTMAIL.COM,sí,,,5 DE MAYO,83010
24,01 Dictamen IFS,no,FUNDACION PARA LA ATENCION E INCLUCION DEL ADULTO MAYOR AC,1,11-30,Salud,Asilos y otras residencias del sector privado para el cuidado de ancia,LAESTANCIAHERMOSIILLO@GMAIL.COM,no,,,MODELO,83190
24,01 Dictamen IFS,no,GRUPO DIAGNOSTICO MEDICO PROA SA DE CV,1,11-30,Salud,Laboratorios médicos y de diagnóstico del sector privado,INFORMES.WEB@CHOPO.COM.MX,sí,,WWW.CHOPO.COM.MX,CENTENARIO,83260
24,01 Dictamen IFS,no,GRUPO BIOQUIMICO SAN JOSE SC,1,11-30,Salud,Laboratorios médicos y de diagnóstico del sector privado,LABORATORIOBSANJOSE@GMAIL.COM,no,,LABORATORIOSANJOSE.COM,VILLA SATELITE,83200
24,01 Dictamen IFS,no,LW ORTODIAGNOSTICO SA DE CV,1,11-30,Salud,Laboratorios médicos y de diagnóstico del sector privado,ORTODIAGNOSTICO_DIGITAL@HOTMAIL.COM,sí,,WWW.ORTODIAGNOSTICO3D.COM,CENTRO,83000
24,01 Dictamen IFS,no,SALUD INDUSTRIAL Y EMPRESARIAL MEXICANA SA DE CV,1,11-30,Salud,Hospitales generales del sector privado,DR.NAVARRO@SIEM.CARE,sí,,WWW.SIEMCARE,TERRANOVA,83296
24,01 Dictamen IFS,no,SERVICIOS MEDICOS CAPILLARIS SC,1,11-30,Salud,Consultorios de medicina especializada del sector privado,SERVICIOSMEDICOSCAPILLARIS@GMAIL.COM,no,,WWW.SERVICIOSMEDICOSCAPILLARIS.COM,PITIC,83150
24,01 Dictamen IFS,no,SOI SERVICIOS INTEGRALES DE SALUD OCUPACIONAL SC,1,11-30,Salud,Clínicas de consultorios médicos del sector privado,SOIQUINTAROO@SOI.COM.MX,no,,WWW.SOI.MX,OLIVARES,83180
24,01 Dictamen IFS,no,CLUB DE DEPORTISTAS BAHIA KINO AC,1,11-30,Esparcimiento,Clubes deportivos del sector privado,CLUBDEPORTIVO@GMAIL.COM,no,,WWW.KINOBAYCLUBDEPORTIVO.COM,BAHIA DE KINO CENTRO,83343
24,01 Dictamen IFS,no,RAQUET FITNESS CLUB SA DE CV,1,11-30,Esparcimiento,Centros de acondicionamiento físico del sector privado,WANDAFITMAX@GMAIL.COM,no,,,SIENA RESIDENCIAL,83210
24,01 Dictamen IFS,no,MEXICO FUNCIONAL FITNESS FEDERACION MF3 AC,1,11-30,Esparcimiento,Centros de acondicionamiento físico del sector privado,HOLA@MEXICOMF3.COM,no,,WWW.MEXICOMF3.COM,LOMAS PITIC,83010
24,01 Dictamen IFS,no,CONVENIO CON EL ESTADO Y FEDERAL,1,11-30,Esparcimiento,Museos del sector público,MUSEO.SON@INAH.GOB.MX,sí,,WWW.INAH.GOB.MX,MATANZA,83080
24,01 Dictamen IFS,no,RECREFAM SA DE CV,1,11-30,Esparcimiento,Casas de juegos electrónicos,JLEDESMA@GRUPODINIZ.COM.MX,no,,WWW.RECORCHOLIS.COM.MX,PROYECTO RIO SONORA,83280
24,01 Dictamen IFS,no,IC PROACTIVA SA DE CV,1,11-30,Esparcimiento,Centros de acondicionamiento físico del sector privado,GYMSONORAFITTNESS@GMAIL.COM,no,,WWW.SONORAFITNESS.COM.MX,PROYECTO RIO SONORA,83270
24,01 Dictamen IFS,no,FUTURA INTERNACIONAL MV S DE RL DE CV,1,11-30,Hospedaje y alimentos,Restaurantes con servicio de preparación de alimentos a la carta o de ,ALMADA.HMO21@GMAIL.COM,no,,,CENTENARIO,83260
24,01 Dictamen IFS,no,BODEGA OCHO DE LA BAJA SA DE CV,1,11-30,Hospedaje y alimentos,Restaurantes con servicio de preparación de pescados y mariscos,BODEGAOCHOHMO@GMAIL.COM,no,,,BACHOCO,83148
24,01 Dictamen IFS,no,HM FOODS PACIFICO,1,11-30,Hospedaje y alimentos,Restaurantes con servicio de preparación de alimentos a la carta o de ,GERENCIAHMO@HEMARESTAURANTES.MX,no,,BUFFALOWILDWINGS.COM,PROYECTO RIO SONORA XXI,83270
24,01 Dictamen IFS,no,BUHOS MOTEL SA DE CV,1,11-30,Hospedaje y alimentos,Moteles,MOTELBUHOS@HOTMAIL.COM,no,,,COLEGIO MILITAR AEROPUERTO,83220
24,01 Dictamen IFS,no,ALIMENTOS Y CERVEZAS DEL MORELOS SA DE CV,1,11-30,Hospedaje y alimentos,Restaurantes con servicio de preparación de alimentos a la carta o de ,BUQUIBICHIMORELOS@GMAIL.COM,no,,,LORETO,83146
24,01 Dictamen IFS,no,ALIMENTOS Y BEBIDAS HERMOSILLO SA DE CV,1,11-30,Hospedaje y alimentos,"Bares, cantinas y similares",IRIGOYEN921127@GMAIL.COM,no,,,BUGAMBILIA,83140
24,01 Dictamen IFS,no,AJ2018 S DE RL DE CV,1,11-30,Hospedaje y alimentos,Restaurantes con servicio de preparación de alimentos a la carta o de ,CHILTEPINOSMISIONES@HOTMAIL.COM,no,,,MISION SAN JERONIMO,83125
24,01 Dictamen IFS,no,OPERADORA MADERO 421 S DE RL DE CV,1,11-30,Hospedaje y alimentos,Restaurantes con servicio de preparación de alimentos a la carta o de ,CHILTEHMO@GMAIL.COM,no,,WWW.CHILTEPINOSWING.MX,LAS LOMAS,83293
24,01 Dictamen IFS,no,RSJS 2007 SA DE CV,1,11-30,Hospedaje y alimentos,Restaurantes con servicio de preparación de alimentos a la carta o de ,CHILTEPINOSCENTRO@GMAIL.COM,no,,WWW.CHILTEPINOSWINGS.COM,CENTRO,83000
24,01 Dictamen IFS,no,EL SABOR ORIENTAL SA DE CV,1,11-30,Hospedaje y alimentos,Restaurantes con servicio de preparación de alimentos a la carta o de ,SERGIOIRIBE@MODITELAS.COM,no,,,CENTRO,83000
24,01 Dictamen IFS,no,INTEGRADORA COMERCIAL MAZCOT SA DE CV,1,11-30,Hospedaje y alimentos,Servicios de comedor para empresas e instituciones,SIACCOMEDORES@HOTMAIL.COM,no,,,LOS ARCOS,83250
24,01 Dictamen IFS,no,COMICX HERMOSILLO SA DE CV,1,11-30,Hospedaje y alimentos,Restaurantes con servicio de preparación de alimentos a la carta o de ,ADMIN.GALERIAS@COMICX.COM.MX,sí,,COMICX.COM.MX,PROYECTO RIO SONORA XXI,83270
24,01 Dictamen IFS,no,KINO SONORA CORP SA DE CV,1,11-30,Hospedaje y alimentos,Restaurantes con servicio de preparación de alimentos a la carta o de ,ITALIAENHERMOSILLO@GMAIL.COM.MX,no,,,PITIC,83150
24,01 Dictamen IFS,no,COMERCIALIZADORA NAKABE SA DE CV,1,11-30,Hospedaje y alimentos,Restaurantes de autoservicio,EATSALADBLVD@HOTMAIL.COM,no,,WWW.EATSALDAD.COM.MX,SAN BENITO,83190
24,01 Dictamen IFS,no,RESTAURANTE BOTETOS SA DE CV,1,11-30,Hospedaje y alimentos,Restaurantes con servicio de preparación de alimentos a la carta o de ,EATSALADLOMAS03@GMAIL.COM,no,,WWW.EATSALAD.MX,LAS LOMAS,83293
24,01 Dictamen IFS,no,EXPERIENCIAS ECONATURA SA DE CV,1,11-30,Hospedaje y alimentos,Hoteles con otros servicios integrados,HOTELECONATURA@GMAIL.COM,no,,WWW.HOTELECONATURA.COM.MX,SANTA MARTHA,83304
24,01 Dictamen IFS,no,EL CAZADOR ASADERO SA DE CV,1,11-30,Hospedaje y alimentos,Restaurantes con servicio de preparación de tacos y tortas,FACTURACIONELCAZADORASADOR@GMAIL.COM,no,,WWW.ASADEROELCAZADOR.COM.MX,HACIENDA DEL SOL,83175
24,01 Dictamen IFS,no,OPERADORA DE HOTELES TASE SA,1,11-30,Hospedaje y alimentos,Hoteles con otros servicios integrados,BUGAMBILIA@HOTELBUGAMBILIA.COM.MX,no,,WWW.HOTELBUGAMBILIA.COM.MX,PITIC,83150
24,01 Dictamen IFS,no,IMPULSORA PLAZA HERMOSILLO SA,1,11-30,Hospedaje y alimentos,Hoteles con otros servicios integrados,CEHMO.GERENCIA@CITYEXPRESS.COM.MX,sí,,WWW.CITYEXPRESS.COM.MX,VADO DEL RIO,83078
24,01 Dictamen IFS,no,ARRENDADORA HOTEL LA FINCA S DE RL DE CV,1,11-30,Hospedaje y alimentos,Hoteles con otros servicios integrados,HOTEL_LAFINCA@OUTLOOK.ES,sí,,,CENTRO,83000
24,01 Dictamen IFS,no,HOTELES Y SERVICIOS TURISTICOS DEL NOROESTE SA,1,11-30,Hospedaje y alimentos,Hoteles con otros servicios integrados,POSADADELMARKINO@HOTMAIL.COM,no,,,KINO NUEVO,83340
24,01 Dictamen IFS,no,PROMOTORA HOTELERA DEL NAYAR SA DE CV,1,11-30,Hospedaje y alimentos,Hoteles con otros servicios integrados,RODOLFO_ARAGON@LIVE.COM,sí,,HOTELSALVADOR.COM.MX,COUNTRY CLUB,83010
24,01 Dictamen IFS,no,LM HOTELES SA DE CV,1,11-30,Hospedaje y alimentos,Hoteles sin otros servicios integrados,CONTABILIDAD@HOTELSANALBERTO.COM,no,,,CENTENARIO,83260
24,01 Dictamen IFS,no,NWMRS 7 S DE RL DE CV,1,11-30,Hospedaje y alimentos,Restaurantes con servicio de preparación de alimentos a la carta o de ,IHOP5058@NWMRS.COM,no,,WWW.IHOPMEXICO.COM,VILLA SATELITE,83200
24,01 Dictamen IFS,no,GUICIS SA DE CV,1,11-30,Hospedaje y alimentos,"Bares, cantinas y similares",LABARCAZAOYSTERBAR@GMAIL.COM,no,,,CONSTITUCION,83150
24,01 Dictamen IFS,no,BIBLIOTECAS DIVERTIDAS SA DE CV,1,11-30,Hospedaje y alimentos,"Bares, cantinas y similares",BIBLIOTECASDIVERTIDAS@HOTMAIL.COM,no,,,CENTRO,83000
24,01 Dictamen IFS,no,PROMOTORA RESTAURANTERA DE LA CINCO SA DE CV,1,11-30,Hospedaje y alimentos,Restaurantes con servicio de preparación de alimentos a la carta o de ,LAESQUINADELACINCO.GALICIA@GMAIL.COM,sí,,,COMPOSTELA,83224
24,01 Dictamen IFS,no,LA POLLOTERIA SA,1,11-30,Hospedaje y alimentos,"Restaurantes con servicio de preparación de pizzas, hamburguesas, hot ",AGVA.FACTURAS@GMAIL.COM,sí,,WWW.LAPOLLOTERIA.COM,VILLA SATELITE,83200
24,01 Dictamen IFS,no,RESTAURANTES Y CENTROS NOCTURNOS FENIX SA DE CV,1,11-30,Hospedaje y alimentos,"Bares, cantinas y similares",RECEPCION@CORPORATIVOFENIX.MX,no,,,CENTENARIO,83260
24,01 Dictamen IFS,no,OPERADORA GASTRONOMICA LIBRA SA DE CV,1,11-30,Hospedaje y alimentos,Restaurantes con servicio de preparación de alimentos a la carta o de ,FACTURASRESTAURANTLOSMAGOS@HOTMAIL.COM,no,,,CENTRO,83000
24,01 Dictamen IFS,no,MANZO PRIME STEAK HOUSE SA DE CV,1,11-30,Hospedaje y alimentos,Restaurantes con servicio de preparación de alimentos a la carta o de ,MANZOPRIME.20@GMAIL.COM,no,,,LORETO,83010
24,01 Dictamen IFS,no,COMERCIOS MW DEL NORTE SA DE CV,1,11-30,Hospedaje y alimentos,Restaurantes con servicio de preparación de pescados y mariscos,COMERCIOSMWDELNORTE@GMAIL.COM,no,,,CONSTITUCION,83150
24,01 Dictamen IFS,no,OPERADORA DE MERCADO SAN CARLOS SA DE CV,1,11-30,Hospedaje y alimentos,"Bares, cantinas y similares",MERCADOSCFACTURACION@GMAIL.COM,no,,WWW.MERCADOSANCARLOS.COM,SAN CARLOS NUEVO GUAYMAS,85506
24,01 Dictamen IFS,no,MOTEL AVION SA DE CV,1,11-30,Hospedaje y alimentos,Moteles,MOTELAVION83@HOTMAIL.COM,no,,,LA VICTORIA,83304
24,01 Dictamen IFS,no,MOTEL MARQUIS SA DE CV,1,11-30,Hospedaje y alimentos,Moteles,MOTELMARQUIS@HOTMAIL.COM,no,,,EL LLANITO,83220
24,01 Dictamen IFS,no,PORILISSING SA DE CV,1,11-30,Hospedaje y alimentos,Moteles,GORGE.GARCIA@PORPOVER.MX,sí,,,LA VICTORIA,83304
24,01 Dictamen IFS,no,MUSIC ZONE MBJ,1,11-30,Hospedaje y alimentos,Restaurantes con servicio de preparación de alimentos a la carta o de ,MUSICZONEHERMOSILLO@HOTMAIL.COM,no,,WWW.MUSICZONE.MX,PROYECTO RIO SONORA,83270
24,01 Dictamen IFS,no,PATRONATO DE LA COSTA DE HERMOSILLO,1,11-30,Hospedaje y alimentos,Servicios de comedor para empresas e instituciones,COSTAHERMOSILLO@GMAIL.COM,no,,,PIMENTEL,83188
24,01 Dictamen IFS,no,ALIMENTOS Y CERVEZAS FINAS DEL NOROESTE SA DE CV,1,11-30,Hospedaje y alimentos,Restaurantes con servicio de preparación de alimentos a la carta o de ,BUQUINAVARRETE@GMAIL.COM,no,,WWW.BUQUIBICHI.COM,CAPISTRANO RESIDENCIAL,83249
24,01 Dictamen IFS,no,EAT SALAD SA DE CV,1,11-30,Hospedaje y alimentos,Restaurantes con servicio de preparación de alimentos a la carta o de ,EATSALADCANTABRIA2022@GMAIL.COM,no,,WWW.EATGREEN.COM.MX,LA RIOJA RESIDENCIAL,83224
24,01 Dictamen IFS,no,MARISCOS LOS ARCOS SA DE CV,1,11-30,Hospedaje y alimentos,Restaurantes con servicio de preparación de pescados y mariscos,SARA@MARISCOSLOSARCOS.COM.MX,no,,,LAS PALMAS,83270
24,01 Dictamen IFS,no,OCTAVO RESTAURANTE SA DE CV,1,11-30,Hospedaje y alimentos,Restaurantes de autoservicio,OCTAVOCHILTEPINOS@OUTLOOK.COM,no,,WWW.CHILTEPINOS.COM.MX,QUINTA EMILIA,83224
24,01 Dictamen IFS,no,RESTAURANTES PISTONES SA DE CV,1,11-30,Hospedaje y alimentos,"Restaurantes con servicio de preparación de pizzas, hamburguesas, hot ",CONTABILIDAPISTONES@GMAIL.COM,no,,,CENTRO,83000
24,01 Dictamen IFS,no,BERNARDO JOSE BIERI HUFT SA DE CV,1,11-30,Hospedaje y alimentos,Restaurantes con servicio de preparación de alimentos a la carta o de ,SWISSHAUS88@GMAIL.COM,no,,SWISSHAUS.COM.MX,CENTENARIO,83000
24,01 Dictamen IFS,no,SONORA GRILL GROUP SA DE CV,1,11-30,Hospedaje y alimentos,Restaurantes con servicio de preparación de alimentos a la carta o de ,CARLOSMURRIETA@SONORAGRILLPRIME.COM,no,,SONORAGRILL.COM.MX,LOMAS PITIC,83010
24,01 Dictamen IFS,no,SERVICIOS GASTRONOMICOS COCOSPERA SA DE CV,1,11-30,Hospedaje y alimentos,Restaurantes con servicio de preparación de alimentos a la carta o de ,SONORASTEAK1@HOTMAIL.COM,no,,WWW.SONORASTEAKHOUSE.COM,PITIC,83150
24,01 Dictamen IFS,no,SAZON ITALIANO SA DE CV,1,11-30,Hospedaje y alimentos,Restaurantes con servicio de preparación de alimentos a la carta o de ,ITALIAENHERMOSILLO@GMAIL.COM,no,,,CONSTITUCION,83150
24,01 Dictamen IFS,no,SAZON ITLIANO SA DE CV,1,11-30,Hospedaje y alimentos,Restaurantes con servicio de preparación de alimentos a la carta o de ,ITALIAENHERMOSILLO@GMAIL.COM,no,,,CONQUISTADOR,83224
24,01 Dictamen IFS,no,ASOCIACION DE APOYO MUTUO PARA LOS TRABAJADORES DE LA EDUCACION DEL ESTADO S DE RL DE CV,1,11-30,Hospedaje y alimentos,Hoteles con otros servicios integrados,UNIDADSOCIALHMO@HOTMAIL.COM,no,,,PERIODISTA,83150
24,01 Dictamen IFS,no,URBANIZADORA DE LA PRESA SA DE CV,1,11-30,Hospedaje y alimentos,Servicios de comedor para empresas e instituciones,URBANIZADORAPRESA@GMAIL.COM,no,,,CENTENARIO,83260
24,01 Dictamen IFS,no,KALIBRE FOOD SA DE CV,1,11-30,Hospedaje y alimentos,Restaurantes de autoservicio,CAROLINA.MUNOZ@WINGSONORA.COM,sí,,WWW.WINGSTPO.COM.MX,BUGAMBILIA,83140
24,01 Dictamen IFS,no,FLY BY WINGS SA DE CV,1,11-30,Hospedaje y alimentos,Restaurantes de autoservicio,KDELGADO@CMR.MX,no,,,LA MANGA,83220
24,01 Dictamen IFS,no,GRUPO FEMAFE SA DE CV,1,11-30,Hospedaje y alimentos,Restaurantes con servicio de preparación de alimentos a la carta o de ,INFO@ZAGROS.MX,no,,WWW.ZAGROS.MX,COUNTRY CLUB,83810
24,01 Dictamen IFS,no,AFILUBE SA DE CV,1,11-30,Otros servicios,Reparación mecánica en general de automóviles y camiones,GERVER@AFILUBE.COM,no,,WWW.AFILUBE.COM,SAN BENITO,83190
24,01 Dictamen IFS,no,AGUIRRE & DANESI TECNOLOGIAS SA DE CV,1,11-30,Otros servicios,Reparación y mantenimiento de maquinaria y equipo agropecuario y fores,OCTAVIO.LOPEZ@ADTECNOLOGIAS.COM,sí,,ADTEGNOLOGIAS.COM,PALO VERDE,83280
24,01 Dictamen IFS,no,ASOCIACION DE ORGANISMOS DE AGRICULTORES DEL NORTE DEL ESTADO DE SONORA AC,1,11-30,Otros servicios,"Asociaciones, organizaciones y cámaras de productores, comerciantes y ",INFO@AOANS.ORG,no,,,PIMENTEL,83188
24,01 Dictamen IFS,no,ARTGON SA DE CV,1,11-30,Otros servicios,Reparación del sistema eléctrico de automóviles y camiones,ARTGONSADECV2@GMAIL.COM,no,,,LOMA LINDA,83145
24,01 Dictamen IFS,no,ASOCIACION FILANTROPICA DE PENTATHLETAS DR HUGO PENNOCK BRAVO SC,1,11-30,Otros servicios,Asociaciones y organizaciones laborales y sindicales,PDMU.SONORA.JEFATURA@GMAIL.COM,no,,,EUSEBIO KINO,83114
24,01 Dictamen IFS,no,AUTOLAVADO Y DETALLADO PROFESIONAL ROSBON SA DE CV,1,11-30,Otros servicios,Lavado y lubricado de automóviles y camiones,ROS.BON@HOTMAIL.COM,sí,,,LOS ARCOS,83250
24,01 Dictamen IFS,no,FUNERARIO LEON SA DE CV,1,11-30,Otros servicios,Servicios funerarios,FUNERARIALEON@GMAIL.COM,no,,WWW.GRUPOFUNERARIALEON.COM,SAN BENITO,83190
24,01 Dictamen IFS,no,I S S S TESON,1,11-30,Otros servicios,Asociaciones y organizaciones civiles,EREIDA.RINCON@ISSSTESON.GOB.MX,sí,,,CENTRO,83000
24,01 Dictamen IFS,no,EL FENIX 360 AC,1,11-30,Otros servicios,Asociaciones y organizaciones civiles,ELFENIX.360@HOTMAIL.COM,no,,,PROGRESISTA,83126
24,01 Dictamen IFS,no,CLINICA DE MEDICINA INTEGRAL CMI SC,1,11-30,Otros servicios,Salones y clínicas de belleza y peluquerías,LASERMEDICA@HOTMAIL.COM,no,,,LAS PALMAS,83270
24,01 Dictamen IFS,no,CLUSTER MINERO DE SONORA AC,1,11-30,Otros servicios,Asociaciones y organizaciones laborales y sindicales,CONTACTO@CLUSTERMINEROSONORA.COM.MX,no,,CLUSTERMINEROSONORA.COM.MX,EL CENTENARIO,83260
24,01 Dictamen IFS,no,AGRUPACION GEORGE PAPANICOLAU AC,1,11-30,Otros servicios,Asociaciones y organizaciones civiles,AGRUPACIONGEORGEPAPHMO@GMAIL.COM,no,,,LAS TORRES,83139
24,01 Dictamen IFS,no,DREAMS COLLISION SA DE CV,1,11-30,Otros servicios,Hojalatería y pintura de automóviles y camiones,ADMINISTRACION@DREAMSCOLLISION.COM.MX,no,,,OLIVARES,83180
24,01 Dictamen IFS,no,ESTANCIA PARA PERSONAS ENFERMAS DE ADICCIONES FEMENIL AC,1,11-30,Otros servicios,Asociaciones y organizaciones civiles,EPEACFEMENIL@GMAIL.COM,no,,,ALVARO OBREGON,83170
24,01 Dictamen IFS,no,ELECTROMECANICA Y TRANSPORTADORES SA DE CV,1,11-30,Otros servicios,Reparación y mantenimiento de maquinaria y equipo industrial,ETSA01@PRODIGY.NET.MX,no,,,PARQUE INDUSTRIAL,83297
24,01 Dictamen IFS,no,FONDO DE BECAS ESPOSOS RODRIGUEZ SC,1,11-30,Otros servicios,Asociaciones y organizaciones civiles,RAFAEL.MONGE@FER.ORG.MX,sí,,WWW.FER.ORG.MX,CENTRO,83000
24,01 Dictamen IFS,no,FUNERARIA LEON SA DE CV,1,11-30,Otros servicios,Servicios funerarios,FUNERARIALEON@GMAIL.COM,no,,WWW.GRUPOFUNERARIALEON.COM,SAN BENITO,83190
24,01 Dictamen IFS,no,ICY TECNICOS INDUSTRIALES SA DE CV,1,11-30,Otros servicios,Reparación y mantenimiento de maquinaria y equipo industrial,ADMINISTRACION@ICY.MX,no,,WWW.ICY.COM.MX,PARQUE INDUSTRIAL,83297
24,01 Dictamen IFS,no,INTENSE AUTODETALLADO PROFESIONAL SA DE CV,1,11-30,Otros servicios,Lavado y lubricado de automóviles y camiones,INFO@AUTODETALLADO.COM,no,,WWW.AUTODETALLADO.COM,LOS ARCOS,83250
24,01 Dictamen IFS,no,LOZANO AUTOCARROCERIA SA DE CV,1,11-30,Otros servicios,Hojalatería y pintura de automóviles y camiones,LOZANOAUTOCARROCERIASADECV@GMAIL.COM,no,,,LOS ATARDECERES,83100
24,01 Dictamen IFS,no,MANTENIMIENTO ELECTROMECANICO INDUSTRIAL MILO SA DE CV,1,11-30,Otros servicios,Reparación y mantenimiento de maquinaria y equipo industrial,MILOPROVEEDORES@YAHOO.COM.MX,no,,,EL MIRADOR,83106
24,01 Dictamen IFS,no,MAS MULTISERVICIOS SA DE CV,1,11-30,Otros servicios,Lavado y lubricado de automóviles y camiones,MASCARWASH@HOTMAIL.COM,no,,,VALLE SANTA MONICA,83104
24,01 Dictamen IFS,no,MC AUTOCENTER SA DE CV,1,11-30,Otros servicios,Lavado y lubricado de automóviles y camiones,RECEPCION.MORELOS@MCAUTOCENTER.COM,sí,,,LORETO,83010
24,01 Dictamen IFS,no,MC LARES AUTOSERVICIO SA DE CV,1,11-30,Otros servicios,Reparación mecánica en general de automóviles y camiones,AUTOSERVICIO@MCLARES.COM.MX,no,,,REAL DE TOLEDO,83280
24,01 Dictamen IFS,no,MCTERRA EMPRENDIMIENTOS SUSTENTABLES SC,1,11-30,Otros servicios,Asociaciones y organizaciones civiles,ATENCION.CLIENTES@MCTERRA.MX,sí,,MCTERRA.MX,PERIODISTA,83156
24,01 Dictamen IFS,no,MECATRONICA DE MEXICO SA DE CV,1,11-30,Otros servicios,Reparación y mantenimiento de maquinaria y equipo industrial,FACTURACION@MECATRONICADEMEXICO.COM,no,,WWW.MECATRONICADEMEXICO.COM,SAN BENITO,83190
24,01 Dictamen IFS,no,METAFLIX MEXICO SA DE CV,1,11-30,Otros servicios,Reparación y mantenimiento de maquinaria y equipo industrial,ADMINISTRACION@METALFIXMEXICO.COM,no,,WWW.METALFIXMEXICO.COM,SAHUARO,83170
24,01 Dictamen IFS,no,MULTISERVICIOS INDUSTRIALES GREG Y OBRA CIVIL SA DE CV,1,11-30,Otros servicios,Reparación y mantenimiento de maquinaria y equipo industrial,MULTISERVICIOSGREG@HOTMAIL.COM,no,,,CASA LINDA,83284
24,01 Dictamen IFS,no,NATURALIA COMITE PARA LA CONSERVACION DE ESPECIES SILVESTRES AC,1,11-30,Otros servicios,Asociaciones y organizaciones civiles,CONSERVACION@NATURALIA.ORG.MX,no,,WWW.NATURALIA.ORG.MX,SANTA FE,83249
24,01 Dictamen IFS,no,PROVEEDOR ELECTRICOY DE SERVICIO SA DE CV,1,11-30,Otros servicios,Reparación y mantenimiento de maquinaria y equipo industrial,ADMINISTRACION@PESSA.MX,no,,WWW.PESSA.COM.MX,EL CHOYAL,83136
24,01 Dictamen IFS,no,REINMEX SA DE CV,1,11-30,Otros servicios,Reparación y mantenimiento de maquinaria y equipo industrial,JCORTES@REINMEX.NET,no,,WWW.REINMEX.NET,LEY 57,
24,01 Dictamen IFS,no,SANITIZADORA DE SONORA SA SRL DE CV S DE RL DE CV,1,11-30,Otros servicios,Sanitarios públicos y bolerías,ADMONSSNIZO.HILLO@HOTMAIL.COM,sí,,,COLONIA LA MANGA,83220
24,01 Dictamen IFS,no,PRADO SESMA EXTINTORES SA DE CV,1,11-30,Otros servicios,Reparación y mantenimiento de maquinaria y equipo industrial,LUCYPADILLA74@LIVE.COM.MX,no,,,REAL DE LLANO,83220
24,01 Dictamen IFS,no,SINDICATO DE TRABAJADORES DEL COLEGIO DE ESTUDIOS CIENTIFICOS Y TECNOLOGICOS DEL ESTADO DE SONORA,1,11-30,Otros servicios,Asociaciones y organizaciones laborales y sindicales,GARCIA_FRANCO1968@HOTMAIL.COM,no,,,OLIVARES,83180
24,01 Dictamen IFS,no,SOLUCIONES INDUSTRIALES  SA DE CV,1,11-30,Otros servicios,Reparación y mantenimiento de maquinaria y equipo industrial,MILOPROVEEDORES@HOTMAIL.COM,no,,,OLIVARES,83180
24,01 Dictamen IFS,no,SINDICATO UNICO DE TRABAJADORES AL SERVICIO DE LOS PODERES DEL ESTADO DE SONORA,1,11-30,Otros servicios,Asociaciones y organizaciones laborales y sindicales,TESORERIASUTSPES@HOTMAIL.COM,no,,,LAS PALMAS,83270
24,01 Dictamen IFS,no,COLLISION CENTER TBS SA DE CV,1,11-30,Otros servicios,Hojalatería y pintura de automóviles y camiones,CONTABILIDAD@PBSMEXICO.COM,no,,,PROYECTO EIO SONORA,83270
24,01 Dictamen IFS,no,GRUPO CONS MAQUINADOS Y SERVICIO INDUSTRIAL SA DE CV,1,11-30,Otros servicios,Reparación y mantenimiento de maquinaria y equipo industrial,JORGE.CONS@GRUPOCONS.COM,sí,,,ADOLFO LOPEZ MATEOS,83270
24,01 Dictamen IFS,no,MARIA LETICIA VELEZ SALCIDO SA DE CV,1,11-30,Otros servicios,Reparación de suspensiones de automóviles y camiones,CUMMINGTELEMARKETING@GMAIL.COM,no,,WWW.CUMMING.COM.MX,EMILIANO ZAPATA,83280
24,01 Dictamen IFS,no,EMPRESAS LA ESPERANZA SA DE CV,1,11-30,Otros servicios,Lavanderías y tintorerías,TINTORERIASANANTONIO1959@GMAIL.COM,no,,,STAUS,83249
24,01 Dictamen IFS,no,TINTORERIA FC Y MAS DE SONORA SA DE CV,1,11-30,Otros servicios,Lavanderías y tintorerías,TECNOPLUSMORELOS@HOTMAIL.COM,no,,,PERIODISTA,83150
24,01 Dictamen IFS,no,ASOCIASION DE APOYO MUTUO PARA LA LOS TRABAJADORES DE LA EDUCACION DEL ESTADO DE SONORA SOCIEDAD MUTUALISTA,1,11-30,Otros servicios,Asociaciones y organizaciones laborales y sindicales,UNIDADSOCIALHMO@HOTMAIL.COM,no,,,PERIODISTA,83156
24,01 Dictamen IFS,no,VMX MINE PRO,1,11-30,Otros servicios,Reparación y mantenimiento de maquinaria y equipo industrial,EZAMORA@VMXMINEPRO.COM,no,,WWW.VMXMINEPRO.COM,LA MANGA,83220
22,03 Expediente Vivo,sí,TRANSPORTES Y AUTOBUSES DEL PACIFICO SA DE CV,2,11-30,Transportes,Transporte colectivo foráneo de pasajeros de ruta fija,,no,,WWW.TAP.COM.MX,EL MARIACHI,83040
22,03 Expediente Vivo,sí,UNITED PARCEL SERVICE DE MEXICO SA DE CV,2,11-30,Transportes,Servicios de mensajería y paquetería foránea,,no,,WWW.UPS.COM,QUINTA EMILIA,83124
22,03 Expediente Vivo,sí,INSTITUTO DEL DEPORTE DE HERMOSILLO,2,11-30,Esparcimiento,Centros de acondicionamiento físico del sector público,,no,,,LOMAS DE MADRID,83103
22,03 Expediente Vivo,sí,PIZZETA SA DE CV,2,11-30,Hospedaje y alimentos,"Restaurantes con servicio de preparación de pizzas, hamburguesas, hot ",,no,,,EL LLANO,83210
19,01 Dictamen IFS,no,PUNTA CHUECA S.C. DE R.L. SC DE RL DE CV,1,11-30,Agro,"Pesca y captura de peces, crustáceos, moluscos y otras especies",,no,6624695152,,PUNTA CHUECA,
19,01 Dictamen IFS,no,EL SAGUARAL SC DE RL DE CV,1,11-30,Agro,"Pesca y captura de peces, crustáceos, moluscos y otras especies",,no,6623297954,,JESUS GARCIA,
19,01 Dictamen IFS,no,EL PLANETA DE DIOS SC DE RL DE CV,1,11-30,Agro,"Pesca y captura de peces, crustáceos, moluscos y otras especies",,no,6626030719,,KINO,
19,01 Dictamen IFS,no,SCPP A Y R CANTAMAR SC DE RL,1,11-30,Agro,"Pesca y captura de peces, crustáceos, moluscos y otras especies",,no,6623408495,,BARRIO DE LA CRUZ,
19,01 Dictamen IFS,no,SOCIEDAD COOPERATIVA PRODUCTIVA Y PESQUERA CANAL DEL INFIERNILLO S DE RL,1,11-30,Agro,"Pesca y captura de peces, crustáceos, moluscos y otras especies",,no,6624185959,,PUNTA CHUECA,
19,01 Dictamen IFS,no,SCPP JOVENES ECOPESCADORES SC DE RL DE CV,1,11-30,Agro,"Pesca y captura de peces, crustáceos, moluscos y otras especies",,no,6624248673,,ALCATRAZ,
19,01 Dictamen IFS,no,SCPP Y ACUICOLA MANCHA BLANCA SC DE RL,1,11-30,Agro,"Pesca y captura de peces, crustáceos, moluscos y otras especies",,no,6622568063,,LA CRUZ,
19,01 Dictamen IFS,no,SOCIEDAD COOPERATIVA DE PRODUCCION PESQUERA Y ACUICOLA SC DE RL,1,11-30,Agro,"Pesca y captura de peces, crustáceos, moluscos y otras especies",,no,6621377827,,PUNTA CHUECA,
19,01 Dictamen IFS,no,SOCIEDAD COPERATIVA DE PRODUCCION PESQUERA ISLA SAN ESTEBAN S DE RL,1,11-30,Agro,"Pesca y captura de peces, crustáceos, moluscos y otras especies",,no,6621104376,,LA CRUZ,
19,01 Dictamen IFS,no,GASTEL ARQUITECTOS SA DE CV,1,11-30,Construcción,Edificación de vivienda unifamiliar,,no,6622721359,WWW.GASTELARQUITECTOS.COM,LOMA LINDA,
19,01 Dictamen IFS,no,GMS CONSTRUCCIONES SA DE CV SOFOM ENR,1,11-30,Construcción,Construcción de obras de urbanización,,no,6621386137,,SAN BENITO,
19,01 Dictamen IFS,no,ISLAJOR CONSTRUYE SA DE CV,1,11-30,Construcción,Edificación de vivienda unifamiliar,,no,6622840754,,HEBERTO CASTILLO,
19,01 Dictamen IFS,no,OPOSON CONSTRUCCIONES Y SERVICIOS SA DE CV,1,11-30,Construcción,Supervisión de construcción de vías de comunicación,,no,6624297332,,ISSSTESON CENTENARIO,83260
19,01 Dictamen IFS,no,SIMCO MANTENIMIENTO SA DE CV,1,11-30,Construcción,Otros trabajos de acabados en edificaciones,,no,6622000915,WWW.SIMCOSERVICIOS,CARMEN SERDAN,83105
19,01 Dictamen IFS,no,SMART CHEF DE MEXICO SAPI DE CV,1,11-30,Manufactura,"Corte y empacado de carne de ganado, aves y otros animales comestibles",,no,6624762665,,LA VICTORIA,
19,01 Dictamen IFS,no,DAKAPET ENVASES SA DE CV,1,11-30,Manufactura,Fabricación de envases y contenedores de plástico para embalaje con y ,,no,6622180402,,UNION DE LADRILLEROS,83179
19,01 Dictamen IFS,no,COMERCIALIZADORA BALVAC DEL NORTE SA DE CV,1,11-30,Manufactura,Fabricación de anuncios y señalamientos,,no,6622197865,,LIBERTAD,83130
19,01 Dictamen IFS,no,DIMENOSA SA DE CV,1,11-30,Manufactura,Fabricación de estructuras metálicas,,no,6622644444,,MACHI LOPEZ,83120
19,01 Dictamen IFS,no,POINT 57 SA DE CV,1,11-30,Manufactura,"Fabricación de muebles, excepto cocinas integrales, muebles modulares ",,no,6621719432,,PARQUE INDUSTRIAL,83299
19,01 Dictamen IFS,no,YUCA COCINA E INNOVACIONES SA DE CV,1,11-30,Manufactura,Fabricación de cocinas integrales y muebles modulares de baño,,no,6624668911,,SANTA FE,83249
19,01 Dictamen IFS,no,MAQUINAS DE MEDICION POR COORDENADAS SA DE CV,1,11-30,Comercio mayoreo,Comercio al por mayor de maquinaria y equipo para otros servicios y pa,,no,6622621127,WWW.CMM.COM.MX,EL SAHUARO,83170
19,01 Dictamen IFS,no,DISTRIBUCIONES A DETELLE SA DE CV,1,11-30,Comercio mayoreo,Comercio al por mayor de abarrotes,,no,6622060556,,SIERRA BONITA,83117
19,01 Dictamen IFS,no,RIS IGA AC,1,11-30,Comercio mayoreo,Comercio al por mayor de leche y otros productos lácteos,,no,6621085913,,LIBERTAD,83130
19,01 Dictamen IFS,no,EQUIPO HOSPITALARIO DE SONORA SA DE CV,1,11-30,Comercio mayoreo,"Comercio al por mayor de mobiliario, equipo e instrumental médico y de",,no,6621963457,WWW.EQUIPOHOSPITALARIODESONORA.COM,BALDERRAMA,83180
19,01 Dictamen IFS,no,OJAI ALIMENTOS SA DE CV,1,11-30,Comercio mayoreo,Comercio al por mayor de huevo,,no,6441340804,WWW.OJAIALIMENTOS.COM.MX,INVASION EL MIRADOR,
19,01 Dictamen IFS,no,AGRO PRODUCTORA OVOS COMERCIAL SA DE CV,1,11-30,Comercio mayoreo,Comercio al por mayor de huevo,,no,6622602131,,LIBERTAD,
19,01 Dictamen IFS,no,MIXTECA TECNOLOGIA EN ADITIVOS SA DE CV,1,11-30,Comercio mayoreo,"Comercio al por mayor de cemento, tabique y grava",,no,6622332242,WWW.SOPORTEDEROCAYCONCRETO.COM,UNION DE LADRILLEROS,83179
19,01 Dictamen IFS,no,MUJU COMERCIAL SA DE CV,1,11-30,Comercio menudeo,Comercio al por menor en minisupers,,no,6624251867,,LA ENCANTADA RESIDENCIAL,83243
19,01 Dictamen IFS,no,IVJM PROYECTO COMUNICACION SA DE CV,1,11-30,Comercio menudeo,Comercio al por menor de teléfonos y otros aparatos de comunicación,,no,6622161807,,CENTRO,83000
19,01 Dictamen IFS,no,CLINICA MAGISTERIAL SIGLO XXI AC,1,11-30,Comercio menudeo,Farmacias sin minisúper,,no,6621997042,,CENTRO,
19,01 Dictamen IFS,no,LLANTAS Y REFACCIONES DE BC SA DE CV,1,11-30,Comercio menudeo,"Comercio al por menor de llantas y cámaras para automóviles, camioneta",,no,6623609776,,VILLA DE SERIS,83280
19,01 Dictamen IFS,no,PROVEDORA PINNSA SA PI DE CV SA DE CV,1,11-30,Comercio menudeo,"Comercio al por menor de partes y refacciones nuevas para automóviles,",,no,6622101713,,COLEGIO MILITAR AEROPUERTO,83220
19,01 Dictamen IFS,no,IMPULSORA MEXICANA DE TELECOMUNICACIONES SA DE CV,1,11-30,Información,Operadores de servicios de telecomunicaciones alámbricas,,no,5511028686,,MIRASOLES,83170
19,01 Dictamen IFS,no,IMPULSORA INMOBILIARIA EDIFICA DE CUAHUTEMOC SA DE CV,1,11-30,Financieros,Sociedades financieras de objeto múltiple,,no,6622977919,,PASEO DEL SOL,83246
19,01 Dictamen IFS,no,AGENCIA INMOBILIARIA DE HERMOSILLO SA DE CV,1,11-30,Inmobiliario,Inmobiliarias y corredores de bienes raíces,,no,6621365045,,PUERTA REAL,83177
19,01 Dictamen IFS,no,SERVICIOS E INSTALACIONES DELTA AC,1,11-30,Inmobiliario,"Alquiler de maquinaria y equipo para construcción, minería y actividad",,no,6622448171,,CHAPARRAL,83179
19,01 Dictamen IFS,no,AGD INDISTRIAL SA DE CV,1,11-30,Serv. profesionales,Servicios de ingeniería,,no,6622266240,WWW.AGDINDUSTRIAL.COM,LUIS ENCINAS,83138
19,01 Dictamen IFS,no,AIISA AUTOMATION Y AIISA DISTRIBUCIONES SA DE CV,1,11-30,Serv. profesionales,Servicios de diseño de sistemas de cómputo y servicios relacionados,,no,6622333449,WWW.AIISA.NET,NUEVO HERMOSILLO,83296
19,01 Dictamen IFS,no,DANIEL MIRABENT PAEZ SA DE CV,1,11-30,Serv. profesionales,Servicios de levantamiento geofísico,,no,6624616255,,LOMAS PITIC,83010
19,01 Dictamen IFS,no,CEBNTRO INTERNACIONAL DE FORMACION E INVESTIGACION JURIDICA SC,1,11-30,Serv. profesionales,Bufetes jurídicos,,no,6621319679,,SAN ANTONIO,83260
19,01 Dictamen IFS,no,DC CASA CREATIVA SAS,1,11-30,Serv. profesionales,Agencias de publicidad,,no,6621388521,,RESIDENCIAL DE ANZA,83248
19,01 Dictamen IFS,no,ASESORIA CONTABLE Y FISCAL SC,1,11-30,Serv. profesionales,Servicios de contabilidad y auditoría,,no,6622272620,JGRP.COM.MX,LOS ARCOS,83250
19,01 Dictamen IFS,no,SONORA SAMPLE PREPARATION SA DE CV,1,11-30,Serv. profesionales,Laboratorios de pruebas,,no,6622192153,,LA MANGA,83220
19,01 Dictamen IFS,no,ORIENTACION JURIDICA PROFESIONAL SC,1,11-30,Serv. profesionales,Notarías públicas,,no,6622124670,,CENTRO,83000
19,01 Dictamen IFS,no,TRUSTWORD LEGAL PREVENTION AC,1,11-30,Serv. profesionales,Bufetes jurídicos,,no,6623485160,,RESIDENCIAL DE ANZA,83248
19,01 Dictamen IFS,no,CONTRATISTAS OCMO S DE RL DE CV,1,11-30,Apoyo a negocios,Suministro de personal permanente,,no,6621148250,,LOPEZ PORTILLO,83104
19,01 Dictamen IFS,no,CENTRO DEL TRABAJADOR DE LA CONSTRUCCION,1,11-30,Educación,Escuelas del sector privado dedicadas a la enseñanza de oficios,,no,6623959515,,VILLAS DEL CORTIJO,83106
19,01 Dictamen IFS,no,MARIA DEL SOCORRO MOJARRA ESTRADA SC,1,11-30,Educación,Escuelas del sector privado que combinan diversos niveles de educación,,no,6624761044,,TOSCANA,83148
19,01 Dictamen IFS,no,SEC ESTATAL,1,11-30,Educación,Escuelas de educación primaria del sector público,,no,6624193040,,EL RANCHITO,83050
19,01 Dictamen IFS,no,INSTITUTO PROFESIONAL DOCENTE SC,1,11-30,Educación,Escuelas de educación superior del sector privado,,no,6624763766,,BUENA VISTA,83170
19,01 Dictamen IFS,no,SALUD ANGELES DE SAN RAFAEL SA DE CV,1,11-30,Salud,Clínicas de consultorios médicos del sector privado,,no,6624712388,,MARTIRES DE CANANEA,83110
19,01 Dictamen IFS,no,DIRECCION DE EXISTENCIA SOCIAL VINCULACION Y PARTICIPACION CIUDADANA,1,11-30,Salud,Refugios temporales comunitarios del sector público,,no,6626881912,,JESUS GARCIA,83240
19,01 Dictamen IFS,no,COMITE DE COLABORACION COMUNITARIA DE MEXICO AC,1,11-30,Salud,Asilos y otras residencias del sector privado para el cuidado de ancia,,no,6621370771,,GALA II,83296
19,01 Dictamen IFS,no,ALBERGUE TIN OTOCH,1,11-30,Salud,Refugios temporales comunitarios del sector público,,no,6622121534,,LOS NARANJOS,83270
19,01 Dictamen IFS,no,CLINICA HOSPITAL SAN JOSE DE NAVOJOA SC,1,11-30,Salud,Laboratorios médicos y de diagnóstico del sector privado,,no,6623103440,WWW.LABSANJOSE.MX,PROYECTO RIO SONORA,83270
19,01 Dictamen IFS,no,MEDICINA Y TECNOLOGIA REPRODUCTIVA SC,1,11-30,Salud,Centros de planificación familiar del sector privado,,no,6624448548,WWW.CLINICADEFERTILIDADMTR.COM,LAS COLINAS,83145
19,01 Dictamen IFS,no,ASOCIACION DE CHARROS REVOLUCIONARIOS DE HERMOSILLO AC,1,11-30,Esparcimiento,"Promotores del sector privado de espectáculos artísticos, culturales, ",,no,6622562079,,GALA II,83296
19,01 Dictamen IFS,no,CIBO NUTRIMENTAL SAPI DE CV,1,11-30,Hospedaje y alimentos,Servicios de comedor para empresas e instituciones,,no,6623815930,,LA VICTORIA,83304
19,01 Dictamen IFS,no,OPERADORA DE BARES Y RESTAURANTES DE MEXICALI S DE RL DE CV,1,11-30,Hospedaje y alimentos,Restaurantes con servicio de preparación de alimentos a la carta o de ,,no,6621669280,,SANTA FE,83249
19,01 Dictamen IFS,no,SIX MONKEYS SA DE CV,1,11-30,Hospedaje y alimentos,Restaurantes con servicio de preparación de alimentos a la carta o de ,,no,6621607725,,LA ENCANTADA RESIDENCIAL,83243
19,01 Dictamen IFS,no,MOTEL EVAS SA DE CV,1,11-30,Hospedaje y alimentos,Moteles,,no,6622500398,,Y GRIEGA,83290
19,01 Dictamen IFS,no,RESTAURANTES DEL ORO SA DE CV,1,11-30,Hospedaje y alimentos,Restaurantes con servicio de preparación de alimentos a la carta o de ,,no,6622145740,,PITIC,83150
19,01 Dictamen IFS,no,BARES Y CANTINAS FIDEL SA DE CV,1,11-30,Hospedaje y alimentos,"Centros nocturnos, discotecas y similares",,no,6621444699,LAHABANATD.COM,MODELO,83190
19,01 Dictamen IFS,no,CAS COLITION AUTO SPA MEXICO SA DE CV,1,11-30,Otros servicios,Hojalatería y pintura de automóviles y camiones,,no,6626889792,,PEDREGAL DE LA VILLA,83290
19,01 Dictamen IFS,no,SNTE NACIONAL SECC 28 AC,1,11-30,Otros servicios,Asociaciones y organizaciones laborales y sindicales,,no,6621510944,WWW.SNTE28.ORG.MX,LAS QUINTAS,83240
19,01 Dictamen IFS,no,IGLESIA DE DIOS EN MEXICO AR,1,11-30,Otros servicios,Asociaciones y organizaciones religiosas,,no,6623447408,,LOMAS DE MADRID,83103
19,01 Dictamen IFS,no,IGLESIA EBENEZER ELOIM AR,1,11-30,Otros servicios,Asociaciones y organizaciones religiosas,,no,6624142933,,ALTARES,83296
19,01 Dictamen IFS,no,FUNERARIA SAN FRANCISCO SA DE CV,1,11-30,Otros servicios,Servicios funerarios,,no,6622258446,LATINOAMERICARESINTOFUNERAL.COM,CENTRO,83000
19,01 Dictamen IFS,no,AUTO LAVADO DEL NOROESTE SA DE CV,1,11-30,Otros servicios,Lavado y lubricado de automóviles y camiones,,no,6622197888,,SAN GERONIMO,83125
16,01 Dictamen IFS,no,INOVACION Y TECNOLOGIA DEL CAMPO,1,11-30,Agro,Piscicultura en agua dulce,,no,,,MODELO,83190
16,01 Dictamen IFS,no,MARIA GABRIELA HUERTA MEJIA SC DE RL DE CV,1,11-30,Agro,"Pesca y captura de peces, crustáceos, moluscos y otras especies",,no,,,CAMPO PESQUERO EL CHOYUDO,
16,01 Dictamen IFS,no,MAYRA YERANIA PRECIADO BARAJAS SC DE RL,1,11-30,Agro,"Pesca y captura de peces, crustáceos, moluscos y otras especies",,no,,,EL CHOYUDO,83348
16,01 Dictamen IFS,no,SCPP  LUCILA DEL MAR SC DE RL,1,11-30,Agro,"Pesca y captura de peces, crustáceos, moluscos y otras especies",,no,,,EL CHOYUDO,
16,01 Dictamen IFS,no,SCPP PLAYA CELESTE SC DE RL DE CV,1,11-30,Agro,"Pesca y captura de peces, crustáceos, moluscos y otras especies",,no,,,CENTRO,
16,01 Dictamen IFS,no,SCPP Y ACUICOLA ISLA DEL TIBURON SC DE RL,1,11-30,Agro,Pesca de camarón,,no,,,BARRIO DE LA CRUZ,
16,01 Dictamen IFS,no,SCPPA SOCIEDAD COOPERATIVA PESQUERA Y ACUICOLA SC DE RL DE CV,1,11-30,Agro,"Pesca y captura de peces, crustáceos, moluscos y otras especies",,no,,,LA CRUZ,
16,01 Dictamen IFS,no,SSA SOCIEDAD DE SOLIDARIDAD SOCIAL ACUACULTORES SAN JUAN Y EL PINITO SC DE RL DE CV,1,11-30,Agro,Otra acuicultura,,no,,,ESTERO SANTA CRUZ,
16,01 Dictamen IFS,no,MINERA SONORA BORAX SA DE CV,1,11-30,Minería,Otros servicios relacionados con la minería,,no,,,PARQUE INDUSTRIAL,83297
16,01 Dictamen IFS,no,AQUACONCEPTS S DE RL DE CV,1,11-30,Construcción,Otros trabajos especializados para la construcción,,no,,,EL RANCHITO,83050
16,01 Dictamen IFS,no,BODEGA DE MANTENINMIENTO HELDEN COM MEXICO SAPI DE CV,1,11-30,Construcción,"Edificación de naves y plantas industriales, excepto la supervisión",,no,,,DUNAS,83179
16,01 Dictamen IFS,no,CONSTRUCTORA RODO SA DE CV,1,11-30,Construcción,"Edificación de inmuebles comerciales y de servicios, excepto la superv",,no,,,JESUS GARCIA,83140
16,01 Dictamen IFS,no,ECOC ELECTROCINTROLES Y OBRA CIVIL SA DE CV,1,11-30,Construcción,"Edificación de inmuebles comerciales y de servicios, excepto la superv",,no,,,SAN BENITO,83190
16,01 Dictamen IFS,no,ER ARQUITECTURA SA DE CV,1,11-30,Construcción,Edificación de vivienda unifamiliar,,no,,,JESUS GARCIA,
16,01 Dictamen IFS,no,GLUYAS INMOBILIARIA SA DE CV,1,11-30,Construcción,Edificación de vivienda unifamiliar,,no,,,SAN LUIS,
16,01 Dictamen IFS,no,INGENIERIA Y EDIFICACIONES ROES SA DE CV,1,11-30,Construcción,Construcción de obras de urbanización,,no,,,CARNEN SERDAN,83105
16,01 Dictamen IFS,no,MARZA DISEÑO Y CONSTRUCCION SA DE CV,1,11-30,Construcción,Trabajos de albañilería,,no,,,PALO VERDE,83280
16,01 Dictamen IFS,no,PROYECTO Y DESARROLLO PRODESA SA DE CV,1,11-30,Construcción,"Edificación de naves y plantas industriales, excepto la supervisión",,no,,,PARQUE INDUSTRIAL,83297
16,01 Dictamen IFS,no,SERVICIOS INTEGRALES HERMEX SA DE CV,1,11-30,Construcción,Edificación de vivienda unifamiliar,,no,,,SAN BENITO,
16,01 Dictamen IFS,no,TAYVI CONSTRUCCIONES Y SERVICIOS S DE RL DE CV,1,11-30,Construcción,Edificación de vivienda unifamiliar,,no,,,CASA BLANCA,
16,01 Dictamen IFS,no,PROVIMI SA DE CV,1,11-30,Manufactura,Elaboración de alimentos para animales,,no,,,PARQUE INDUSTRIAL DE HERMOSILLO,83299
16,01 Dictamen IFS,no,GUANTES VARGAS SA DE CV,1,11-30,Manufactura,Fabricación de ropa exterior de tejido de punto,,no,,,PARQUE INDUSTRIAL,
16,01 Dictamen IFS,no,HIDROTECNOLOGIA LEDEZMA SA DE CV,1,11-30,Manufactura,Elaboración de condimentos y aderezos,,no,,,TELEFONISTAS,83220
16,01 Dictamen IFS,no,INDUSTRIA DEPORTVA ARRIETA SA DE CV,1,11-30,Manufactura,Confección en serie de uniformes,,no,,WWW.ARRIETA.MX,CENTRO,83000
16,01 Dictamen IFS,no,LICAN ALIMENTOS MEXICO SAPI DE CV,1,11-30,Manufactura,Elaboración de alimentos para animales,,no,,LICANFOOD.COM,PARQUE INDUSTRIAL,83299
16,01 Dictamen IFS,no,MAXI FRIO Y CONGELADOS SA DE CV,1,11-30,Manufactura,Congelación de frutas y verduras,,no,,,LA VICTORIA,83304
16,01 Dictamen IFS,no,PANADEROA GODINEZ SA DE CV,1,11-30,Manufactura,Panificación tradicional,,no,,,ALVARO OBREGON,83170
16,01 Dictamen IFS,no,SUQUIEE REPOSTERIA FINA SA DE CV,1,11-30,Manufactura,Panificación tradicional,,no,,,SAN BENITO,83190
16,01 Dictamen IFS,no,MADERAS TRANSFORMADAS DE SONORA SA DE CV,1,11-30,Manufactura,Fabricación de productos para embalaje y envases de madera,,no,,,PALO VERDE,83280
16,01 Dictamen IFS,no,PRODUCTOS CREATIVOS IP SA DE CV,1,11-30,Manufactura,"Fabricación de jabones, limpiadores y dentífricos",,no,,,COLEGIO MILITAR AEROPUERTO,83220
16,01 Dictamen IFS,no,CYH PRESICION SA DE CV,1,11-30,Manufactura,Maquinado de piezas metálicas para maquinaria y equipo en general,,no,,,PARQUE INDUSTRIAL,83299
16,01 Dictamen IFS,no,CEINTECH CENTRO DE INTEGRACION DE TECNOLOGIAS S DE RL DE CV,1,11-30,Manufactura,Otras industrias manufactureras,,no,,,LA MANGA,83220
16,01 Dictamen IFS,no,DESARROLLOS Y DISEÑOS  SA DE CV,1,11-30,Manufactura,"Fabricación de muebles, excepto cocinas integrales, muebles modulares ",,no,,,EL BUEY,83285
16,01 Dictamen IFS,no,INDUSTRIA W13 G SA DE CV,1,11-30,Manufactura,Fabricación de estructuras metálicas,,no,,,LAS AMAPOLAS,83020
16,01 Dictamen IFS,no,SOBA INGENIERIA SA DE CV,1,11-30,Manufactura,Maquinado de piezas metálicas para maquinaria y equipo en general,,no,,WWW.SOBAINGENIERIA.COM,PARQUE INDUSTRIAL,83297
16,01 Dictamen IFS,no,SOLUCIONES INDUSTRIALES 2MO SA DE CV,1,11-30,Manufactura,Fabricación de carrocerías y remolques,,no,,WWW.SOLUCIONESINDUSTRIALES2M.COM,PARQUE INDUSTRIAL,83299
16,01 Dictamen IFS,no,DIESEL Y LUBRICANTES DEL PACIFICO SA,1,11-30,Comercio mayoreo,Comercio al por mayor de combustibles de uso industrial,,no,,,LA VICTORIA,83304
16,01 Dictamen IFS,no,AUTO TODO MEXICANA SA DE CV,1,11-30,Comercio mayoreo,"Comercio al por mayor de partes y refacciones nuevas para automóviles,",,no,,,ALVARO OBREGON,83170
16,01 Dictamen IFS,no,BERACAH INTERNACIONAL SAPI DE CV,1,11-30,Comercio mayoreo,"Comercio al por mayor de mobiliario, equipo e instrumental médico y de",,no,,WWW.BERACAHMEDICA.MX,LOS PORTALES,83247
16,01 Dictamen IFS,no,CASA VALDIVIA SA DE CV,1,11-30,Comercio mayoreo,Comercio al por mayor de productos químicos para la industria farmacéu,,no,,WWW.CASAVALDIVIA.COM,CENTRO,83000
16,01 Dictamen IFS,no,AIGAL S DE RL DE CV,1,11-30,Comercio mayoreo,Comercio al por mayor de desechos metálicos,,no,,,UNION DE LADRILLEROS,83179
16,01 Dictamen IFS,no,CLIMAPROYECTOS SA DE CV,1,11-30,Comercio mayoreo,Comercio al por mayor de electrodomésticos menores y aparatos de línea,,no,,CLIMAPROYECTOS.COM.MX,PROYECTO RIO SONORA,
16,01 Dictamen IFS,no,COMAR COMERCIALIZADORA   SA DE CV,1,11-30,Comercio mayoreo,"Comercio al por mayor de cemento, tabique y grava",,no,,COMARCOMERCIALIZADORA.COM,NUEVA ESPAÑA,83170
16,01 Dictamen IFS,no,COMBUSTOLEO DE SONORA SA DE CV,1,11-30,Comercio mayoreo,Comercio al por mayor de combustibles de uso industrial,,no,,,LA MANGA,83176
16,01 Dictamen IFS,no,COMERCIALIZADORA OPERADORA HERSON SA DE CV,1,11-30,Comercio mayoreo,Comercio al por mayor de abarrotes,,no,,,LUIS ENCINAS,83138
16,01 Dictamen IFS,no,FORTER PREFABRICADOS SA DE CV,1,11-30,Comercio mayoreo,"Comercio al por mayor de cemento, tabique y grava",,no,,,SAN PEDRO SAUCITO,83305
16,01 Dictamen IFS,no,DEWIMED SA,1,11-30,Comercio mayoreo,"Comercio al por mayor de mobiliario, equipo e instrumental médico y de",,no,,WWW.DEWIMED.COM,CENTRO,
16,01 Dictamen IFS,no,DISTRIBUCIONES A DETALLE SA DE CV,1,11-30,Comercio mayoreo,Comercio al por mayor de abarrotes,,no,,,4 DE MARZO,
16,01 Dictamen IFS,no,DISTRIBUIDORAS DE CABLES DEL NOROESTE SA DE CV,1,11-30,Comercio mayoreo,Comercio al por mayor de equipo y material eléctrico,,no,,,SAN BENITO,83190
16,01 Dictamen IFS,no,EL DORADO SIATEMAS DE SINERGUIA SA DE CV,1,11-30,Comercio mayoreo,Comercio al por mayor de maquinaria y equipo para la construcción y la,,no,,WWW.ELDORADOSISTEMAS.COM.MX,PARQUE INDUSTRIAL,83297
16,01 Dictamen IFS,no,ESPECIES EL ALAMITO SA DE CV,1,11-30,Comercio mayoreo,"Comercio al por mayor de semillas y granos alimenticios, especias y ch",,no,,WWW.ESPECIASELALAMITO.COM.MX,OLIVARES,83180
16,01 Dictamen IFS,no,HERRAMIENTAS Y SOPORTE EN MANUFACTURA SA DE CV,1,11-30,Comercio mayoreo,Comercio al por mayor de vidrios y espejos,,no,,,REAL DE QUIROGA,83224
16,01 Dictamen IFS,no,INSUMOS DE SALUD PROFESIONAL INSAP SA DE CV,1,11-30,Comercio mayoreo,"Comercio al por mayor de mobiliario, equipo e instrumental médico y de",,no,,WWW.INSAP.MX,PITIC,83150
16,01 Dictamen IFS,no,INTERNACIONAL DE BANDAS Y SERVICIOS SA DE CV,1,11-30,Comercio mayoreo,Comercio al por mayor de otra maquinaria y equipo de uso general,,no,,,UNION DE LADRILLEROS,83179
16,01 Dictamen IFS,no,CAMIONES VADO DEL RIO SA DE CV,1,11-30,Comercio mayoreo,Comercio al por mayor de camiones,,no,,WWW.ISUZUSONORA.COM,AKIWUIKY,
16,01 Dictamen IFS,no,MS CENTRAL DE DISTRIBUCIONES SA DE CV,1,11-30,Comercio mayoreo,Comercio al por mayor de combustibles de uso industrial,,no,,WWW.MS-CENTRAL.COM.MX,LA MANGA,83220
16,01 Dictamen IFS,no,PLASTICS TECHNOLOGY DE MEXICO S DE RL DE CV,1,11-30,Comercio mayoreo,"Comercio al por mayor de otros materiales para la construcción, except",,no,,,SAN BENITO,
16,01 Dictamen IFS,no,RECICLADORA DEL DESIERTO SA DE CV,1,11-30,Comercio mayoreo,Comercio al por mayor de desechos de papel y de cartón,,no,,,PARQUE INDUSTRIAL,83297
16,01 Dictamen IFS,no,REFRI EQUIPOS DE SONORA SA DE CV,1,11-30,Comercio mayoreo,Comercio al por mayor de electrodomésticos menores y aparatos de línea,,no,,,SAN BENITO,83190
16,01 Dictamen IFS,no,SAYAB FOOD DEL PACIFICO  SA DE CV,1,11-30,Comercio mayoreo,"Comercio al por mayor de semillas y granos alimenticios, especias y ch",,no,,WWW.SAYABFOOD.COM,LEY 57,83100
16,01 Dictamen IFS,no,SOLUCIONES BRÍO SAPI DE CV,1,11-30,Comercio mayoreo,Comercio al por mayor de abarrotes,,no,,,MICROPARQUE INDUSTRIAL,
16,01 Dictamen IFS,no,COMERCIALIZADORA DE TOMATES EL REY DE SONORA SA DE CV,1,11-30,Comercio mayoreo,Comercio al por mayor de frutas y verduras frescas,,no,,,LIBERTAD,83130
16,01 Dictamen IFS,no,TRUCKY PARTS REPAIRS PIERSON SA DE CV,1,11-30,Comercio mayoreo,Comercio al por mayor de desechos metálicos,,no,,,LA VICTORIA,83304
16,01 Dictamen IFS,no,CABORCA AUTOMOTRIZ SA DE CV,1,11-30,Comercio menudeo,"Comercio al por menor de llantas y cámaras para automóviles, camioneta",,no,,,ZONA CUARTEL,
16,01 Dictamen IFS,no,CENTRAL DE CSRNES DE HERMOSILLO S DE RL DE CV,1,11-30,Comercio menudeo,Comercio al por menor de carnes rojas,,no,,,LIBERTAD,83130
16,01 Dictamen IFS,no,PROMOTORA ESPECIALIZADA DE HERMOSILLO SA DE CV,1,11-30,Comercio menudeo,Comercio al por menor de automóviles y camionetas nuevos,,no,,,SANTA FE,83249
16,01 Dictamen IFS,no,DEMED SA DE CV,1,11-30,Comercio menudeo,Comercio al por menor de artículos desechables,,no,,,SAN LUIS,83160
16,01 Dictamen IFS,no,FAME ORIENTALS B Y D SA DE CV,1,11-30,Comercio menudeo,Comercio al por menor de automóviles y camionetas nuevos,,no,,,VILLA SATELITE,83200
16,01 Dictamen IFS,no,FARMACEUTICA DE CHIAPAS SAPI DE CV,1,11-30,Comercio menudeo,Farmacias sin minisúper,,no,,WWW.FRMACIASDELAHORRO.COM.MX,LOS IGUALADOS,83010
16,01 Dictamen IFS,no,AUTOMOTORES NARA SA DE CV,1,11-30,Comercio menudeo,Comercio al por menor de automóviles y camionetas nuevos,,no,,,PALERMO,83147
16,01 Dictamen IFS,no,GLOBE-ALL SA DE CV,1,11-30,Comercio menudeo,Comercio al por menor de artículos para la limpieza,,no,,WWW.GLOBEALL.MX,PARQUE INDUSTRIAL,83299
16,01 Dictamen IFS,no,GRUPO NOVEL SC,1,11-30,Comercio menudeo,Comercio al por menor de artículos para albercas y otros artículos,,no,,WWW.NOVEM.COM.MX,NUEVA ESPAÑA,83178
16,01 Dictamen IFS,no,OTR CONSTRUCCION MUEVETIERRA SA DE CV,1,11-30,Comercio menudeo,"Comercio al por menor de llantas y cámaras para automóviles, camioneta",,no,,,OLIVARES,83180
16,01 Dictamen IFS,no,NISSAUTO SA DE CV,1,11-30,Comercio menudeo,Comercio al por menor de automóviles y camionetas usados,,no,,,5 E MAYO,83010
16,01 Dictamen IFS,no,MITSU SONORA SA DE CV,1,11-30,Comercio menudeo,Comercio al por menor de automóviles y camionetas nuevos,,no,,,SAN BENITO,83190
16,01 Dictamen IFS,no,SONOMEX MASTER PLAN SA DE CV,1,11-30,Comercio menudeo,"Comercio al por menor de cristalería, loza y utensilios de cocina",,no,,,COUNTRY CLUB,83810
16,01 Dictamen IFS,no,SAYER LACK MEXICANA SA DE CV,1,11-30,Comercio menudeo,Comercio al por menor de pintura,,no,,,EL LLANITO,
16,01 Dictamen IFS,no,SUPER MC SA DE CV,1,11-30,Comercio menudeo,Comercio al por menor en supermercados,,no,,,SAN ANGEL,83287
16,01 Dictamen IFS,no,MARIA REFUGIO SALGADO AYALA SA DE CV,1,11-30,Comercio menudeo,Comercio al por menor en supermercados,,no,,,EUSEBIO KINO,83114
16,01 Dictamen IFS,no,YUNNAN MOTORS SA DE CV,1,11-30,Comercio menudeo,Comercio al por menor de automóviles y camionetas nuevos,,no,,,PALERMO,83147
16,01 Dictamen IFS,no,AEROVIAS EMPRESA DE CARGO SA DE CV,1,11-30,Transportes,Transporte aéreo regular en líneas aéreas nacionales,,no,,AMCARGO.AEROMEXICO.COM,LA MANGA,83229
16,01 Dictamen IFS,no,CONCESIONARIA VUELA COMPAÑIA DE AVIACION SAPI DE CV,1,11-30,Transportes,Transporte aéreo regular en líneas aéreas nacionales,,no,,,VALLE BONITO,83220
16,01 Dictamen IFS,no,FAM AUTOTRANSPORTES ESPECIALIZADOS SA DE CV,1,11-30,Transportes,Otro autotransporte local de carga especializado,,no,,,PARQUE INDUSTRIAL,83297
16,01 Dictamen IFS,no,GRUPO PORTEO LOGISTICO SA DE CV,1,11-30,Transportes,Otros servicios de intermediación para el transporte de carga,,no,,WWW.GPORTEO.COM.MX,PARQUE INDUSTRIAL HERMOSILLO,83297
16,01 Dictamen IFS,no,CESAR M MUNGARRO ESPECIALIZADOS SA DE CV,1,11-30,Transportes,Servicios de grúa,,no,,,EL TAZAJAL,83305
16,01 Dictamen IFS,no,GRUPO FIERCE S DE RL,1,11-30,Transportes,Autotransporte local de materiales para la construcción,,no,,WWW.GFIERCE.COM.MX,SANTA ISABEL,83180
16,01 Dictamen IFS,no,INTERNATIONAL LOGISTICS AND ASSEMBLY SA DE CV,1,11-30,Transportes,Otros servicios de intermediación para el transporte de carga,,no,,WWW.IIAA.COM.MX,PARQUE INDUSTRIAL,83297
16,01 Dictamen IFS,no,LINEAS INTERNACIONALES TERRESTRES SA DE CV,1,11-30,Transportes,Otro autotransporte foráneo de carga general,,no,,,MERCADO DE ABASTOS SAHUARIPA,83296
16,01 Dictamen IFS,no,LOGTEC SA DE CV,1,11-30,Transportes,Otro autotransporte foráneo de carga general,,no,,,EL LLANO,83210
16,01 Dictamen IFS,no,LINK CONEXION AEREA SA DE CV,1,11-30,Transportes,Transporte aéreo regular en líneas aéreas nacionales,,no,,,LA MANGA,83229
16,01 Dictamen IFS,no,TRANSLIQUIDOS DE HERMOSILLO SA DE CV,1,11-30,Transportes,Autotransporte local de materiales y residuos peligrosos,,no,,WWW.MULTILIQUIDOS.COM,PARQUE INDUSTRIAL,83299
16,01 Dictamen IFS,no,OSCAR BUJANDA QUIHUIS,1,11-30,Transportes,Autotransporte local de productos agrícolas sin refrigeración,,no,,,UNION DE LADRILLEROS,83179
16,01 Dictamen IFS,no,TRANSPORTES PEREZ ALVAREZ SA DE CV,1,11-30,Transportes,Autotransporte foráneo de materiales y residuos peligrosos,,no,,,LA MANGA,83320
16,01 Dictamen IFS,no,SERVICIOS ESPECIALIZADOS EN PORTEO Y MENSAJERIA DE CHIHUAHUA S DE RL DE CV,1,11-30,Transportes,Servicios de mensajería y paquetería foránea,,no,,,UNION DE LADRILLEROS,83179
16,01 Dictamen IFS,no,COORDINADORA DE PAQUETERIA Y CARGA SA DE CV,1,11-30,Transportes,Servicios de mensajería y paquetería foránea,,no,,,EL TORREON,83204
16,01 Dictamen IFS,no,REDPACK SA DE CV,1,11-30,Transportes,Servicios de mensajería y paquetería foránea,,no,,WWW.REDPACK.COM.MX,PIMENTEL,83188
16,01 Dictamen IFS,no,SINALOA EXPRESS SA DE CV,1,11-30,Transportes,Servicios de mensajería y paquetería foránea,,no,,,SAHUARO,83170
16,01 Dictamen IFS,no,TERCER MILLA S DE RL DE CV,1,11-30,Transportes,Servicios de mensajería y paquetería foránea,,no,,,PUEBLO ALEGRE,83118
16,01 Dictamen IFS,no,URUZ SERVICIOS INTELIGENTES DE LOGISTICA SA DE CV,1,11-30,Transportes,Servicios de mensajería y paquetería foránea,,no,,WWW.URUZ.MX,QUINTA EMILIA,83176
16,01 Dictamen IFS,no,INSETEC,1,11-30,Información,Edición de revistas y otras publicaciones periódicas integrada con la ,,no,,,RECIDENCIAL DE ANZA,83248
16,01 Dictamen IFS,no,KINO LABS SA DE CV,1,11-30,Información,Edición de revistas y otras publicaciones periódicas integrada con la ,,no,,,CENTRO,83000
16,01 Dictamen IFS,no,AARCO AGENTE DE SEGUROS Y DE FIANZAS SA DE CV,1,11-30,Financieros,"Agentes, ajustadores y gestores de seguros y fianzas",,no,,AARCO.COM.MX,SANTA FE,83240
16,01 Dictamen IFS,no,AARCO AGENTE DE SEGUROS Y FIANZAS SA DE CV,1,11-30,Financieros,"Agentes, ajustadores y gestores de seguros y fianzas",,no,,,SANTA FE,83240
16,01 Dictamen IFS,no,VAZQUEZ Y ASOCIADOS AGENTE DE SEGUROS Y DE FIANZAS SA DE CV,1,11-30,Financieros,"Agentes, ajustadores y gestores de seguros y fianzas",,no,,,SANTA FE,83249
16,01 Dictamen IFS,no,SOLUCIONES ECONOMICAS SA DE CV,1,11-30,Financieros,Otras instituciones de intermediación crediticia y financiera no bursá,,no,,WWW.BANCAPREPA.COM,CENTRO,83000
16,01 Dictamen IFS,no,FONDO DE GARANTIA Y FOMENTO PARA LA AGRICULTURA GANADERIA Y AVICULTURA SA DE CV,1,11-30,Financieros,Fondos y fideicomisos financieros,,no,,WWW.FIRA.GOB.MX,EL LLANO,83200
16,01 Dictamen IFS,no,SISTEMA DE DESARROLLO GANADERO UGRS SA DE CV SOFOM ENR,1,11-30,Financieros,Sociedades financieras de objeto múltiple,,no,,WWW.SEDEGANWEB.COM.MX,LAS LOMAS,83290
16,01 Dictamen IFS,no,MANEKO ASESORES SA DE CV,1,11-30,Financieros,"Agentes, ajustadores y gestores de seguros y fianzas",,no,,WWW.MANEKO.COM.MX,CASA GRANDE 1,83246
16,01 Dictamen IFS,no,MAS PROTECCION PLANEACION FINANCIERA SC,1,11-30,Financieros,"Agentes, ajustadores y gestores de seguros y fianzas",,no,,,CASA GRANDE 1,83246
16,01 Dictamen IFS,no,RECURSOS EN TRANSACCIONES SA DE CV,1,11-30,Financieros,Otras instituciones de ahorro y préstamo,,no,,,ISSSTESON CENTENARIO,83260
16,01 Dictamen IFS,no,PROTECCION AGROPECUARIA COMPANIA DE SEGUROS SA,1,11-30,Financieros,Compañías de seguros,,no,,,PITIC,83150
16,01 Dictamen IFS,no,OPORTUNIDADES TOFFEL SA DE CV,1,11-30,Financieros,Otras instituciones de intermediación crediticia y financiera no bursá,,no,,,CENTRO,83000
16,01 Dictamen IFS,no,CONSTRUCCIONES CIHUACOATL S DE RL DE CV,1,11-30,Inmobiliario,"Alquiler de maquinaria y equipo para construcción, minería y actividad",,no,,,QUINTA EMILIA,83210
16,01 Dictamen IFS,no,EQUIPASSA SA DE CV,1,11-30,Inmobiliario,"Alquiler de maquinaria y equipo para construcción, minería y actividad",,no,,,CENTRO,83000
16,01 Dictamen IFS,no,ESPACIOS IR SA DE CV,1,11-30,Inmobiliario,Inmobiliarias y corredores de bienes raíces,,no,,WWW.ESPACIOSIR.COM,LOS ARCOS,83250
16,01 Dictamen IFS,no,EXPOFORUM SA DE CV,1,11-30,Inmobiliario,Alquiler sin intermediación de salones para fiestas y convenciones,,no,,WWW.EXPOFORUM.COM.MX,VILLA DE SERIS,83280
16,01 Dictamen IFS,no,GRUPO SOVINO SA DE CV,1,11-30,Inmobiliario,"Alquiler de maquinaria y equipo para mover, levantar y acomodar materi",,no,,,UNION DE LADRILLEROS,
16,01 Dictamen IFS,no,PENTAGONO BRUV SA DE CV,1,11-30,Inmobiliario,Inmobiliarias y corredores de bienes raíces,,no,,WWW.PENTAGONOBR.COM,CONTRY CLUB,83010
16,01 Dictamen IFS,no,STRUCTURALL SONORA SA DE CV,1,11-30,Inmobiliario,"Alquiler de autobuses, minibuses y remolques sin chofer",,no,,STRUCTURALL.COM.MX,PROYECTO RIO SONORA,83270
16,01 Dictamen IFS,no,ABD CONSULTORES DE NEGOCIOS SC,1,11-30,Serv. profesionales,Servicios de apoyo para efectuar trámites legales,,no,,WWW.BDMMEXICO.MX,SAN BENITO,83190
16,01 Dictamen IFS,no,AUSENCO MEXICO S DE RL DE CV,1,11-30,Serv. profesionales,Servicios de dibujo,,no,,WWW.AUSEUCO.COM.ES,COUNTRY CLUB,83810
16,01 Dictamen IFS,no,CENTRO DE INVESTIGACIONES BIOLOGICAS DEL NOROESTE,1,11-30,Serv. profesionales,Servicios de investigación científica y desarrollo en ciencias natural,,no,,WWW.CIBNOR.GOB.MX,LOS ANGELES,83106
16,01 Dictamen IFS,no,CONTADOR PUBLICO SA DE CV,1,11-30,Serv. profesionales,Servicios de contabilidad y auditoría,,no,,,OLIVARES,83180
16,01 Dictamen IFS,no,CERTUS AGENTE DE SEGUROS Y DE FIANZAS SA DE CV,1,11-30,Serv. profesionales,Servicios de consultoría en administración,,no,,WWW.CSINSURANCE.COM,VILLA SATELITE,83200
16,01 Dictamen IFS,no,DB ASESORES Y ABOGADOS 19 SA DE CV,1,11-30,Serv. profesionales,Bufetes jurídicos,,no,,,CENTRO,
16,01 Dictamen IFS,no,DECA COWORKING SA DE CV,1,11-30,Serv. profesionales,Servicios de consultoría en administración,,no,,,SANTA FE,83240
16,01 Dictamen IFS,no,ESTUDIOS PROFESIONALES DE SONORA SC,1,11-30,Serv. profesionales,Servicios de contabilidad y auditoría,,no,,,CENTENARIO,83260
16,01 Dictamen IFS,no,CORPORATIVO CAPSA SA DE CV,1,11-30,Serv. profesionales,Servicios de contabilidad y auditoría,,no,,WWW.CORPORATIVOCABSA.COM,COUNTRY CLUB,83810
16,01 Dictamen IFS,no,GRUPO CUBITS  SA DE CV,1,11-30,Serv. profesionales,Servicios de diseño de sistemas de cómputo y servicios relacionados,,no,,,VILLA DE SERIS,83280
16,01 Dictamen IFS,no,MG INFRAESTRUCTURA IT SA DE CV,1,11-30,Serv. profesionales,Servicios de diseño de sistemas de cómputo y servicios relacionados,,no,,,SAN BENITO,83190
16,01 Dictamen IFS,no,LABORATORIOS DE ALIMENTOS Y AGUAS DE SONORA SA DE CV,1,11-30,Serv. profesionales,Servicios de investigación científica y desarrollo en ciencias natural,,no,,WWW.LAASONE.MX,MODELO,83190
16,01 Dictamen IFS,no,NETWORKING GROUP10 SA DE CV,1,11-30,Serv. profesionales,Servicios de diseño de sistemas de cómputo y servicios relacionados,,no,,,CENTRO,83000
16,01 Dictamen IFS,no,CORPORATIVO ROSETE LANDEROS SA DE CV,1,11-30,Serv. profesionales,Servicios de consultoría en administración,,no,,,VILLA SATELITE,83200
16,01 Dictamen IFS,no,SARRAZIN PROYECTO Y CONTRUCCION SC,1,11-30,Serv. profesionales,Servicios de arquitectura,,no,,,LAS QUINTAS,83240
16,01 Dictamen IFS,no,STREAMLINE VACATION RENTAL SOFTWARE SA DE CV,1,11-30,Serv. profesionales,Servicios de diseño de sistemas de cómputo y servicios relacionados,,no,,,LOMA LINDA,83145
16,01 Dictamen IFS,no,TAPIA ROBLES CABRERA Y MORENO SC,1,11-30,Serv. profesionales,Bufetes jurídicos,,no,,WWW.TRCLAW.COM,EL LLANO,83210
16,01 Dictamen IFS,no,TAXANDLEGAL SA DE CV,1,11-30,Serv. profesionales,Servicios de contabilidad y auditoría,,no,,WWW.TAXANLIGAL.COM.MX,SAN BENITO,83190
16,01 Dictamen IFS,no,DISTRIBUIDORA DE COMBUSTIBLES DCS DE SONORA SA DE CV,1,11-30,Apoyo a negocios,Servicios de administración de negocios,,no,,,PERISUR,83294
16,01 Dictamen IFS,no,ECOLOGIA VIDA Y SALUD SA DE CV,1,11-30,Apoyo a negocios,Otros servicios de manejo de residuos por el sector privado,,no,,WWW.ECOVISA.COM,LA MANGA,83220
16,01 Dictamen IFS,no,GLOBALVOIP DE MEXICO SA DE CV,1,11-30,Apoyo a negocios,Servicios de protección y custodia mediante el monitoreo de sistemas d,,no,,,HACIENDA DE LA FLOR,83090
16,01 Dictamen IFS,no,SISTEMAS DE SEGURIDAD PRIVADA ARGUS SA DE CV,1,11-30,Apoyo a negocios,"Servicios de investigación y de protección y custodia, excepto mediant",,no,,,FILTROS Y REFACCIONES,83188
16,01 Dictamen IFS,no,HERMOSILLO SANDBLAST SA DE CV,1,11-30,Apoyo a negocios,Servicios combinados de apoyo en instalaciones,,no,,,LAS AMAPOLAS,83020
16,01 Dictamen IFS,no,MIR SOLUCIONES INTEGRALES EN EL MEDIO AMBIENTE SA DE CV,1,11-30,Apoyo a negocios,Manejo de residuos peligrosos y servicios de remediación a zonas dañad,,no,,,PARQUE INDUSTRIAL,83299
16,01 Dictamen IFS,no,OPERADORA FMA SA DE CV,1,11-30,Apoyo a negocios,Servicios de limpieza de inmuebles,,no,,WWW.MISIVAEMPRESARIAL.COM.MX,CENTRO,83000
16,01 Dictamen IFS,no,SISTEMAS DE EXCELENCIA Y LOGISTICA SA DE CV,1,11-30,Apoyo a negocios,"Servicios de investigación y de protección y custodia, excepto mediant",,no,,,CENTRO,83000
16,01 Dictamen IFS,no,STARK HIGHTECH SA DE CV,1,11-30,Apoyo a negocios,"Servicios de investigación y de protección y custodia, excepto mediant",,no,,,CENTRO,83000
16,01 Dictamen IFS,no,TRAVEL DE TIME AGENCIA DE VIAJES SA DE CV,1,11-30,Apoyo a negocios,Agencias de viajes,,no,,,VILLA SATELITE,83200
16,01 Dictamen IFS,no,GRUPO SZLG S DE RL,1,11-30,Apoyo a negocios,Servicios de recepción de llamadas telefónicas y promoción por teléfon,,no,,WWW.SERTEGIA.COM,CENTRO,83000
16,01 Dictamen IFS,no,DESARROLLOS EDUCATIVOS BABY GYM SC,1,11-30,Educación,Escuelas de educación preescolar del sector privado,,no,,WWW.BABYGYM.COM,CENTRO,83000
16,01 Dictamen IFS,no,CAM 57 SECUNDARIA,1,11-30,Educación,Escuelas del sector público de educación para necesidades especiales,,no,,,PALO VERDE,83280
16,01 Dictamen IFS,no,CENTRO ATENCION MULTIPLE ESTATAL CAME 25 EM0025V 26,1,11-30,Educación,Escuelas del sector público de educación para necesidades especiales,,no,,,LAS VILLAS,83289
16,01 Dictamen IFS,no,CDC INTERNACIONAL,1,11-30,Educación,Otros servicios educativos proporcionados por el sector público,,no,,,INTERNACIONAL,83170
16,01 Dictamen IFS,no,ESCUELA PRIMARIA ADOLFO DE LA HUERTA 26DPR1361W,1,11-30,Educación,Escuelas de educación primaria del sector público,,no,,,SAN BOSCO,83177
16,01 Dictamen IFS,no,26DPR1418G,1,11-30,Educación,Escuelas de educación primaria del sector público,,no,,,EL MIRADOR,83106
16,01 Dictamen IFS,no,26DPR1487C,1,11-30,Educación,Escuelas de educación primaria del sector público,,no,,,EL MIRADOR,83106
16,01 Dictamen IFS,no,CENTRO EDUCATIVO GARCIA RAMOS SC,1,11-30,Educación,Escuelas del sector privado que combinan diversos niveles de educación,,no,,WWW.ICADES.COM,SAN BENITO,83190
16,01 Dictamen IFS,no,ISEA,1,11-30,Educación,Escuelas del sector público que combinan diversos niveles de educación,,no,,,LA CHOLLA,83175
16,01 Dictamen IFS,no,INSTITUTO RAFAELA MORERA SA DE CV,1,11-30,Educación,Escuelas de educación primaria del sector privado,,no,,,MONTECARLO,83288
16,01 Dictamen IFS,no,HOGARES LA PROVICENCIA AC,1,11-30,Educación,Escuelas de educación primaria del sector privado,,no,,,5 DE MAYO,83010
16,01 Dictamen IFS,no,ESCUELA PRIMARIA PROFESOR CARLOS ESPINOZA MUÑOZ 1,1,11-30,Educación,Escuelas de educación primaria del sector público,,no,,,PALO VERDE,83280
16,01 Dictamen IFS,no,UNIVERSIDAD DEL TERCER MILENIO SC,1,11-30,Educación,Escuelas de educación superior del sector privado,,no,,WWW.UNID.EDU.MX,VALLE HERMOSA,83209
16,01 Dictamen IFS,no,CENTRO DE DISGNOSTICO INTEGRAL DEL NOROESTE SA DE CV,1,11-30,Salud,Laboratorios médicos y de diagnóstico del sector privado,,no,,,BENITO JUAREZ,
16,01 Dictamen IFS,no,COMISION DE PROTECCION Y ASISTENCIA DEL MENOR AC,1,11-30,Salud,Orfanatos y otras residencias de asistencia social del sector privado,,no,,,GALA II,83296
16,01 Dictamen IFS,no,INSTITUTO Y SEGURIDAD Y SERVICIOS SOCIALES DE LOS TRABAJADORES DEL ESTADO DE SONORA,1,11-30,Salud,Hospitales generales del sector público,,no,,,CENTRO,83000
16,01 Dictamen IFS,no,LA POSADA DEL BUEN SAMARITANO,1,11-30,Salud,Residencias del sector privado para el cuidado de personas con problem,,no,,POSADADELBUENSAMARITANOIAP.COM,SAN LUIS,83160
16,01 Dictamen IFS,no,PINDUSTRIAL SA DE CV,1,11-30,Salud,Consultorios de medicina especializada del sector privado,,no,,,JACINTO LOPEZ,83105
16,01 Dictamen IFS,no,SALUD EMPRESARIAL INTEGRAL DE MEXICO SA DE CV,1,11-30,Salud,Clínicas de consultorios médicos del sector privado,,no,,,CENTRO,83000
16,01 Dictamen IFS,no,RED DE SERVICIOS HOSPITALARIOS RSH SAPI DE CV,1,11-30,Salud,Consultorios de psicología del sector privado,,no,,,CENTRO,83000
16,01 Dictamen IFS,no,ARENA SONORA,1,11-30,Esparcimiento,"Promotores del sector público de espectáculos artísticos, culturales, ",,no,,,CENTRO,83000
16,01 Dictamen IFS,no,CASA CLUB VENTURA RESIDENCIAL PER SA DE CV,1,11-30,Esparcimiento,Clubes deportivos del sector privado,,no,,,VENTURA CLUB RESIDENCIAL,83166
16,01 Dictamen IFS,no,COMICION DEL DEPORTE DEL ESTADO DE SONORA,1,11-30,Esparcimiento,Centros de acondicionamiento físico del sector público,,no,,,BALDERRAMA,83190
16,01 Dictamen IFS,no,RESTAURANTE 7 PROGRESO SA DE CV,1,11-30,Hospedaje y alimentos,Restaurantes con servicio de preparación de alimentos a la carta o de ,,no,,,ALTO VALLE,83106
16,01 Dictamen IFS,no,COMERCIAL CAMIONERA DE OCCIDENTE SA DE CV,1,11-30,Hospedaje y alimentos,Restaurantes de autoservicio,,no,,WWW.LOSSENDEROS.COM.MX,EL COLOSO,
16,01 Dictamen IFS,no,PRESTIGE NIGHT CLUB S DE RL DE CV,1,11-30,Hospedaje y alimentos,"Bares, cantinas y similares",,no,,,CENTRO,83000
16,01 Dictamen IFS,no,LA CUEVA MARISCOS SC DE RL DE CV,1,11-30,Hospedaje y alimentos,Restaurantes con servicio de preparación de pescados y mariscos,,no,,LACUEVAMARISCOS.MX,CENTRO,83000
16,01 Dictamen IFS,no,LA GRAN CASONA CERVECERIA SA DE CV,1,11-30,Hospedaje y alimentos,"Bares, cantinas y similares",,no,,,CENTRO,83000
16,01 Dictamen IFS,no,LUNARIV CAFETERIAS SA DE CV,1,11-30,Hospedaje y alimentos,"Cafeterías, fuentes de sodas, neverías, refresquerías y similares",,no,,,COLOSO,83040
16,01 Dictamen IFS,no,BARZINO SA DE CV,1,11-30,Hospedaje y alimentos,"Centros nocturnos, discotecas y similares",,no,,,CENTRO,83000
16,01 Dictamen IFS,no,GRUPO KANPAI SA DE CV,1,11-30,Hospedaje y alimentos,Restaurantes con servicio de preparación de pescados y mariscos,,no,,,LOS IGUALADOS,83010
16,01 Dictamen IFS,no,PROFOOD COMEDOR INDUSTRIAL SA DE CV,1,11-30,Hospedaje y alimentos,Servicios de comedor para empresas e instituciones,,no,,,PARQUE INDUSTRIAL,83297
16,01 Dictamen IFS,no,MARKITIAN SA DE CV,1,11-30,Hospedaje y alimentos,Restaurantes con servicio de preparación de alimentos a la carta o de ,,no,,WWW.ZASSHIHERMOSILLO,CASA GRANDE 1,83246
16,01 Dictamen IFS,no,OLD WILD WEST AC,1,11-30,Hospedaje y alimentos,Restaurantes con servicio de preparación de pescados y mariscos,,no,,,EL LLANO,83210
16,01 Dictamen IFS,no,SERVICIOS DE CATERING SAN LUIS SA DE CV,1,11-30,Hospedaje y alimentos,Servicios de comedor para empresas e instituciones,,no,,WWW.CSL.CATERING.COM,CUARTA ZONA,83137
16,01 Dictamen IFS,no,EL JARDIN PORTEÑO SA DE CV,1,11-30,Hospedaje y alimentos,Restaurantes con servicio de preparación de tacos y tortas,,no,,,LOMAS DE MADRID,83103
16,01 Dictamen IFS,no,VINORA DE SONORA SAPI DE CV,1,11-30,Hospedaje y alimentos,Restaurantes con servicio de preparación de alimentos a la carta o de ,,no,,,CENTENARIO,83260
16,01 Dictamen IFS,no,SANDENI EXPERIENCES ZEN HERMOSILLO SA DE CV,1,11-30,Hospedaje y alimentos,Restaurantes de autoservicio,,no,,,LOS IGUALADOS,83010
16,01 Dictamen IFS,no,AGENCIA DE INHUMACIONES DEL NOROESTE SAPI DE CV,1,11-30,Otros servicios,Servicios funerarios,,no,,,SAN BENITO,83190
16,01 Dictamen IFS,no,MAS MULTISERVICIOS PARA EL AUTOMOVIL SA DE CV,1,11-30,Otros servicios,Lavado y lubricado de automóviles y camiones,,no,,,CORCELES RESIDENCIAL,83243
16,01 Dictamen IFS,no,CAMARA MEXICANA DE LA INDUSTRIA DE LA CONSTRUCCION,1,11-30,Otros servicios,"Asociaciones, organizaciones y cámaras de productores, comerciantes y ",,no,,WWW.CMICSONORA.ORG,RAQUET CLUB,
16,01 Dictamen IFS,no,CECRA COMERCIAL S DE RL DE CV,1,11-30,Otros servicios,"Asociaciones, organizaciones y cámaras de productores, comerciantes y ",,no,,,ZONA INDUSTRIAL,83117
16,01 Dictamen IFS,no,SISTEMA PARA EL DEARROLLO INTEGRALDE LA FAMILIA DEL ESTADO DE SONORA,1,11-30,Otros servicios,Servicios funerarios,,no,,WWW.DIFSON,LUIS ENCINAS,83138
16,01 Dictamen IFS,no,INCAR EASY SAPI DE CV,1,11-30,Otros servicios,Hojalatería y pintura de automóviles y camiones,,no,,,VILLA DE SERIS,83280
16,01 Dictamen IFS,no,FUNERARIA MALBA SA DE CV,1,11-30,Otros servicios,Servicios funerarios,,no,,,SAN BENITO,
16,01 Dictamen IFS,no,MANTENIMIENTO INDUSTRIAL GAXIOLA SA DE CV,1,11-30,Otros servicios,Reparación y mantenimiento de maquinaria y equipo industrial,,no,,,CENTRO,83000
16,01 Dictamen IFS,no,SECCION 54 DEL SINDICATO NACIONAL DE TRABAJADORES DE LA EDUCACION,1,11-30,Otros servicios,Asociaciones y organizaciones laborales y sindicales,,no,,,CENTRO,83000
16,01 Dictamen IFS,no,SINDICATO AC,1,11-30,Otros servicios,Asociaciones y organizaciones laborales y sindicales,,no,,,REVOLUCION,83078
16,01 Dictamen IFS,no,SINDICATO NACIONAL DE TRABAJADORES DE LA EDUCACION SECCION 28,1,11-30,Otros servicios,Asociaciones y organizaciones laborales y sindicales,,no,,WWW.SNTESECCION28.ORG.MX,LAS QUINTAS,83240
16,01 Dictamen IFS,no,SOFICH INDUSTRIAL S DE RL DE CV,1,11-30,Otros servicios,Lavado y lubricado de automóviles y camiones,,no,,WWW.SOFICH.MX,PARQUE INDUSTRIAL,83299
16,01 Dictamen IFS,no,JUMA MINING AND CONSTRUCTION DE MEXICO SA DE CV,1,11-30,Otros servicios,Reparación y mantenimiento de maquinaria y equipo industrial,,no,,,PALO VERDE,83280
16,01 Dictamen IFS,no,ZONDA BUS SA DE CV,1,11-30,Otros servicios,Reparación mecánica en general de automóviles y camiones,,no,,,SANTA FE,83249
